{
    "Cell": "TelSMoraVSNonaAsSHouse [CELL:014803A8]", 
    "Record Header": {
        "Signature": "REFR", 
        "Data Size": 74, 
        "Record Flags": {
            "Quest item / Persistent reference / Show in Menu": true
        }, 
        "FormID": "018585A1", 
        "Version Control Info": "00 00 00 00"
    }, 
    "NAME - Base": "0inUtUhousepodUdoorUexit [DOOR:01200028]", 
    "XTEL - Teleport Destination": {
        "Door": "[REFR:0182B43B]", 
        "Position/Rotation": {
            "Position": {
                "X": 109624.257812000000000, 
                "Y": 118278.906250000000000, 
                "Z": 538.434021000000000
            }, 
            "Rotation": {
                "X": 0.000000000000000, 
                "Y": 0.000000000000000, 
                "Z": 302.700000000000000
            }
        }
    }, 
    "DATA - Position/Rotation": {
        "Position": {
            "X": 307.998993000000000, 
            "Y": -635.521973000000000, 
            "Z": 347.983002000000000
        }, 
        "Rotation": {
            "X": 0.000000000000000, 
            "Y": 0.000000000000000, 
            "Z": 90.000000000000000
        }
    }
}
