{
    "Cell": " [CELL:014C0DA0]", 
    "Record Header": {
        "Signature": "REFR", 
        "Data Size": 58, 
        "Record Flags": {
            "Visible when distant": true
        }, 
        "FormID": "0183C9BF", 
        "Version Control Info": "00 00 00 00"
    }, 
    "NAME - Base": "0exUggUpylonU01 [STAT:010C094F]", 
    "XLOD - Distant LOD Data": {
        "Unknown #0": 0.000000000000000, 
        "Unknown #1": 0.000000000000000, 
        "Unknown #2": 1.000000000000000
    }, 
    "DATA - Position/Rotation": {
        "Position": {
            "X": 2419.709961000000000, 
            "Y": 68406.921875000000000, 
            "Z": 7168.000000000000000
        }, 
        "Rotation": {
            "X": 0.000000000000000, 
            "Y": 0.000000000000000, 
            "Z": 34.377500000000000
        }
    }
}
