{
    "Cell": " [CELL:014C0FF4]", 
    "Record Header": {
        "Signature": "REFR", 
        "Data Size": 68, 
        "Record Flags": {
            "Visible when distant": true
        }, 
        "FormID": "018413C7", 
        "Version Control Info": "00 00 00 00"
    }, 
    "NAME - Base": "0terrainUrockUbcU18 [STAT:010C08FA]", 
    "XLOD - Distant LOD Data": {
        "Unknown #0": 0.000000000000000, 
        "Unknown #1": 0.000000000000000, 
        "Unknown #2": 1.000000000000000
    }, 
    "XSCL - Scale": 2.000000000000000, 
    "DATA - Position/Rotation": {
        "Position": {
            "X": -24334.437500000000000, 
            "Y": -62498.066406000000000, 
            "Z": 253.390198000000000
        }, 
        "Rotation": {
            "X": 337.081700000000000, 
            "Y": 11.459200000000000, 
            "Z": 137.509900000000000
        }
    }
}
