{
    "Cell": "Beshara [CELL:0148013E]", 
    "Record Header": {
        "Signature": "REFR", 
        "Data Size": 74, 
        "Record Flags": {
            "Quest item / Persistent reference / Show in Menu": true
        }, 
        "FormID": "018496B0", 
        "Version Control Info": "00 00 00 00"
    }, 
    "NAME - Base": "0exUcaveUdoorU01 [DOOR:0120002F]", 
    "XTEL - Teleport Destination": {
        "Door": "[REFR:01849699]", 
        "Position/Rotation": {
            "Position": {
                "X": 54218.003906000000000, 
                "Y": -80395.882812000000000, 
                "Z": 803.937988000000000
            }, 
            "Rotation": {
                "X": 0.000000000000000, 
                "Y": 0.000000000000000, 
                "Z": 342.800000000000000
            }
        }
    }, 
    "DATA - Position/Rotation": {
        "Position": {
            "X": 2242.735107000000000, 
            "Y": 1026.791016000000000, 
            "Z": 610.630981000000000
        }, 
        "Rotation": {
            "X": 0.000000000000000, 
            "Y": 0.000000000000000, 
            "Z": 91.700000000000000
        }
    }
}
