{
    "Cell": " [CELL:014C11D3]", 
    "Record Header": {
        "Signature": "REFR", 
        "Data Size": 58, 
        "Record Flags": {
            "Visible when distant": true
        }, 
        "FormID": "0183E2EB", 
        "Version Control Info": "00 00 00 00"
    }, 
    "NAME - Base": "0terrainUrockUbcU18 [STAT:010C08FA]", 
    "XLOD - Distant LOD Data": {
        "Unknown #0": 0.000000000000000, 
        "Unknown #1": 0.000000000000000, 
        "Unknown #2": 1.000000000000000
    }, 
    "DATA - Position/Rotation": {
        "Position": {
            "X": -43126.945312000000000, 
            "Y": -18317.892578000000000, 
            "Z": 81.708023000000000
        }, 
        "Rotation": {
            "X": 354.270400000000000, 
            "Y": 11.459200000000000, 
            "Z": 348.508600000000000
        }
    }
}
