{
    "Cell": "Sulipund [CELL:0148037C]", 
    "Record Header": {
        "Signature": "REFR", 
        "Data Size": 74, 
        "Record Flags": {
            "Quest item / Persistent reference / Show in Menu": true
        }, 
        "FormID": "01824658", 
        "Version Control Info": "00 00 00 00"
    }, 
    "NAME - Base": "0inUvelothismallUndoorU01 [DOOR:01200043]", 
    "XTEL - Teleport Destination": {
        "Door": "[REFR:0183025F]", 
        "Position/Rotation": {
            "Position": {
                "X": 39537.335938000000000, 
                "Y": -3759.927002000000000, 
                "Z": 1284.990967000000000
            }, 
            "Rotation": {
                "X": 0.000000000000000, 
                "Y": 0.000000000000000, 
                "Z": 114.600000000000000
            }
        }
    }, 
    "DATA - Position/Rotation": {
        "Position": {
            "X": 896.000000000000000, 
            "Y": 1728.000000000000000, 
            "Z": -1152.000000000000000
        }, 
        "Rotation": {
            "X": 0.000000000000000, 
            "Y": 0.000000000000000, 
            "Z": 0.000000000000000
        }
    }
}
