{
    "Cell": "AldTruhnVSManorSDistrict [CELL:014800AB]", 
    "Record Header": {
        "Signature": "REFR", 
        "Data Size": 84, 
        "Record Flags": {
            "Quest item / Persistent reference / Show in Menu": true
        }, 
        "FormID": "01803FBC", 
        "Version Control Info": "00 00 00 00"
    }, 
    "NAME - Base": "0inUarUdoorU01 [DOOR:01200010]", 
    "XTEL - Teleport Destination": {
        "Door": "[REFR:01803F8A]", 
        "Position/Rotation": {
            "Position": {
                "X": -12353.000000000000000, 
                "Y": 57603.000000000000000, 
                "Z": 2620.000000000000000
            }, 
            "Rotation": {
                "X": 0.000000000000000, 
                "Y": 0.000000000000000, 
                "Z": 180.000000000000000
            }
        }
    }, 
    "XSCL - Scale": 1.020000000000000, 
    "DATA - Position/Rotation": {
        "Position": {
            "X": -70.737999000000000, 
            "Y": -2389.083984000000000, 
            "Z": -259.138000000000000
        }, 
        "Rotation": {
            "X": 0.000000000000000, 
            "Y": 0.000000000000000, 
            "Z": 0.000000000000000
        }
    }
}
