{
    "Cell": "AldTruhnVSManorSDistrict [CELL:014800AB]", 
    "Record Header": {
        "Signature": "REFR", 
        "Data Size": 74, 
        "Record Flags": {
            "Quest item / Persistent reference / Show in Menu": true
        }, 
        "FormID": "01803FC8", 
        "Version Control Info": "00 00 00 00"
    }, 
    "NAME - Base": "0inUarUdoorU01 [DOOR:01200010]", 
    "XTEL - Teleport Destination": {
        "Door": "[REFR:0180754A]", 
        "Position/Rotation": {
            "Position": {
                "X": -8.000000000000000, 
                "Y": 1333.000000000000000, 
                "Z": -91.000000000000000
            }, 
            "Rotation": {
                "X": 0.000000000000000, 
                "Y": 0.000000000000000, 
                "Z": 180.000000000000000
            }
        }
    }, 
    "DATA - Position/Rotation": {
        "Position": {
            "X": -795.451599000000000, 
            "Y": -1423.624512000000000, 
            "Z": 89.428474000000000
        }, 
        "Rotation": {
            "X": 0.000000000000000, 
            "Y": 0.000000000000000, 
            "Z": 40.100000000000000
        }
    }
}
