{
    "Cell": "TelSMora02 [CELL:014C048E]", 
    "Record Header": {
        "Signature": "REFR", 
        "Data Size": 58, 
        "Record Flags": {
            "Visible when distant": true
        }, 
        "FormID": "01827C67", 
        "Version Control Info": "00 00 00 00"
    }, 
    "NAME - Base": "0ExUTUmenhirULU01 [STAT:010C0429]", 
    "XLOD - Distant LOD Data": {
        "Unknown #0": 0.000000000000000, 
        "Unknown #1": 0.000000000000000, 
        "Unknown #2": 1.000000000000000
    }, 
    "DATA - Position/Rotation": {
        "Position": {
            "X": 106717.929687000000000, 
            "Y": 120031.500000000000000, 
            "Z": -247.579498000000000
        }, 
        "Rotation": {
            "X": 0.000000000000000, 
            "Y": 6.016100000000000, 
            "Z": 53.285100000000000
        }
    }
}
