{
    "Cell": " [CELL:014C0C2C]", 
    "Record Header": {
        "Signature": "REFR", 
        "Data Size": 68, 
        "Record Flags": {
            "Visible when distant": true
        }, 
        "FormID": "01840D1A", 
        "Version Control Info": "00 00 00 00"
    }, 
    "NAME - Base": "0terrainUrockUrmU22 [STAT:010C04F1]", 
    "XLOD - Distant LOD Data": {
        "Unknown #0": 0.000000000000000, 
        "Unknown #1": 0.000000000000000, 
        "Unknown #2": 1.000000000000000
    }, 
    "XSCL - Scale": 1.680000000000000, 
    "DATA - Position/Rotation": {
        "Position": {
            "X": 18113.476562000000000, 
            "Y": 90240.031250000000000, 
            "Z": 12207.246094000000000
        }, 
        "Rotation": {
            "X": 0.000000000000000, 
            "Y": 0.000000000000000, 
            "Z": 233.949400000000000
        }
    }
}
