{
    "Cell": " [CELL:014C0D19]", 
    "Record Header": {
        "Signature": "REFR", 
        "Data Size": 68, 
        "Record Flags": {
            "Visible when distant": true
        }, 
        "FormID": "018280C5", 
        "Version Control Info": "00 00 00 00"
    }, 
    "NAME - Base": "0terrainUrockUmaU57 [STAT:010C0870]", 
    "XLOD - Distant LOD Data": {
        "Unknown #0": 0.000000000000000, 
        "Unknown #1": 0.000000000000000, 
        "Unknown #2": 1.000000000000000
    }, 
    "XSCL - Scale": 0.630000000000000, 
    "DATA - Position/Rotation": {
        "Position": {
            "X": 13759.619141000000000, 
            "Y": -21262.841797000000000, 
            "Z": 1237.628662000000000
        }, 
        "Rotation": {
            "X": 34.377500000000000, 
            "Y": 0.000000000000000, 
            "Z": 268.326900000000000
        }
    }
}
