{
    "Cell": "MournholdSTempleXSInfirmary [CELL:014804CD]", 
    "Record Header": {
        "Signature": "REFR", 
        "Data Size": 74, 
        "Record Flags": {
            "Quest item / Persistent reference / Show in Menu": true
        }, 
        "FormID": "01F03BD0", 
        "Version Control Info": "00 00 00 00"
    }, 
    "NAME - Base": "0InUMHUdoorU02 [DOOR:01200093]", 
    "XTEL - Teleport Destination": {
        "Door": "[REFR:01F03AAA]", 
        "Position/Rotation": {
            "Position": {
                "X": -512.000000000000000, 
                "Y": -1664.000000000000000, 
                "Z": -236.000000000000000
            }, 
            "Rotation": {
                "X": 0.000000000000000, 
                "Y": 0.000000000000000, 
                "Z": 90.000000000000000
            }
        }
    }, 
    "DATA - Position/Rotation": {
        "Position": {
            "X": 2368.000000000000000, 
            "Y": 2560.000000000000000, 
            "Z": 14976.000000000000000
        }, 
        "Rotation": {
            "X": 0.000000000000000, 
            "Y": 0.000000000000000, 
            "Z": 0.000000000000000
        }
    }
}
