{
    "Cell": "MournholdSTempleXSInfirmary [CELL:014804CD]", 
    "Record Header": {
        "Signature": "REFR", 
        "Data Size": 74, 
        "Record Flags": {
            "Quest item / Persistent reference / Show in Menu": true
        }, 
        "FormID": "01F03BCE", 
        "Version Control Info": "00 00 00 00"
    }, 
    "NAME - Base": "0InUMHUdoorU02Uchapel [DOOR:012000B5]", 
    "XTEL - Teleport Destination": {
        "Door": "[REFR:01F03B62]", 
        "Position/Rotation": {
            "Position": {
                "X": 847.620911000000000, 
                "Y": -429.260162000000000, 
                "Z": -723.571472000000000
            }, 
            "Rotation": {
                "X": 0.000000000000000, 
                "Y": 0.000000000000000, 
                "Z": 296.974600000000000
            }
        }
    }, 
    "DATA - Position/Rotation": {
        "Position": {
            "X": 4032.000000000000000, 
            "Y": 3200.000000000000000, 
            "Z": 15104.000000000000000
        }, 
        "Rotation": {
            "X": 0.000000000000000, 
            "Y": 0.000000000000000, 
            "Z": 0.000000000000000
        }
    }
}
