{
    "Cell": "Nallit [CELL:014802AE]", 
    "Record Header": {
        "Signature": "REFR", 
        "Data Size": 74, 
        "Record Flags": {
            "Quest item / Persistent reference / Show in Menu": true
        }, 
        "FormID": "0184760D", 
        "Version Control Info": "00 00 00 00"
    }, 
    "NAME - Base": "0exUcaveUdoorU01 [DOOR:0120002F]", 
    "XTEL - Teleport Destination": {
        "Door": "[REFR:01822026]", 
        "Position/Rotation": {
            "Position": {
                "X": 113574.500000000000000, 
                "Y": 58763.457031000000000, 
                "Z": 793.357971000000000
            }, 
            "Rotation": {
                "X": 0.000000000000000, 
                "Y": 0.000000000000000, 
                "Z": 274.100000000000000
            }
        }
    }, 
    "DATA - Position/Rotation": {
        "Position": {
            "X": 1538.057983000000000, 
            "Y": 2256.337891000000000, 
            "Z": 874.690002000000000
        }, 
        "Rotation": {
            "X": 0.000000000000000, 
            "Y": 0.000000000000000, 
            "Z": 183.300000000000000
        }
    }
}
