{
    "Cell": " [CELL:014C109E]", 
    "Record Header": {
        "Signature": "REFR", 
        "Data Size": 58, 
        "Record Flags": {
            "Visible when distant": true
        }, 
        "FormID": "018414B1", 
        "Version Control Info": "00 00 00 00"
    }, 
    "NAME - Base": "0terrainUrockUbcU18 [STAT:010C08FA]", 
    "XLOD - Distant LOD Data": {
        "Unknown #0": 0.000000000000000, 
        "Unknown #1": 0.000000000000000, 
        "Unknown #2": 1.000000000000000
    }, 
    "DATA - Position/Rotation": {
        "Position": {
            "X": -31131.525391000000000, 
            "Y": -58226.238281000000000, 
            "Z": 99.044739000000000
        }, 
        "Rotation": {
            "X": 0.000000000000000, 
            "Y": 354.270400000000000, 
            "Z": 269.258000000000000
        }
    }
}
