{
    "Cell": "ArkngthandVSLandAsSBloodSGallery [CELL:014800DD]", 
    "Record Header": {
        "Signature": "REFR", 
        "Data Size": 74, 
        "Record Flags": {
            "Quest item / Persistent reference / Show in Menu": true
        }, 
        "FormID": "0185A44E", 
        "Version Control Info": "00 00 00 00"
    }, 
    "NAME - Base": "0doorUdwrvUload00 [DOOR:01200033]", 
    "XTEL - Teleport Destination": {
        "Door": "[REFR:0185A25C]", 
        "Position/Rotation": {
            "Position": {
                "X": -159.999786000000000, 
                "Y": 4992.000000000000000, 
                "Z": 964.000000000000000
            }, 
            "Rotation": {
                "X": 0.000000000000000, 
                "Y": 0.000000000000000, 
                "Z": 90.000000000000000
            }
        }
    }, 
    "DATA - Position/Rotation": {
        "Position": {
            "X": 1296.000000000000000, 
            "Y": -208.000000000000000, 
            "Z": 1296.000000000000000
        }, 
        "Rotation": {
            "X": 0.000000000000000, 
            "Y": 0.000000000000000, 
            "Z": 90.000000000000000
        }
    }
}
