{
    "Cell": "UnmarkedSShipwreckVSUpperSLevel [CELL:014803DE]", 
    "Record Header": {
        "Signature": "REFR", 
        "Data Size": 74, 
        "Record Flags": {
            "Quest item / Persistent reference / Show in Menu": true
        }, 
        "FormID": "0184DA75", 
        "Version Control Info": "00 00 00 00"
    }, 
    "NAME - Base": "0inUdeUshipdoorUtoplevel [DOOR:0120006F]", 
    "XTEL - Teleport Destination": {
        "Door": "[REFR:0184D9F0]", 
        "Position/Rotation": {
            "Position": {
                "X": 3600.248291000000000, 
                "Y": 2904.420898000000000, 
                "Z": -1197.481445000000000
            }, 
            "Rotation": {
                "X": 0.000000000000000, 
                "Y": 0.000000000000000, 
                "Z": 49.600000000000000
            }
        }
    }, 
    "DATA - Position/Rotation": {
        "Position": {
            "X": 3252.986084000000000, 
            "Y": 3891.965088000000000, 
            "Z": -1535.734009000000000
        }, 
        "Rotation": {
            "X": 309.000000000000000, 
            "Y": 10.000000000000000, 
            "Z": 233.000000000000000
        }
    }
}
