{
    "Cell": " [CELL:014C0DD3]", 
    "Record Header": {
        "Signature": "REFR", 
        "Data Size": 68, 
        "Record Flags": {
            "Visible when distant": true
        }, 
        "FormID": "01857CB9", 
        "Version Control Info": "00 00 00 00"
    }, 
    "NAME - Base": "0terrainUrockUrmU17 [STAT:010C04EC]", 
    "XLOD - Distant LOD Data": {
        "Unknown #0": 0.000000000000000, 
        "Unknown #1": 0.000000000000000, 
        "Unknown #2": 1.000000000000000
    }, 
    "XSCL - Scale": 1.820000000000000, 
    "DATA - Position/Rotation": {
        "Position": {
            "X": 6873.633301000000000, 
            "Y": -25633.525391000000000, 
            "Z": 2591.417480000000000
        }, 
        "Rotation": {
            "X": 17.188700000000000, 
            "Y": 0.000000000000000, 
            "Z": 17.188700000000000
        }
    }
}
