{
    "Cell": "HelasSAncestralSTomb [CELL:01480209]", 
    "Record Header": {
        "Signature": "REFR", 
        "Data Size": 84, 
        "Record Flags": {
            "Quest item / Persistent reference / Show in Menu": true
        }, 
        "FormID": "0182A17C", 
        "Version Control Info": "00 00 00 00"
    }, 
    "NAME - Base": "0inUvelothismallUndoorU01 [DOOR:01200043]", 
    "XTEL - Teleport Destination": {
        "Door": "[REFR:0182DC30]", 
        "Position/Rotation": {
            "Position": {
                "X": 43918.035156000000000, 
                "Y": 44488.429688000000000, 
                "Z": 2465.519043000000000
            }, 
            "Rotation": {
                "X": 0.000000000000000, 
                "Y": 0.000000000000000, 
                "Z": 199.600000000000000
            }
        }
    }, 
    "XSCL - Scale": 1.010000000000000, 
    "DATA - Position/Rotation": {
        "Position": {
            "X": -2301.197021000000000, 
            "Y": 927.159973000000000, 
            "Z": 288.026001000000000
        }, 
        "Rotation": {
            "X": 0.000000000000000, 
            "Y": 0.000000000000000, 
            "Z": 180.000000000000000
        }
    }
}
