{
    "Cell": " [CELL:014C1531]", 
    "Record Header": {
        "Signature": "REFR", 
        "Data Size": 58, 
        "Record Flags": {
            "Visible when distant": true
        }, 
        "FormID": "018066FF", 
        "Version Control Info": "00 00 00 00"
    }, 
    "NAME - Base": "0terrainUrockUwgU12 [STAT:010C0491]", 
    "XLOD - Distant LOD Data": {
        "Unknown #0": 0.000000000000000, 
        "Unknown #1": 0.000000000000000, 
        "Unknown #2": 1.000000000000000
    }, 
    "DATA - Position/Rotation": {
        "Position": {
            "X": -110327.453125000000000, 
            "Y": 116882.750000000000000, 
            "Z": 640.240540000000000
        }, 
        "Rotation": {
            "X": 0.000000000000000, 
            "Y": 0.000000000000000, 
            "Z": 182.383100000000000
        }
    }
}
