{
    "Cell": " [CELL:014C0A28]", 
    "Record Header": {
        "Signature": "REFR", 
        "Data Size": 58, 
        "Record Flags": {
            "Visible when distant": true
        }, 
        "FormID": "0183C95B", 
        "Version Control Info": "00 00 00 00"
    }, 
    "NAME - Base": "mwGGFence03 [ACTI:01008481]", 
    "XLOD - Distant LOD Data": {
        "Unknown #0": 0.000000000000000, 
        "Unknown #1": 0.000000000000000, 
        "Unknown #2": 1.000000000000000
    }, 
    "DATA - Position/Rotation": {
        "Position": {
            "X": 44437.183594000000000, 
            "Y": 68444.890625000000000, 
            "Z": 9984.000000000000000
        }, 
        "Rotation": {
            "X": 0.000000000000000, 
            "Y": 0.000000000000000, 
            "Z": 108.900000000000000
        }
    }
}
