{
    "Cell": " [CELL:014C12B6]", 
    "Record Header": {
        "Signature": "REFR", 
        "Data Size": 58, 
        "Record Flags": {
            "Visible when distant": true
        }, 
        "FormID": "0181091E", 
        "Version Control Info": "00 00 00 00"
    }, 
    "NAME - Base": "0terrainUrockUwgU08 [STAT:010C048D]", 
    "XLOD - Distant LOD Data": {
        "Unknown #0": 0.000000000000000, 
        "Unknown #1": 0.000000000000000, 
        "Unknown #2": 1.000000000000000
    }, 
    "DATA - Position/Rotation": {
        "Position": {
            "X": -63720.492187000000000, 
            "Y": 139169.781250000000000, 
            "Z": 634.229004000000000
        }, 
        "Rotation": {
            "X": 0.000000000000000, 
            "Y": 337.081700000000000, 
            "Z": 309.397200000000000
        }
    }
}
