{
    "Cell": "OldSMournholdXSResidentialSSewers [CELL:01480505]", 
    "Record Header": {
        "Signature": "REFR", 
        "Data Size": 74, 
        "Record Flags": {
            "Quest item / Persistent reference / Show in Menu": true
        }, 
        "FormID": "01F061C3", 
        "Version Control Info": "00 00 00 00"
    }, 
    "NAME - Base": "0InUMUsewerUdoorU01 [DOOR:01200090]", 
    "XTEL - Teleport Destination": {
        "Door": "[REFR:01F05C5B]", 
        "Position/Rotation": {
            "Position": {
                "X": -353.750671000000000, 
                "Y": 180.570496000000000, 
                "Z": 745.320557000000000
            }, 
            "Rotation": {
                "X": 0.000000000000000, 
                "Y": 0.000000000000000, 
                "Z": 0.000000000000000
            }
        }
    }, 
    "DATA - Position/Rotation": {
        "Position": {
            "X": -3551.271729000000000, 
            "Y": 12159.191406000000000, 
            "Z": 415.887238000000000
        }, 
        "Rotation": {
            "X": 0.000000000000000, 
            "Y": 0.000000000000000, 
            "Z": 270.000000000000000
        }
    }
}
