{
    "Cell": "OldSMournholdXSResidentialSSewers [CELL:01480505]", 
    "Record Header": {
        "Signature": "REFR", 
        "Data Size": 84, 
        "Record Flags": {
            "Quest item / Persistent reference / Show in Menu": true
        }, 
        "FormID": "01F061C4", 
        "Version Control Info": "00 00 00 00"
    }, 
    "NAME - Base": "0inUmUsewerUtrapdoorU01 [DOOR:0120008F]", 
    "XTEL - Teleport Destination": {
        "Door": "[REFR:01F0694A]", 
        "Position/Rotation": {
            "Position": {
                "X": 4084.935303000000000, 
                "Y": 11625.112305000000000, 
                "Z": -742.688416000000000
            }, 
            "Rotation": {
                "X": 0.000000000000000, 
                "Y": 0.000000000000000, 
                "Z": 180.000000000000000
            }
        }
    }, 
    "XSCL - Scale": 0.920000000000000, 
    "DATA - Position/Rotation": {
        "Position": {
            "X": -1619.373413000000000, 
            "Y": 8075.563965000000000, 
            "Z": 1006.537476000000000
        }, 
        "Rotation": {
            "X": 0.000000000000000, 
            "Y": 0.000000000000000, 
            "Z": 226.673200000000000
        }
    }
}
