{
    "Cell": " [CELL:014C17ED]", 
    "Record Header": {
        "Signature": "REFR", 
        "Data Size": 58, 
        "Record Flags": {
            "Visible when distant": true
        }, 
        "FormID": "01F0062B", 
        "Version Control Info": "00 00 00 00"
    }, 
    "NAME - Base": "0TerrainUBMUicelayerU01 [STAT:010C0C80]", 
    "XLOD - Distant LOD Data": {
        "Unknown #0": 0.000000000000000, 
        "Unknown #1": 0.000000000000000, 
        "Unknown #2": 1.000000000000000
    }, 
    "DATA - Position/Rotation": {
        "Position": {
            "X": -205440.000000000000000, 
            "Y": 208384.000000000000000, 
            "Z": 0.000000000000000
        }, 
        "Rotation": {
            "X": 0.000000000000000, 
            "Y": 0.000000000000000, 
            "Z": 0.000000000000000
        }
    }
}
