{
    "Cell": "TelSUvirithVSSelethAsSHouse [CELL:014803B0]", 
    "Record Header": {
        "Signature": "REFR", 
        "Data Size": 74, 
        "Record Flags": {
            "Quest item / Persistent reference / Show in Menu": true
        }, 
        "FormID": "01843799", 
        "Version Control Info": "00 00 00 00"
    }, 
    "NAME - Base": "0inUtUhousepodUdoorUexit [DOOR:01200028]", 
    "XTEL - Teleport Destination": {
        "Door": "[REFR:01842D5F]", 
        "Position/Rotation": {
            "Position": {
                "X": 89848.000000000000000, 
                "Y": 9376.000000000000000, 
                "Z": 1900.329712000000000
            }, 
            "Rotation": {
                "X": 0.000000000000000, 
                "Y": 0.000000000000000, 
                "Z": 0.000000000000000
            }
        }
    }, 
    "DATA - Position/Rotation": {
        "Position": {
            "X": 320.000000000000000, 
            "Y": -88.000000000000000, 
            "Z": -272.000000000000000
        }, 
        "Rotation": {
            "X": 0.000000000000000, 
            "Y": 0.000000000000000, 
            "Z": 90.000000000000000
        }
    }
}
