{
    "Cell": "SadrithSMoraVSGatewaySInnXSNorthSWing [CELL:0148030E]", 
    "Record Header": {
        "Signature": "REFR", 
        "Data Size": 74, 
        "Record Flags": {
            "Quest item / Persistent reference / Show in Menu": true
        }, 
        "FormID": "01850E52", 
        "Version Control Info": "00 00 00 00"
    }, 
    "NAME - Base": "0inUtUsUplainUdoor [DOOR:0120002A]", 
    "XTEL - Teleport Destination": {
        "Door": "[REFR:01850DD4]", 
        "Position/Rotation": {
            "Position": {
                "X": -796.504883000000000, 
                "Y": 1460.431152000000000, 
                "Z": -239.770584000000000
            }, 
            "Rotation": {
                "X": 0.000000000000000, 
                "Y": 0.000000000000000, 
                "Z": 180.000000000000000
            }
        }
    }, 
    "DATA - Position/Rotation": {
        "Position": {
            "X": 224.000000000000000, 
            "Y": -384.000000000000000, 
            "Z": 368.000000000000000
        }, 
        "Rotation": {
            "X": 0.000000000000000, 
            "Y": 0.000000000000000, 
            "Z": 0.000000000000000
        }
    }
}
