{
    "Cell": "SadrithSMoraVSGatewaySInnXSNorthSWing [CELL:0148030E]", 
    "Record Header": {
        "Signature": "REFR", 
        "Data Size": 74, 
        "Record Flags": {
            "Quest item / Persistent reference / Show in Menu": true
        }, 
        "FormID": "01850E4D", 
        "Version Control Info": "00 00 00 00"
    }, 
    "NAME - Base": "0inUtUsUplainUdoor [DOOR:0120002A]", 
    "XTEL - Teleport Destination": {
        "Door": "[REFR:0185098A]", 
        "Position/Rotation": {
            "Position": {
                "X": 3632.000000000000000, 
                "Y": 4672.000000000000000, 
                "Z": 804.000000000000000
            }, 
            "Rotation": {
                "X": 0.000000000000000, 
                "Y": 0.000000000000000, 
                "Z": 90.000000000000000
            }
        }
    }, 
    "DATA - Position/Rotation": {
        "Position": {
            "X": 560.000000000000000, 
            "Y": -80.000000000000000, 
            "Z": 368.000000000000000
        }, 
        "Rotation": {
            "X": 0.000000000000000, 
            "Y": 0.000000000000000, 
            "Z": 90.000000000000000
        }
    }
}
