{
    "Cell": " [CELL:014C0CB6]", 
    "Record Header": {
        "Signature": "REFR", 
        "Data Size": 68, 
        "Record Flags": {
            "Visible when distant": true
        }, 
        "FormID": "0181EB1E", 
        "Version Control Info": "00 00 00 00"
    }, 
    "NAME - Base": "0ExUTUmenhirULU01 [STAT:010C0429]", 
    "XLOD - Distant LOD Data": {
        "Unknown #0": 0.000000000000000, 
        "Unknown #1": 0.000000000000000, 
        "Unknown #2": 1.000000000000000
    }, 
    "XSCL - Scale": 1.470000000000000, 
    "DATA - Position/Rotation": {
        "Position": {
            "X": 10035.333984000000000, 
            "Y": 187299.187500000000000, 
            "Z": -430.119995000000000
        }, 
        "Rotation": {
            "X": 346.157800000000000, 
            "Y": 43.453400000000000, 
            "Z": 31.031100000000000
        }
    }
}
