{
    "Cell": "SeydaSNeenVSCensusSandSExciseSWarehouse [CELL:0148034D]", 
    "Record Header": {
        "Signature": "REFR", 
        "Data Size": 84, 
        "Record Flags": {
            "Quest item / Persistent reference / Show in Menu": true
        }, 
        "FormID": "0184E99D", 
        "Version Control Info": "00 00 00 00"
    }, 
    "NAME - Base": "0exUnordUdoorU01 [DOOR:01200007]", 
    "XTEL - Teleport Destination": {
        "Door": "[REFR:01823CB1]", 
        "Position/Rotation": {
            "Position": {
                "X": -9844.303711000000000, 
                "Y": -72455.937500000000000, 
                "Z": 639.267090000000000
            }, 
            "Rotation": {
                "X": 0.000000000000000, 
                "Y": 0.000000000000000, 
                "Z": 135.000000000000000
            }
        }
    }, 
    "XSCL - Scale": 1.260000000000000, 
    "DATA - Position/Rotation": {
        "Position": {
            "X": -377.855988000000000, 
            "Y": 784.671997000000000, 
            "Z": 364.777008000000000
        }, 
        "Rotation": {
            "X": 0.000000000000000, 
            "Y": 0.000000000000000, 
            "Z": 270.000000000000000
        }
    }
}
