{
    "Cell": " [CELL:014C0BAC]", 
    "Record Header": {
        "Signature": "REFR", 
        "Data Size": 68, 
        "Record Flags": {
            "Visible when distant": true
        }, 
        "FormID": "0182ABFF", 
        "Version Control Info": "00 00 00 00"
    }, 
    "NAME - Base": "0terrainUrockUmaU57 [STAT:010C0870]", 
    "XLOD - Distant LOD Data": {
        "Unknown #0": 0.000000000000000, 
        "Unknown #1": 0.000000000000000, 
        "Unknown #2": 1.000000000000000
    }, 
    "XSCL - Scale": 0.550000000000000, 
    "DATA - Position/Rotation": {
        "Position": {
            "X": 26656.740234000000000, 
            "Y": -5353.895020000000000, 
            "Z": 595.721619000000000
        }, 
        "Rotation": {
            "X": 0.000000000000000, 
            "Y": 22.900000000000000, 
            "Z": 136.566200000000000
        }
    }
}
