{
    "Cell": "SolstheimVSSjobal [CELL:01480581]", 
    "Record Header": {
        "Signature": "REFR", 
        "Data Size": 74, 
        "Record Flags": {
            "Quest item / Persistent reference / Show in Menu": true
        }, 
        "FormID": "01F09BFB", 
        "Version Control Info": "00 00 00 00"
    }, 
    "NAME - Base": "0BMUICUdoorUpelt [DOOR:012000E9]", 
    "XTEL - Teleport Destination": {
        "Door": "[REFR:01F02F7D]", 
        "Position/Rotation": {
            "Position": {
                "X": -149273.906250000000000, 
                "Y": 200890.265625000000000, 
                "Z": 1128.370117000000000
            }, 
            "Rotation": {
                "X": 0.000000000000000, 
                "Y": 0.000000000000000, 
                "Z": 90.000000000000000
            }
        }
    }, 
    "DATA - Position/Rotation": {
        "Position": {
            "X": -31.908144000000000, 
            "Y": -609.621094000000000, 
            "Z": 14.438081000000000
        }, 
        "Rotation": {
            "X": 0.000000000000000, 
            "Y": 0.000000000000000, 
            "Z": 90.000000000000000
        }
    }
}
