{
    "Cell": " [CELL:014C12FD]", 
    "Record Header": {
        "Signature": "REFR", 
        "Data Size": 58, 
        "Record Flags": {
            "Visible when distant": true
        }, 
        "FormID": "0183A0AE", 
        "Version Control Info": "00 00 00 00"
    }, 
    "NAME - Base": "0terrainUrockUbcU18 [STAT:010C08FA]", 
    "XLOD - Distant LOD Data": {
        "Unknown #0": 0.000000000000000, 
        "Unknown #1": 0.000000000000000, 
        "Unknown #2": 1.000000000000000
    }, 
    "DATA - Position/Rotation": {
        "Position": {
            "X": -57975.113281000000000, 
            "Y": -12337.997070000000000, 
            "Z": -147.128983000000000
        }, 
        "Rotation": {
            "X": 348.540900000000000, 
            "Y": 11.459200000000000, 
            "Z": 302.704200000000000
        }
    }
}
