{
    "Cell": "RavelSAncestralSTomb [CELL:014802F3]", 
    "Record Header": {
        "Signature": "REFR", 
        "Data Size": 74, 
        "Record Flags": {
            "Quest item / Persistent reference / Show in Menu": true
        }, 
        "FormID": "018258C3", 
        "Version Control Info": "00 00 00 00"
    }, 
    "NAME - Base": "0inUvelothismallUndoorU01 [DOOR:01200043]", 
    "XTEL - Teleport Destination": {
        "Door": "[REFR:0184D098]", 
        "Position/Rotation": {
            "Position": {
                "X": 150097.140625000000000, 
                "Y": -38610.964844000000000, 
                "Z": 1228.383057000000000
            }, 
            "Rotation": {
                "X": 0.000000000000000, 
                "Y": 0.000000000000000, 
                "Z": 5.700000000000000
            }
        }
    }, 
    "DATA - Position/Rotation": {
        "Position": {
            "X": -1112.000000000000000, 
            "Y": 2723.999756000000000, 
            "Z": 256.000031000000000
        }, 
        "Rotation": {
            "X": 0.000000000000000, 
            "Y": 0.000000000000000, 
            "Z": 90.000000000000000
        }
    }
}
