{
    "Cell": "MountSAssarnibibi03 [CELL:014C0437]", 
    "Record Header": {
        "Signature": "REFR", 
        "Data Size": 68, 
        "Record Flags": {
            "Visible when distant": true
        }, 
        "FormID": "0183726F", 
        "Version Control Info": "00 00 00 00"
    }, 
    "NAME - Base": "0terrainUrockUmaU54 [STAT:010C087E]", 
    "XLOD - Distant LOD Data": {
        "Unknown #0": 0.000000000000000, 
        "Unknown #1": 0.000000000000000, 
        "Unknown #2": 1.000000000000000
    }, 
    "XSCL - Scale": 1.730000000000000, 
    "DATA - Position/Rotation": {
        "Position": {
            "X": 120977.656250000000000, 
            "Y": -27851.154297000000000, 
            "Z": 4630.787598000000000
        }, 
        "Rotation": {
            "X": 0.000000000000000, 
            "Y": 0.000000000000000, 
            "Z": 354.240900000000000
        }
    }
}
