{
    "Cell": "MountSAssarnibibi03 [CELL:014C0437]", 
    "Record Header": {
        "Signature": "REFR", 
        "Data Size": 68, 
        "Record Flags": {
            "Visible when distant": true
        }, 
        "FormID": "01837268", 
        "Version Control Info": "00 00 00 00"
    }, 
    "NAME - Base": "0terrainUrockUmaU54 [STAT:010C087E]", 
    "XLOD - Distant LOD Data": {
        "Unknown #0": 0.000000000000000, 
        "Unknown #1": 0.000000000000000, 
        "Unknown #2": 1.000000000000000
    }, 
    "XSCL - Scale": 1.270000000000000, 
    "DATA - Position/Rotation": {
        "Position": {
            "X": 119649.585937000000000, 
            "Y": -28613.535156000000000, 
            "Z": 4702.923828000000000
        }, 
        "Rotation": {
            "X": 0.000000000000000, 
            "Y": 0.000000000000000, 
            "Z": 136.500000000000000
        }
    }
}
