{
    "Cell": " [CELL:014C11BD]", 
    "Record Header": {
        "Signature": "REFR", 
        "Data Size": 58, 
        "Record Flags": {
            "Visible when distant": true
        }, 
        "FormID": "01837F70", 
        "Version Control Info": "00 00 00 00"
    }, 
    "NAME - Base": "0terrainUrockUbcU18 [STAT:010C08FA]", 
    "XLOD - Distant LOD Data": {
        "Unknown #0": 0.000000000000000, 
        "Unknown #1": 0.000000000000000, 
        "Unknown #2": 1.000000000000000
    }, 
    "DATA - Position/Rotation": {
        "Position": {
            "X": -43956.804688000000000, 
            "Y": 17484.373047000000000, 
            "Z": 131.377762000000000
        }, 
        "Rotation": {
            "X": 17.188700000000000, 
            "Y": 354.270400000000000, 
            "Z": 189.043800000000000
        }
    }
}
