{
    "Cell": "FiremothVSLowerSCavern [CELL:01480594]", 
    "Record Header": {
        "Signature": "REFR", 
        "Data Size": 84, 
        "Record Flags": {
            "Quest item / Persistent reference / Show in Menu": true
        }, 
        "FormID": "01F8E5CD", 
        "Version Control Info": "00 00 00 00"
    }, 
    "NAME - Base": "0inUvelothismallUndoorU01 [DOOR:01200043]", 
    "XTEL - Teleport Destination": {
        "Door": "[REFR:01F8E5D8]", 
        "Position/Rotation": {
            "Position": {
                "X": 3.050806000000000, 
                "Y": -173.622391000000000, 
                "Z": -255.999908000000000
            }, 
            "Rotation": {
                "X": 0.000000000000000, 
                "Y": 0.000000000000000, 
                "Z": 0.000100000000000
            }
        }
    }, 
    "XSCL - Scale": 1.010000000000000, 
    "DATA - Position/Rotation": {
        "Position": {
            "X": 2297.035889000000000, 
            "Y": 3373.083984000000000, 
            "Z": -64.426003000000000
        }, 
        "Rotation": {
            "X": 0.000000000000000, 
            "Y": 0.000000000000000, 
            "Z": 90.000000000000000
        }
    }
}
