{
    "Cell": "Ashurnibibi02 [CELL:014C1272]", 
    "Record Header": {
        "Signature": "REFR", 
        "Data Size": 58, 
        "Record Flags": {
            "Visible when distant": true
        }, 
        "FormID": "0183EA1E", 
        "Version Control Info": "00 00 00 00"
    }, 
    "NAME - Base": "0terrainUrockUbcU18 [STAT:010C08FA]", 
    "XLOD - Distant LOD Data": {
        "Unknown #0": 0.000000000000000, 
        "Unknown #1": 0.000000000000000, 
        "Unknown #2": 1.000000000000000
    }, 
    "DATA - Position/Rotation": {
        "Position": {
            "X": -55248.347656000000000, 
            "Y": -25798.005859000000000, 
            "Z": 62.181610000000000
        }, 
        "Rotation": {
            "X": 348.540800000000000, 
            "Y": 354.270400000000000, 
            "Z": 252.101400000000000
        }
    }
}
