{
    "Cell": "VivecVSTelvanniSPlaza [CELL:01480487]", 
    "Record Header": {
        "Signature": "REFR", 
        "Data Size": 74, 
        "Record Flags": {
            "Quest item / Persistent reference / Show in Menu": true
        }, 
        "FormID": "01872123", 
        "Version Control Info": "00 00 00 00"
    }, 
    "NAME - Base": "0exUvelothiUloaddoorU01 [DOOR:01200034]", 
    "XTEL - Teleport Destination": {
        "Door": "[REFR:01831D5C]", 
        "Position/Rotation": {
            "Position": {
                "X": 1.730929000000000, 
                "Y": 127.454674000000000, 
                "Z": -233.746597000000000
            }, 
            "Rotation": {
                "X": 0.000000000000000, 
                "Y": 0.000000000000000, 
                "Z": 180.000000000000000
            }
        }
    }, 
    "DATA - Position/Rotation": {
        "Position": {
            "X": 682.902344000000000, 
            "Y": -1025.359375000000000, 
            "Z": -928.891113000000000
        }, 
        "Rotation": {
            "X": 0.000000000000000, 
            "Y": 0.000000000000000, 
            "Z": 0.000000000000000
        }
    }
}
