{
    "Cell": " [CELL:014C06C7]", 
    "Record Header": {
        "Signature": "REFR", 
        "Data Size": 68, 
        "Record Flags": {
            "Visible when distant": true
        }, 
        "FormID": "0185CAA6", 
        "Version Control Info": "00 00 00 00"
    }, 
    "NAME - Base": "0terrainUrockUmaU54 [STAT:010C087E]", 
    "XLOD - Distant LOD Data": {
        "Unknown #0": 0.000000000000000, 
        "Unknown #1": 0.000000000000000, 
        "Unknown #2": 1.000000000000000
    }, 
    "XSCL - Scale": 2.000000000000000, 
    "DATA - Position/Rotation": {
        "Position": {
            "X": 87396.820312000000000, 
            "Y": -11159.365234000000000, 
            "Z": 2776.200684000000000
        }, 
        "Rotation": {
            "X": 5.729600000000000, 
            "Y": 5.729600000000000, 
            "Z": 57.296000000000000
        }
    }
}
