{
    "Cell": " [CELL:014C0C07]", 
    "Record Header": {
        "Signature": "REFR", 
        "Data Size": 68, 
        "Record Flags": {
            "Visible when distant": true
        }, 
        "FormID": "018579C7", 
        "Version Control Info": "00 00 00 00"
    }, 
    "NAME - Base": "0ExUTUmenhirULU01 [STAT:010C0429]", 
    "XLOD - Distant LOD Data": {
        "Unknown #0": 0.000000000000000, 
        "Unknown #1": 0.000000000000000, 
        "Unknown #2": 1.000000000000000
    }, 
    "XSCL - Scale": 2.000000000000000, 
    "DATA - Position/Rotation": {
        "Position": {
            "X": 22315.015625000000000, 
            "Y": 178210.187500000000000, 
            "Z": 542.854065000000000
        }, 
        "Rotation": {
            "X": 5.700000000000000, 
            "Y": 0.000000000000000, 
            "Z": 228.257800000000000
        }
    }
}
