{
    "Cell": " [CELL:014C0892]", 
    "Record Header": {
        "Signature": "REFR", 
        "Data Size": 58, 
        "Record Flags": {
            "Visible when distant": true
        }, 
        "FormID": "01828974", 
        "Version Control Info": "00 00 00 00"
    }, 
    "NAME - Base": "0ExUTUmenhirULU01 [STAT:010C0429]", 
    "XLOD - Distant LOD Data": {
        "Unknown #0": 0.000000000000000, 
        "Unknown #1": 0.000000000000000, 
        "Unknown #2": 1.000000000000000
    }, 
    "DATA - Position/Rotation": {
        "Position": {
            "X": 58992.187500000000000, 
            "Y": 163031.718750000000000, 
            "Z": -376.725433000000000
        }, 
        "Rotation": {
            "X": 0.000000000000000, 
            "Y": 5.729600000000000, 
            "Z": 354.270400000000000
        }
    }
}
