{
    "Cell": " [CELL:014C0892]", 
    "Record Header": {
        "Signature": "REFR", 
        "Data Size": 58, 
        "Record Flags": {
            "Visible when distant": true
        }, 
        "FormID": "01828973", 
        "Version Control Info": "00 00 00 00"
    }, 
    "NAME - Base": "0ExUTUmenhirULU01 [STAT:010C0429]", 
    "XLOD - Distant LOD Data": {
        "Unknown #0": 0.000000000000000, 
        "Unknown #1": 0.000000000000000, 
        "Unknown #2": 1.000000000000000
    }, 
    "DATA - Position/Rotation": {
        "Position": {
            "X": 58740.792969000000000, 
            "Y": 163119.468750000000000, 
            "Z": -156.414246000000000
        }, 
        "Rotation": {
            "X": 342.811300000000000, 
            "Y": 5.729600000000000, 
            "Z": 68.754900000000000
        }
    }
}
