{
    "Cell": "TelSUvirithVSTowerSUpper [CELL:014803B3]", 
    "Record Header": {
        "Signature": "REFR", 
        "Data Size": 74, 
        "Record Flags": {
            "Quest item / Persistent reference / Show in Menu": true
        }, 
        "FormID": "01844080", 
        "Version Control Info": "00 00 00 00"
    }, 
    "NAME - Base": "0inUtUdoorUsmall [DOOR:01200029]", 
    "XTEL - Teleport Destination": {
        "Door": "[REFR:01843FFF]", 
        "Position/Rotation": {
            "Position": {
                "X": 1265.322021000000000, 
                "Y": -20.545479000000000, 
                "Z": -93.795410000000000
            }, 
            "Rotation": {
                "X": 0.000000000000000, 
                "Y": 0.000000000000000, 
                "Z": 182.383200000000000
            }
        }
    }, 
    "DATA - Position/Rotation": {
        "Position": {
            "X": 1216.000000000000000, 
            "Y": 384.000000000000000, 
            "Z": -7.690000000000000
        }, 
        "Rotation": {
            "X": 0.000000000000000, 
            "Y": 0.000000000000000, 
            "Z": 0.000000000000000
        }
    }
}
