{
    "Cell": "TelSUvirithVSTowerSUpper [CELL:014803B3]", 
    "Record Header": {
        "Signature": "REFR", 
        "Data Size": 74, 
        "Record Flags": {
            "Quest item / Persistent reference / Show in Menu": true
        }, 
        "FormID": "0184407F", 
        "Version Control Info": "00 00 00 00"
    }, 
    "NAME - Base": "0exUtUdoorU01 [DOOR:0120001E]", 
    "XTEL - Teleport Destination": {
        "Door": "[REFR:01842D80]", 
        "Position/Rotation": {
            "Position": {
                "X": 88604.062500000000000, 
                "Y": 9489.349609000000000, 
                "Z": 4101.329102000000000
            }, 
            "Rotation": {
                "X": 0.000000000000000, 
                "Y": 0.000000000000000, 
                "Z": 120.300000000000000
            }
        }
    }, 
    "DATA - Position/Rotation": {
        "Position": {
            "X": 528.000000000000000, 
            "Y": 0.000000000000000, 
            "Z": 1368.000000000000000
        }, 
        "Rotation": {
            "X": 0.000000000000000, 
            "Y": 0.000000000000000, 
            "Z": 90.000000000000000
        }
    }
}
