{
    "Cell": "ValenvaryonVSLambugAsSHut [CELL:014803F3]", 
    "Record Header": {
        "Signature": "REFR", 
        "Data Size": 74, 
        "Record Flags": {
            "Quest item / Persistent reference / Show in Menu": true
        }, 
        "FormID": "0181CF81", 
        "Version Control Info": "00 00 00 00"
    }, 
    "NAME - Base": "0inUstrongUvaultdoor00 [DOOR:0120000F]", 
    "XTEL - Teleport Destination": {
        "Door": "[REFR:0181CE93]", 
        "Position/Rotation": {
            "Position": {
                "X": -3855.771973000000000, 
                "Y": 152106.656250000000000, 
                "Z": 2342.311279000000000
            }, 
            "Rotation": {
                "X": 0.000000000000000, 
                "Y": 0.000000000000000, 
                "Z": 303.540900000000000
            }
        }
    }, 
    "DATA - Position/Rotation": {
        "Position": {
            "X": 64.000000000000000, 
            "Y": 80.000000000000000, 
            "Z": -144.000000000000000
        }, 
        "Rotation": {
            "X": 0.000000000000000, 
            "Y": 0.000000000000000, 
            "Z": 90.000000000000000
        }
    }
}
