{
    "Cell": " [CELL:014C040D]", 
    "Record Header": {
        "Signature": "REFR", 
        "Data Size": 68, 
        "Record Flags": {
            "Visible when distant": true
        }, 
        "FormID": "0184CE28", 
        "Version Control Info": "00 00 00 00"
    }, 
    "NAME - Base": "0ExUTUmenhirULU01 [STAT:010C0429]", 
    "XLOD - Distant LOD Data": {
        "Unknown #0": 0.000000000000000, 
        "Unknown #1": 0.000000000000000, 
        "Unknown #2": 1.000000000000000
    }, 
    "XSCL - Scale": 2.000000000000000, 
    "DATA - Position/Rotation": {
        "Position": {
            "X": 122471.148437000000000, 
            "Y": 50925.785156000000000, 
            "Z": -321.018280000000000
        }, 
        "Rotation": {
            "X": 0.000000000000000, 
            "Y": 354.843400000000000, 
            "Z": 146.573200000000000
        }
    }
}
