{
    "Cell": " [CELL:014C0DE8]", 
    "Record Header": {
        "Signature": "REFR", 
        "Data Size": 68, 
        "Record Flags": {
            "Visible when distant": true
        }, 
        "FormID": "0183D54E", 
        "Version Control Info": "00 00 00 00"
    }, 
    "NAME - Base": "0terrainUrockUbcU18 [STAT:010C08FA]", 
    "XLOD - Distant LOD Data": {
        "Unknown #0": 0.000000000000000, 
        "Unknown #1": 0.000000000000000, 
        "Unknown #2": 1.000000000000000
    }, 
    "XSCL - Scale": 1.620000000000000, 
    "DATA - Position/Rotation": {
        "Position": {
            "X": 3023.672119000000000, 
            "Y": -79018.640625000000000, 
            "Z": 279.309082000000000
        }, 
        "Rotation": {
            "X": 354.270400000000000, 
            "Y": 348.540800000000000, 
            "Z": 350.467600000000000
        }
    }
}
