{
    "Cell": "NorenenTdurVSCitadelSofSMynSDhrur [CELL:014804F3]", 
    "Record Header": {
        "Signature": "REFR", 
        "Data Size": 74, 
        "Record Flags": {
            "Quest item / Persistent reference / Show in Menu": true
        }, 
        "FormID": "01F054EF", 
        "Version Control Info": "00 00 00 00"
    }, 
    "NAME - Base": "0inUdaeUdoorU01 [DOOR:01200035]", 
    "XTEL - Teleport Destination": {
        "Door": "[REFR:01F0579F]", 
        "Position/Rotation": {
            "Position": {
                "X": 3964.976318000000000, 
                "Y": 3404.013184000000000, 
                "Z": 4678.390625000000000
            }, 
            "Rotation": {
                "X": 0.000000000000000, 
                "Y": 0.000000000000000, 
                "Z": 0.000000000000000
            }
        }
    }, 
    "DATA - Position/Rotation": {
        "Position": {
            "X": -192.552048000000000, 
            "Y": 2006.100952000000000, 
            "Z": 4148.567383000000000
        }, 
        "Rotation": {
            "X": 0.000000000000000, 
            "Y": 0.000000000000000, 
            "Z": 180.000000000000000
        }
    }
}
