{
    "Cell": " [CELL:014C1120]", 
    "Record Header": {
        "Signature": "REFR", 
        "Data Size": 58, 
        "Record Flags": {
            "Visible when distant": true
        }, 
        "FormID": "01839752", 
        "Version Control Info": "00 00 00 00"
    }, 
    "NAME - Base": "0terrainUrockUbcU18 [STAT:010C08FA]", 
    "XLOD - Distant LOD Data": {
        "Unknown #0": 0.000000000000000, 
        "Unknown #1": 0.000000000000000, 
        "Unknown #2": 1.000000000000000
    }, 
    "DATA - Position/Rotation": {
        "Position": {
            "X": -37559.015625000000000, 
            "Y": 11757.358398000000000, 
            "Z": 287.177582000000000
        }, 
        "Rotation": {
            "X": 348.540900000000000, 
            "Y": 0.000000000000000, 
            "Z": 292.176000000000000
        }
    }
}
