{
    "Cell": "MaarSGanVSGuardSTowerS2 [CELL:01480261]", 
    "Record Header": {
        "Signature": "REFR", 
        "Data Size": 74, 
        "Record Flags": {
            "Quest item / Persistent reference / Show in Menu": true
        }, 
        "FormID": "0183916C", 
        "Version Control Info": "00 00 00 00"
    }, 
    "NAME - Base": "0inUrUsUdoorU01 [DOOR:01200014]", 
    "XTEL - Teleport Destination": {
        "Door": "[REFR:01832CF3]", 
        "Position/Rotation": {
            "Position": {
                "X": -18320.222656000000000, 
                "Y": 104232.703125000000000, 
                "Z": 2146.016602000000000
            }, 
            "Rotation": {
                "X": 0.000000000000000, 
                "Y": 0.000000000000000, 
                "Z": 131.780300000000000
            }
        }
    }, 
    "DATA - Position/Rotation": {
        "Position": {
            "X": 4496.000000000000000, 
            "Y": 3984.000000000000000, 
            "Z": 14928.000000000000000
        }, 
        "Rotation": {
            "X": 0.000000000000000, 
            "Y": 0.000000000000000, 
            "Z": 90.000000000000000
        }
    }
}
