{
    "Cell": "ArkngthandVSHallSofSCentrifuge [CELL:014800DB]", 
    "Record Header": {
        "Signature": "REFR", 
        "Data Size": 74, 
        "Record Flags": {
            "Quest item / Persistent reference / Show in Menu": true
        }, 
        "FormID": "0185A3B5", 
        "Version Control Info": "00 00 00 00"
    }, 
    "NAME - Base": "0doorUdwrvUload00 [DOOR:01200033]", 
    "XTEL - Teleport Destination": {
        "Door": "[REFR:018144BB]", 
        "Position/Rotation": {
            "Position": {
                "X": 3396.859863000000000, 
                "Y": -15440.110352000000000, 
                "Z": 3741.097412000000000
            }, 
            "Rotation": {
                "X": 0.000000000000000, 
                "Y": 0.000000000000000, 
                "Z": 342.811300000000000
            }
        }
    }, 
    "DATA - Position/Rotation": {
        "Position": {
            "X": -802.663391000000000, 
            "Y": 3897.703857000000000, 
            "Z": 1640.019043000000000
        }, 
        "Rotation": {
            "X": 0.000000000000000, 
            "Y": 0.000000000000000, 
            "Z": 0.000000000000000
        }
    }
}
