{
    "Cell": " [CELL:014C0DA7]", 
    "Record Header": {
        "Signature": "REFR", 
        "Data Size": 58, 
        "Record Flags": {
            "Visible when distant": true
        }, 
        "FormID": "0183C9CB", 
        "Version Control Info": "00 00 00 00"
    }, 
    "NAME - Base": "mwGGFence04 [ACTI:01008482]", 
    "XLOD - Distant LOD Data": {
        "Unknown #0": 0.000000000000000, 
        "Unknown #1": 0.000000000000000, 
        "Unknown #2": 1.000000000000000
    }, 
    "DATA - Position/Rotation": {
        "Position": {
            "X": 5792.703125000000000, 
            "Y": 65343.906250000000000, 
            "Z": 8960.000000000000000
        }, 
        "Rotation": {
            "X": 0.000000000000000, 
            "Y": 0.000000000000000, 
            "Z": 227.800000000000000
        }
    }
}
