{
    "Cell": " [CELL:014C02FE]", 
    "Record Header": {
        "Signature": "REFR", 
        "Data Size": 68, 
        "Record Flags": {
            "Visible when distant": true
        }, 
        "FormID": "01820E0D", 
        "Version Control Info": "00 00 00 00"
    }, 
    "NAME - Base": "0ExUTUmenhirULU01 [STAT:010C0429]", 
    "XLOD - Distant LOD Data": {
        "Unknown #0": 0.000000000000000, 
        "Unknown #1": 0.000000000000000, 
        "Unknown #2": 1.000000000000000
    }, 
    "XSCL - Scale": 0.860000000000000, 
    "DATA - Position/Rotation": {
        "Position": {
            "X": 132464.531250000000000, 
            "Y": -12108.500000000000000, 
            "Z": 888.278015000000000
        }, 
        "Rotation": {
            "X": 0.000000000000000, 
            "Y": 27.000000000000000, 
            "Z": 141.298600000000000
        }
    }
}
