{
    "Cell": " [CELL:014C11AD]", 
    "Record Header": {
        "Signature": "REFR", 
        "Data Size": 58, 
        "Record Flags": {
            "Visible when distant": true
        }, 
        "FormID": "0180AB13", 
        "Version Control Info": "00 00 00 00"
    }, 
    "NAME - Base": "0terrainUrockUwgU09 [STAT:010C048E]", 
    "XLOD - Distant LOD Data": {
        "Unknown #0": 0.000000000000000, 
        "Unknown #1": 0.000000000000000, 
        "Unknown #2": 1.000000000000000
    }, 
    "DATA - Position/Rotation": {
        "Position": {
            "X": -43489.214844000000000, 
            "Y": 52609.257812000000000, 
            "Z": 1884.312378000000000
        }, 
        "Rotation": {
            "X": 0.000000000000000, 
            "Y": 11.459200000000000, 
            "Z": 160.428100000000000
        }
    }
}
