{
    "Cell": "ObscureSShipwreckVSLowerSLevel [CELL:014802C3]", 
    "Record Header": {
        "Signature": "REFR", 
        "Data Size": 74, 
        "Record Flags": {
            "Quest item / Persistent reference / Show in Menu": true
        }, 
        "FormID": "0185814E", 
        "Version Control Info": "00 00 00 00"
    }, 
    "NAME - Base": "0exUdeUshipUtrapdoor [DOOR:01200049]", 
    "XTEL - Teleport Destination": {
        "Door": "[REFR:0184DA97]", 
        "Position/Rotation": {
            "Position": {
                "X": 4084.788330000000000, 
                "Y": 3439.824219000000000, 
                "Z": -1112.372803000000000
            }, 
            "Rotation": {
                "X": 0.000000000000000, 
                "Y": 0.000000000000000, 
                "Z": 0.000000000000000
            }
        }
    }, 
    "DATA - Position/Rotation": {
        "Position": {
            "X": 4113.805176000000000, 
            "Y": 3796.412109000000000, 
            "Z": -946.036011000000000
        }, 
        "Rotation": {
            "X": 168.500000000000000, 
            "Y": 337.100000000000000, 
            "Z": 177.600000000000000
        }
    }
}
