{
    "Cell": "BamzTAmschendVSPassageSofSWhispers [CELL:014804C5]", 
    "Record Header": {
        "Signature": "REFR", 
        "Data Size": 74, 
        "Record Flags": {
            "Quest item / Persistent reference / Show in Menu": true
        }, 
        "FormID": "01F0386F", 
        "Version Control Info": "00 00 00 00"
    }, 
    "NAME - Base": "0doorUdweU00Uexp [DOOR:01200096]", 
    "XTEL - Teleport Destination": {
        "Door": "[REFR:01F038DC]", 
        "Position/Rotation": {
            "Position": {
                "X": 256.000000000000000, 
                "Y": 792.000000000000000, 
                "Z": 14580.000000000000000
            }, 
            "Rotation": {
                "X": 0.000000000000000, 
                "Y": 0.000000000000000, 
                "Z": 0.000000000000000
            }
        }
    }, 
    "DATA - Position/Rotation": {
        "Position": {
            "X": -918.000000000000000, 
            "Y": 5715.000000000000000, 
            "Z": -417.000000000000000
        }, 
        "Rotation": {
            "X": 0.000000000000000, 
            "Y": 0.000000000000000, 
            "Z": 270.000000000000000
        }
    }
}
