{
    "Cell": "VivecVSForeignSQuarterSUpperSWaistworks [CELL:0148041B]", 
    "Record Header": {
        "Signature": "REFR", 
        "Data Size": 74, 
        "Record Flags": {
            "Quest item / Persistent reference / Show in Menu": true
        }, 
        "FormID": "01834BCA", 
        "Version Control Info": "00 00 00 00"
    }, 
    "NAME - Base": "0inUvelothismallUndoorU01 [DOOR:01200043]", 
    "XTEL - Teleport Destination": {
        "Door": "[REFR:01834CA1]", 
        "Position/Rotation": {
            "Position": {
                "X": 4855.070801000000000, 
                "Y": 4609.612793000000000, 
                "Z": 13470.799805000000000
            }, 
            "Rotation": {
                "X": 0.000000000000000, 
                "Y": 0.000000000000000, 
                "Z": 270.000000000000000
            }
        }
    }, 
    "DATA - Position/Rotation": {
        "Position": {
            "X": 3456.000000000000000, 
            "Y": 3776.000000000000000, 
            "Z": 14336.000000000000000
        }, 
        "Rotation": {
            "X": 0.000000000000000, 
            "Y": 0.000000000000000, 
            "Z": 180.000000000000000
        }
    }
}
