{
    "Cell": "VivecVSPuzzleSCanalVSLevelS4 [CELL:01480444]", 
    "Record Header": {
        "Signature": "REFR", 
        "Data Size": 74, 
        "Record Flags": {
            "Quest item / Persistent reference / Show in Menu": true
        }, 
        "FormID": "01833400", 
        "Version Control Info": "00 00 00 00"
    }, 
    "NAME - Base": "0vivecUgrateUdoorU02 [DOOR:0120004B]", 
    "XTEL - Teleport Destination": {
        "Door": "[REFR:01830152]", 
        "Position/Rotation": {
            "Position": {
                "X": 34272.000000000000000, 
                "Y": -105128.000000000000000, 
                "Z": 516.389648000000000
            }, 
            "Rotation": {
                "X": 0.000000000000000, 
                "Y": 0.000000000000000, 
                "Z": 0.000000000000000
            }
        }
    }, 
    "DATA - Position/Rotation": {
        "Position": {
            "X": 5632.476074000000000, 
            "Y": 4000.273437000000000, 
            "Z": 15.264948000000000
        }, 
        "Rotation": {
            "X": 0.000000000000000, 
            "Y": 0.000000000000000, 
            "Z": 0.000000000000000
        }
    }
}
