{
    "Cell": "UrshilakuSCamp02 [CELL:014C1036]", 
    "Record Header": {
        "Signature": "REFR", 
        "Data Size": 58, 
        "Record Flags": {
            "Visible when distant": true
        }, 
        "FormID": "0181FBAC", 
        "Version Control Info": "00 00 00 00"
    }, 
    "NAME - Base": "0terrainUashlandUrockU10 [STAT:010C04D0]", 
    "XLOD - Distant LOD Data": {
        "Unknown #0": 0.000000000000000, 
        "Unknown #1": 0.000000000000000, 
        "Unknown #2": 1.000000000000000
    }, 
    "DATA - Position/Rotation": {
        "Position": {
            "X": -31048.812500000000000, 
            "Y": 152543.875000000000000, 
            "Z": 1962.909546000000000
        }, 
        "Rotation": {
            "X": 354.270500000000000, 
            "Y": 0.000000000000000, 
            "Z": 355.702800000000000
        }
    }
}
