{
    "Cell": "DagonSFelVSEndSofStheSWorldSRenterSRooms [CELL:01480169]", 
    "Record Header": {
        "Signature": "REFR", 
        "Data Size": 84, 
        "Record Flags": {
            "Quest item / Persistent reference / Show in Menu": true
        }, 
        "FormID": "0183428D", 
        "Version Control Info": "00 00 00 00"
    }, 
    "NAME - Base": "0inUcUdoorUwoodUsquare [DOOR:01200016]", 
    "XTEL - Teleport Destination": {
        "Door": "[REFR:01834246]", 
        "Position/Rotation": {
            "Position": {
                "X": -257.982605000000000, 
                "Y": -240.497360000000000, 
                "Z": 404.000061000000000
            }, 
            "Rotation": {
                "X": 0.000000000000000, 
                "Y": 0.000000000000000, 
                "Z": 0.000000000000000
            }
        }
    }, 
    "XSCL - Scale": 1.020000000000000, 
    "DATA - Position/Rotation": {
        "Position": {
            "X": -133.892014000000000, 
            "Y": 67.120216000000000, 
            "Z": 127.663002000000000
        }, 
        "Rotation": {
            "X": 0.000000000000000, 
            "Y": 0.000000000000000, 
            "Z": 90.000000000000000
        }
    }
}
