{
    "Cell": "DagonSFelVSEndSofStheSWorldSRenterSRooms [CELL:01480169]", 
    "Record Header": {
        "Signature": "REFR", 
        "Data Size": 74, 
        "Record Flags": {
            "Quest item / Persistent reference / Show in Menu": true
        }, 
        "FormID": "01834291", 
        "Version Control Info": "00 00 00 00"
    }, 
    "NAME - Base": "0exUcommonUdoorU01 [DOOR:01200009]", 
    "XTEL - Teleport Destination": {
        "Door": "[REFR:0182FFB2]", 
        "Position/Rotation": {
            "Position": {
                "X": 60263.011719000000000, 
                "Y": 181942.640625000000000, 
                "Z": 476.549988000000000
            }, 
            "Rotation": {
                "X": 0.000000000000000, 
                "Y": 0.000000000000000, 
                "Z": 180.000000000000000
            }
        }
    }, 
    "DATA - Position/Rotation": {
        "Position": {
            "X": 408.013000000000000, 
            "Y": 1.293000000000000, 
            "Z": -27.959000000000000
        }, 
        "Rotation": {
            "X": 0.000000000000000, 
            "Y": 0.000000000000000, 
            "Z": 270.000000000000000
        }
    }
}
