{
    "Cell": " [CELL:014C0963]", 
    "Record Header": {
        "Signature": "REFR", 
        "Data Size": 68, 
        "Record Flags": {
            "Visible when distant": true
        }, 
        "FormID": "0183C60F", 
        "Version Control Info": "00 00 00 00"
    }, 
    "NAME - Base": "0terrainUrockUrmU17 [STAT:010C04EC]", 
    "XLOD - Distant LOD Data": {
        "Unknown #0": 0.000000000000000, 
        "Unknown #1": 0.000000000000000, 
        "Unknown #2": 1.000000000000000
    }, 
    "XSCL - Scale": 2.000000000000000, 
    "DATA - Position/Rotation": {
        "Position": {
            "X": 56647.707031000000000, 
            "Y": 113187.453125000000000, 
            "Z": 4374.323242000000000
        }, 
        "Rotation": {
            "X": 354.270400000000000, 
            "Y": 348.540900000000000, 
            "Z": 63.025400000000000
        }
    }
}
