{
    "Cell": "Shishi [CELL:01480362]", 
    "Record Header": {
        "Signature": "REFR", 
        "Data Size": 74, 
        "Record Flags": {
            "Quest item / Persistent reference / Show in Menu": true
        }, 
        "FormID": "01824670", 
        "Version Control Info": "00 00 00 00"
    }, 
    "NAME - Base": "0inUvelothismallUndoorU01 [DOOR:01200043]", 
    "XTEL - Teleport Destination": {
        "Door": "[REFR:01824516]", 
        "Position/Rotation": {
            "Position": {
                "X": -28282.683594000000000, 
                "Y": 123808.140625000000000, 
                "Z": 856.998535000000000
            }, 
            "Rotation": {
                "X": 0.000000000000000, 
                "Y": 0.000000000000000, 
                "Z": 131.752100000000000
            }
        }
    }, 
    "DATA - Position/Rotation": {
        "Position": {
            "X": 320.000000000000000, 
            "Y": 4357.618164000000000, 
            "Z": -1280.860962000000000
        }, 
        "Rotation": {
            "X": 0.000000000000000, 
            "Y": 0.000000000000000, 
            "Z": 90.000000000000000
        }
    }
}
