{
    "Cell": " [CELL:014C0F49]", 
    "Record Header": {
        "Signature": "REFR", 
        "Data Size": 58, 
        "Record Flags": {
            "Visible when distant": true
        }, 
        "FormID": "0184111E", 
        "Version Control Info": "00 00 00 00"
    }, 
    "NAME - Base": "0terrainUrockUbcU18 [STAT:010C08FA]", 
    "XLOD - Distant LOD Data": {
        "Unknown #0": 0.000000000000000, 
        "Unknown #1": 0.000000000000000, 
        "Unknown #2": 1.000000000000000
    }, 
    "DATA - Position/Rotation": {
        "Position": {
            "X": -11170.719727000000000, 
            "Y": -63396.242187000000000, 
            "Z": 55.175549000000000
        }, 
        "Rotation": {
            "X": 0.000000000000000, 
            "Y": 354.270400000000000, 
            "Z": 212.431100000000000
        }
    }
}
