{
    "Cell": "SolstheimVSCastleSKarstaagVSCavernsSofSKarstaag [CELL:0148055C]", 
    "Record Header": {
        "Signature": "REFR", 
        "Data Size": 84, 
        "Record Flags": {
            "Quest item / Persistent reference / Show in Menu": true
        }, 
        "FormID": "01F088B4", 
        "Version Control Info": "00 00 00 00"
    }, 
    "NAME - Base": "0BMUKAUdoorUdark [DOOR:012000E1]", 
    "XTEL - Teleport Destination": {
        "Door": "[REFR:01F0118F]", 
        "Position/Rotation": {
            "Position": {
                "X": -194568.406250000000000, 
                "Y": 224980.828125000000000, 
                "Z": -360.240753000000000
            }, 
            "Rotation": {
                "X": 0.000000000000000, 
                "Y": 0.000000000000000, 
                "Z": 348.540900000000000
            }
        }
    }, 
    "XSCL - Scale": 0.520000000000000, 
    "DATA - Position/Rotation": {
        "Position": {
            "X": -8704.000000000000000, 
            "Y": 8256.000000000000000, 
            "Z": -2048.000000000000000
        }, 
        "Rotation": {
            "X": 0.000000000000000, 
            "Y": 0.000000000000000, 
            "Z": 319.893000000000000
        }
    }
}
