{
    "Cell": " [CELL:014C0C2D]", 
    "Record Header": {
        "Signature": "REFR", 
        "Data Size": 68, 
        "Record Flags": {
            "Visible when distant": true
        }, 
        "FormID": "0184DD9F", 
        "Version Control Info": "00 00 00 00"
    }, 
    "NAME - Base": "0terrainUrockUrmU24 [STAT:010C094D]", 
    "XLOD - Distant LOD Data": {
        "Unknown #0": 0.000000000000000, 
        "Unknown #1": 0.000000000000000, 
        "Unknown #2": 1.000000000000000
    }, 
    "XSCL - Scale": 0.820000000000000, 
    "DATA - Position/Rotation": {
        "Position": {
            "X": 22103.429688000000000, 
            "Y": 93693.265625000000000, 
            "Z": 9965.190430000000000
        }, 
        "Rotation": {
            "X": 0.000000000000000, 
            "Y": 0.000000000000000, 
            "Z": 274.056400000000000
        }
    }
}
