{
    "Cell": " [CELL:014C11CF]", 
    "Record Header": {
        "Signature": "REFR", 
        "Data Size": 58, 
        "Record Flags": {
            "Visible when distant": true
        }, 
        "FormID": "0183E157", 
        "Version Control Info": "00 00 00 00"
    }, 
    "NAME - Base": "0terrainUrockUbcU18 [STAT:010C08FA]", 
    "XLOD - Distant LOD Data": {
        "Unknown #0": 0.000000000000000, 
        "Unknown #1": 0.000000000000000, 
        "Unknown #2": 1.000000000000000
    }, 
    "DATA - Position/Rotation": {
        "Position": {
            "X": -43236.281250000000000, 
            "Y": -9357.076172000000000, 
            "Z": 837.494751000000000
        }, 
        "Rotation": {
            "X": 0.000000000000000, 
            "Y": 354.270400000000000, 
            "Z": 103.100000000000000
        }
    }
}
