{
    "Cell": " [CELL:014C1243]", 
    "Record Header": {
        "Signature": "REFR", 
        "Data Size": 58, 
        "Record Flags": {
            "Visible when distant": true
        }, 
        "FormID": "0180C282", 
        "Version Control Info": "00 00 00 00"
    }, 
    "NAME - Base": "0terrainUrockUwgU08 [STAT:010C048D]", 
    "XLOD - Distant LOD Data": {
        "Unknown #0": 0.000000000000000, 
        "Unknown #1": 0.000000000000000, 
        "Unknown #2": 1.000000000000000
    }, 
    "DATA - Position/Rotation": {
        "Position": {
            "X": -51909.011719000000000, 
            "Y": 71150.718750000000000, 
            "Z": 1942.841431000000000
        }, 
        "Rotation": {
            "X": 5.729600000000000, 
            "Y": 325.622600000000000, 
            "Z": 308.433800000000000
        }
    }
}
