{
    "Cell": "VosVSVaroSTradehouseSEntrance [CELL:014804A0]", 
    "Record Header": {
        "Signature": "REFR", 
        "Data Size": 74, 
        "Record Flags": {
            "Quest item / Persistent reference / Show in Menu": true
        }, 
        "FormID": "018561DA", 
        "Version Control Info": "00 00 00 00"
    }, 
    "NAME - Base": "0inUtUsUplainUdoor [DOOR:0120002A]", 
    "XTEL - Teleport Destination": {
        "Door": "[REFR:0185617B]", 
        "Position/Rotation": {
            "Position": {
                "X": 464.872528000000000, 
                "Y": 132.470474000000000, 
                "Z": 411.019318000000000
            }, 
            "Rotation": {
                "X": 0.000000000000000, 
                "Y": 0.000000000000000, 
                "Z": 269.759000000000000
            }
        }
    }, 
    "DATA - Position/Rotation": {
        "Position": {
            "X": -672.000000000000000, 
            "Y": 192.000000000000000, 
            "Z": 576.000000000000000
        }, 
        "Rotation": {
            "X": 0.000000000000000, 
            "Y": 0.000000000000000, 
            "Z": 90.000000000000000
        }
    }
}
