{
    "Cell": "LostSShipwreckVSCabin [CELL:01480259]", 
    "Record Header": {
        "Signature": "REFR", 
        "Data Size": 84, 
        "Record Flags": {
            "Quest item / Persistent reference / Show in Menu": true
        }, 
        "FormID": "0184DA7D", 
        "Version Control Info": "00 00 00 00"
    }, 
    "NAME - Base": "0inUdeUshipUcabindoor [DOOR:0120004A]", 
    "XTEL - Teleport Destination": {
        "Door": "[REFR:0183705A]", 
        "Position/Rotation": {
            "Position": {
                "X": 127840.093750000000000, 
                "Y": 94267.617188000000000, 
                "Z": -373.375183000000000
            }, 
            "Rotation": {
                "X": 0.000000000000000, 
                "Y": 0.000000000000000, 
                "Z": 308.000000000000000
            }
        }
    }, 
    "XSCL - Scale": 1.010000000000000, 
    "DATA - Position/Rotation": {
        "Position": {
            "X": 4026.250000000000000, 
            "Y": 4278.534180000000000, 
            "Z": -185.016998000000000
        }, 
        "Rotation": {
            "X": 314.000000000000000, 
            "Y": 0.000000000000000, 
            "Z": 135.000000000000000
        }
    }
}
