{
    "Cell": "ArrowVSCabin [CELL:014800E0]", 
    "Record Header": {
        "Signature": "REFR", 
        "Data Size": 84, 
        "Record Flags": {
            "Quest item / Persistent reference / Show in Menu": true
        }, 
        "FormID": "0184C790", 
        "Version Control Info": "00 00 00 00"
    }, 
    "NAME - Base": "0inUdeUshipUcabindoor [DOOR:0120004A]", 
    "XTEL - Teleport Destination": {
        "Door": "[REFR:0184C6EE]", 
        "Position/Rotation": {
            "Position": {
                "X": 62400.000000000000000, 
                "Y": 185296.000000000000000, 
                "Z": 131.652954000000000
            }, 
            "Rotation": {
                "X": 0.000000000000000, 
                "Y": 0.000000000000000, 
                "Z": 135.000000000000000
            }
        }
    }, 
    "XSCL - Scale": 1.030000000000000, 
    "DATA - Position/Rotation": {
        "Position": {
            "X": -123.639000000000000, 
            "Y": -356.467010000000000, 
            "Z": -113.887001000000000
        }, 
        "Rotation": {
            "X": 0.000000000000000, 
            "Y": 0.000000000000000, 
            "Z": 0.000000000000000
        }
    }
}
