{
    "Cell": " [CELL:014C0970]", 
    "Record Header": {
        "Signature": "REFR", 
        "Data Size": 68, 
        "Record Flags": {
            "Visible when distant": true
        }, 
        "FormID": "0183C71C", 
        "Version Control Info": "00 00 00 00"
    }, 
    "NAME - Base": "0terrainUrockUrmU17 [STAT:010C04EC]", 
    "XLOD - Distant LOD Data": {
        "Unknown #0": 0.000000000000000, 
        "Unknown #1": 0.000000000000000, 
        "Unknown #2": 1.000000000000000
    }, 
    "XSCL - Scale": 2.000000000000000, 
    "DATA - Position/Rotation": {
        "Position": {
            "X": 52952.859375000000000, 
            "Y": 76586.828125000000000, 
            "Z": 5637.800293000000000
        }, 
        "Rotation": {
            "X": 5.729600000000000, 
            "Y": 342.811300000000000, 
            "Z": 119.357800000000000
        }
    }
}
