{
    "Cell": "VemynalVSOuterSFortress [CELL:01480400]", 
    "Record Header": {
        "Signature": "REFR", 
        "Data Size": 74, 
        "Record Flags": {
            "Quest item / Persistent reference / Show in Menu": true
        }, 
        "FormID": "0183F081", 
        "Version Control Info": "00 00 00 00"
    }, 
    "NAME - Base": "0doorUdwrvUload00 [DOOR:01200033]", 
    "XTEL - Teleport Destination": {
        "Door": "[REFR:0183CB84]", 
        "Position/Rotation": {
            "Position": {
                "X": 3180.736084000000000, 
                "Y": 87848.023438000000000, 
                "Z": 9337.594727000000000
            }, 
            "Rotation": {
                "X": 0.000000000000000, 
                "Y": 0.000000000000000, 
                "Z": 314.200000000000000
            }
        }
    }, 
    "DATA - Position/Rotation": {
        "Position": {
            "X": 0.000000000000000, 
            "Y": 96.000000000000000, 
            "Z": 96.000000000000000
        }, 
        "Rotation": {
            "X": 0.000000000000000, 
            "Y": 0.000000000000000, 
            "Z": 0.000000000000000
        }
    }
}
