{
    "Cell": "AldTruhnVSVenimSManorSEntrance [CELL:014800BC]", 
    "Record Header": {
        "Signature": "REFR", 
        "Data Size": 74, 
        "Record Flags": {
            "Quest item / Persistent reference / Show in Menu": true
        }, 
        "FormID": "0183CFC4", 
        "Version Control Info": "00 00 00 00"
    }, 
    "NAME - Base": "0inUrUsUdoorU01 [DOOR:01200014]", 
    "XTEL - Teleport Destination": {
        "Door": "[REFR:0184210B]", 
        "Position/Rotation": {
            "Position": {
                "X": 512.000000000000000, 
                "Y": -2144.000000000000000, 
                "Z": 36.000000000000000
            }, 
            "Rotation": {
                "X": 0.000000000000000, 
                "Y": 0.000000000000000, 
                "Z": 0.000000000000000
            }
        }
    }, 
    "DATA - Position/Rotation": {
        "Position": {
            "X": -64.000000000000000, 
            "Y": 3328.000000000000000, 
            "Z": -128.000000000000000
        }, 
        "Rotation": {
            "X": 0.000000000000000, 
            "Y": 0.000000000000000, 
            "Z": 0.000000000000000
        }
    }
}
