{
    "Cell": "MinistrySofSTruthVSHoldingSCells [CELL:01480292]", 
    "Record Header": {
        "Signature": "REFR", 
        "Data Size": 74, 
        "Record Flags": {
            "Quest item / Persistent reference / Show in Menu": true
        }, 
        "FormID": "0185DA38", 
        "Version Control Info": "00 00 00 00"
    }, 
    "NAME - Base": "0exUvelothicaveUdoorU03 [DOOR:01200005]", 
    "XTEL - Teleport Destination": {
        "Door": "[REFR:0185DA7A]", 
        "Position/Rotation": {
            "Position": {
                "X": -426.000000000000000, 
                "Y": -2096.000000000000000, 
                "Z": -436.000000000000000
            }, 
            "Rotation": {
                "X": 0.000000000000000, 
                "Y": 0.000000000000000, 
                "Z": 68.754900000000000
            }
        }
    }, 
    "DATA - Position/Rotation": {
        "Position": {
            "X": -1259.661011000000000, 
            "Y": -662.036987000000000, 
            "Z": 185.841003000000000
        }, 
        "Rotation": {
            "X": 0.000000000000000, 
            "Y": 0.000000000000000, 
            "Z": 237.300000000000000
        }
    }
}
