{
    "Cell": " [CELL:014C1197]", 
    "Record Header": {
        "Signature": "REFR", 
        "Data Size": 58, 
        "Record Flags": {
            "Visible when distant": true
        }, 
        "FormID": "0180C125", 
        "Version Control Info": "00 00 00 00"
    }, 
    "NAME - Base": "0terrainUrockUwgU08 [STAT:010C048D]", 
    "XLOD - Distant LOD Data": {
        "Unknown #0": 0.000000000000000, 
        "Unknown #1": 0.000000000000000, 
        "Unknown #2": 1.000000000000000
    }, 
    "DATA - Position/Rotation": {
        "Position": {
            "X": -44660.023438000000000, 
            "Y": 104256.867187000000000, 
            "Z": 2462.531982000000000
        }, 
        "Rotation": {
            "X": 11.459200000000000, 
            "Y": 348.540900000000000, 
            "Z": 222.490200000000000
        }
    }
}
