{
    "Cell": " [CELL:014C0A9D]", 
    "Record Header": {
        "Signature": "REFR", 
        "Data Size": 68, 
        "Record Flags": {
            "Visible when distant": true
        }, 
        "FormID": "018453C9", 
        "Version Control Info": "00 00 00 00"
    }, 
    "NAME - Base": "0ExUTUmenhirULU01 [STAT:010C0429]", 
    "XLOD - Distant LOD Data": {
        "Unknown #0": 0.000000000000000, 
        "Unknown #1": 0.000000000000000, 
        "Unknown #2": 1.000000000000000
    }, 
    "XSCL - Scale": 2.000000000000000, 
    "DATA - Position/Rotation": {
        "Position": {
            "X": 38202.742188000000000, 
            "Y": 190035.671875000000000, 
            "Z": -442.148407000000000
        }, 
        "Rotation": {
            "X": 5.729500000000000, 
            "Y": 0.000000000000000, 
            "Z": 45.836800000000000
        }
    }
}
