{
    "Cell": " [CELL:014C125C]", 
    "Record Header": {
        "Signature": "REFR", 
        "Data Size": 58, 
        "Record Flags": {
            "Visible when distant": true
        }, 
        "FormID": "0183841F", 
        "Version Control Info": "00 00 00 00"
    }, 
    "NAME - Base": "0terrainUrockUbcU18 [STAT:010C08FA]", 
    "XLOD - Distant LOD Data": {
        "Unknown #0": 0.000000000000000, 
        "Unknown #1": 0.000000000000000, 
        "Unknown #2": 1.000000000000000
    }, 
    "DATA - Position/Rotation": {
        "Position": {
            "X": -54622.050781000000000, 
            "Y": 12131.590820000000000, 
            "Z": -111.423080000000000
        }, 
        "Rotation": {
            "X": 348.540900000000000, 
            "Y": 11.459200000000000, 
            "Z": 268.326900000000000
        }
    }
}
