{
    "Cell": " [CELL:014C0852]", 
    "Record Header": {
        "Signature": "REFR", 
        "Data Size": 68, 
        "Record Flags": {
            "Visible when distant": true
        }, 
        "FormID": "0181CD85", 
        "Version Control Info": "00 00 00 00"
    }, 
    "NAME - Base": "OBTalonrockMed03 [STAT:00036492]", 
    "XLOD - Distant LOD Data": {
        "Unknown #0": -0.087288000000000, 
        "Unknown #1": 0.380892000000000, 
        "Unknown #2": 0.920490000000000
    }, 
    "XSCL - Scale": 1.500000000000000, 
    "DATA - Position/Rotation": {
        "Position": {
            "X": 66848.906250000000000, 
            "Y": -83677.632812000000000, 
            "Z": 875.688171000000000
        }, 
        "Rotation": {
            "X": 0.000000000000000, 
            "Y": 0.000000000000000, 
            "Z": 153.735300000000000
        }
    }
}
