{
    "Cell": " [CELL:014C0F9A]", 
    "Record Header": {
        "Signature": "REFR", 
        "Data Size": 68, 
        "Record Flags": {
            "Visible when distant": true
        }, 
        "FormID": "0183BE79", 
        "Version Control Info": "00 00 00 00"
    }, 
    "NAME - Base": "0terrainUashlandUrockU10 [STAT:010C04D0]", 
    "XLOD - Distant LOD Data": {
        "Unknown #0": 0.000000000000000, 
        "Unknown #1": 0.000000000000000, 
        "Unknown #2": 1.000000000000000
    }, 
    "XSCL - Scale": 1.430000000000000, 
    "DATA - Position/Rotation": {
        "Position": {
            "X": -21259.535156000000000, 
            "Y": 129493.710937000000000, 
            "Z": 1612.587036000000000
        }, 
        "Rotation": {
            "X": 0.000000000000000, 
            "Y": 0.000000000000000, 
            "Z": 246.324100000000000
        }
    }
}
