{
    "Cell": " [CELL:014C126D]", 
    "Record Header": {
        "Signature": "REFR", 
        "Data Size": 58, 
        "Record Flags": {
            "Visible when distant": true
        }, 
        "FormID": "0183E90F", 
        "Version Control Info": "00 00 00 00"
    }, 
    "NAME - Base": "0terrainUrockUbcU18 [STAT:010C08FA]", 
    "XLOD - Distant LOD Data": {
        "Unknown #0": 0.000000000000000, 
        "Unknown #1": 0.000000000000000, 
        "Unknown #2": 1.000000000000000
    }, 
    "DATA - Position/Rotation": {
        "Position": {
            "X": -49480.980469000000000, 
            "Y": -22232.181641000000000, 
            "Z": 533.039734000000000
        }, 
        "Rotation": {
            "X": 5.729600000000000, 
            "Y": 11.459200000000000, 
            "Z": 29.611200000000000
        }
    }
}
