{
    "Cell": " [CELL:014C14A4]", 
    "Record Header": {
        "Signature": "REFR", 
        "Data Size": 58, 
        "Record Flags": {
            "Visible when distant": true
        }, 
        "FormID": "018063B0", 
        "Version Control Info": "00 00 00 00"
    }, 
    "NAME - Base": "0terrainUrockUwgU12 [STAT:010C0491]", 
    "XLOD - Distant LOD Data": {
        "Unknown #0": 0.000000000000000, 
        "Unknown #1": 0.000000000000000, 
        "Unknown #2": 1.000000000000000
    }, 
    "DATA - Position/Rotation": {
        "Position": {
            "X": -96106.062500000000000, 
            "Y": 116687.328125000000000, 
            "Z": 1070.814575000000000
        }, 
        "Rotation": {
            "X": 0.000000000000000, 
            "Y": 354.270400000000000, 
            "Z": 177.616900000000000
        }
    }
}
