{
    "Cell": " [CELL:014C14A4]", 
    "Record Header": {
        "Signature": "REFR", 
        "Data Size": 58, 
        "Record Flags": {
            "Visible when distant": true
        }, 
        "FormID": "01805E3A", 
        "Version Control Info": "00 00 00 00"
    }, 
    "NAME - Base": "0terrainUrockUwgU09 [STAT:010C048E]", 
    "XLOD - Distant LOD Data": {
        "Unknown #0": 0.000000000000000, 
        "Unknown #1": 0.000000000000000, 
        "Unknown #2": 1.000000000000000
    }, 
    "DATA - Position/Rotation": {
        "Position": {
            "X": -97383.914062000000000, 
            "Y": 116347.406250000000000, 
            "Z": 1547.807983000000000
        }, 
        "Rotation": {
            "X": 0.000000000000000, 
            "Y": 334.000000000000000, 
            "Z": 125.000000000000000
        }
    }
}
