{
    "Cell": "TelSVosVSServicesSTower [CELL:014803BA]", 
    "Record Header": {
        "Signature": "REFR", 
        "Data Size": 84, 
        "Record Flags": {
            "Quest item / Persistent reference / Show in Menu": true
        }, 
        "FormID": "0184C675", 
        "Version Control Info": "00 00 00 00"
    }, 
    "NAME - Base": "0inUimpsmallUdoorU01 [DOOR:01200002]", 
    "XTEL - Teleport Destination": {
        "Door": "[REFR:0182B545]", 
        "Position/Rotation": {
            "Position": {
                "X": 85334.750000000000000, 
                "Y": 120166.593750000000000, 
                "Z": 3677.515869000000000
            }, 
            "Rotation": {
                "X": 0.000000000000000, 
                "Y": 0.000000000000000, 
                "Z": 135.000000000000000
            }
        }
    }, 
    "XSCL - Scale": 1.010000000000000, 
    "DATA - Position/Rotation": {
        "Position": {
            "X": 4228.901855000000000, 
            "Y": 3393.221924000000000, 
            "Z": 16160.000000000000000
        }, 
        "Rotation": {
            "X": 0.000000000000000, 
            "Y": 0.000000000000000, 
            "Z": 270.000000000000000
        }
    }
}
