{
    "Cell": "TureynulalVSBladderSofSClovis [CELL:014803CA]", 
    "Record Header": {
        "Signature": "REFR", 
        "Data Size": 74, 
        "Record Flags": {
            "Quest item / Persistent reference / Show in Menu": true
        }, 
        "FormID": "0185DB7F", 
        "Version Control Info": "00 00 00 00"
    }, 
    "NAME - Base": "0doorUdwrvUloadup00 [DOOR:0120004D]", 
    "XTEL - Teleport Destination": {
        "Door": "[REFR:0183957E]", 
        "Position/Rotation": {
            "Position": {
                "X": -787.161011000000000, 
                "Y": -513.909973000000000, 
                "Z": -348.001007000000000
            }, 
            "Rotation": {
                "X": 0.000000000000000, 
                "Y": 0.000000000000000, 
                "Z": 90.000000000000000
            }
        }
    }, 
    "DATA - Position/Rotation": {
        "Position": {
            "X": -32.000000000000000, 
            "Y": -256.000000000000000, 
            "Z": 288.000000000000000
        }, 
        "Rotation": {
            "X": 180.000000000000000, 
            "Y": 0.000000000000000, 
            "Z": 90.000000000000000
        }
    }
}
