{
    "Cell": "NorenenTdurVSTheSTeethSthatSGnash [CELL:014804F5]", 
    "Record Header": {
        "Signature": "REFR", 
        "Data Size": 74, 
        "Record Flags": {
            "Quest item / Persistent reference / Show in Menu": true
        }, 
        "FormID": "01F056D0", 
        "Version Control Info": "00 00 00 00"
    }, 
    "NAME - Base": "0inUdaeUdoorU01 [DOOR:01200035]", 
    "XTEL - Teleport Destination": {
        "Door": "[REFR:01F05346]", 
        "Position/Rotation": {
            "Position": {
                "X": 2640.000000000000000, 
                "Y": 32.000000000000000, 
                "Z": -172.000000000000000
            }, 
            "Rotation": {
                "X": 0.000000000000000, 
                "Y": 0.000000000000000, 
                "Z": 270.000000000000000
            }
        }
    }, 
    "DATA - Position/Rotation": {
        "Position": {
            "X": 4096.691406000000000, 
            "Y": 4090.016113000000000, 
            "Z": 1092.213745000000000
        }, 
        "Rotation": {
            "X": 0.000000000000000, 
            "Y": 0.000000000000000, 
            "Z": 0.000000000000000
        }
    }
}
