{
    "Cell": "StrangeSShipwreckVSLowerSLevel [CELL:01480376]", 
    "Record Header": {
        "Signature": "REFR", 
        "Data Size": 84, 
        "Record Flags": {
            "Quest item / Persistent reference / Show in Menu": true
        }, 
        "FormID": "0184C781", 
        "Version Control Info": "00 00 00 00"
    }, 
    "NAME - Base": "0InUDEULLshipdoorULarge [DOOR:0120007C]", 
    "XTEL - Teleport Destination": {
        "Door": "[REFR:0184C7FD]", 
        "Position/Rotation": {
            "Position": {
                "X": 4041.273682000000000, 
                "Y": 4021.161621000000000, 
                "Z": 14487.653320000000000
            }, 
            "Rotation": {
                "X": 0.000000000000000, 
                "Y": 0.000000000000000, 
                "Z": 350.300000000000000
            }
        }
    }, 
    "XSCL - Scale": 1.080000000000000, 
    "DATA - Position/Rotation": {
        "Position": {
            "X": 4257.209961000000000, 
            "Y": 3544.316895000000000, 
            "Z": 13870.553711000000000
        }, 
        "Rotation": {
            "X": 162.000000000000000, 
            "Y": 349.700000000000000, 
            "Z": 15.600000000000000
        }
    }
}
