{
    "Cell": " [CELL:014C0DEA]", 
    "Record Header": {
        "Signature": "REFR", 
        "Data Size": 68, 
        "Record Flags": {
            "Visible when distant": true
        }, 
        "FormID": "0183D5F5", 
        "Version Control Info": "00 00 00 00"
    }, 
    "NAME - Base": "0terrainUrockUbcU18 [STAT:010C08FA]", 
    "XLOD - Distant LOD Data": {
        "Unknown #0": 0.000000000000000, 
        "Unknown #1": 0.000000000000000, 
        "Unknown #2": 1.000000000000000
    }, 
    "XSCL - Scale": 1.250000000000000, 
    "DATA - Position/Rotation": {
        "Position": {
            "X": 3684.478760000000000, 
            "Y": -74477.320312000000000, 
            "Z": 323.367645000000000
        }, 
        "Rotation": {
            "X": 354.270400000000000, 
            "Y": 348.540800000000000, 
            "Z": 92.636600000000000
        }
    }
}
