{
    "Cell": " [CELL:014C0DEA]", 
    "Record Header": {
        "Signature": "REFR", 
        "Data Size": 68, 
        "Record Flags": {
            "Visible when distant": true
        }, 
        "FormID": "0183D5F6", 
        "Version Control Info": "00 00 00 00"
    }, 
    "NAME - Base": "0terrainUrockUbcU18 [STAT:010C08FA]", 
    "XLOD - Distant LOD Data": {
        "Unknown #0": 0.000000000000000, 
        "Unknown #1": 0.000000000000000, 
        "Unknown #2": 1.000000000000000
    }, 
    "XSCL - Scale": 2.000000000000000, 
    "DATA - Position/Rotation": {
        "Position": {
            "X": 3928.335449000000000, 
            "Y": -74214.382812000000000, 
            "Z": 318.523132000000000
        }, 
        "Rotation": {
            "X": 337.081700000000000, 
            "Y": 354.270400000000000, 
            "Z": 22.918300000000000
        }
    }
}
