{
    "Cell": " [CELL:014C0DEA]", 
    "Record Header": {
        "Signature": "REFR", 
        "Data Size": 68, 
        "Record Flags": {
            "Visible when distant": true
        }, 
        "FormID": "01840FA6", 
        "Version Control Info": "00 00 00 00"
    }, 
    "NAME - Base": "0terrainUrockUbcU18 [STAT:010C08FA]", 
    "XLOD - Distant LOD Data": {
        "Unknown #0": 0.000000000000000, 
        "Unknown #1": 0.000000000000000, 
        "Unknown #2": 1.000000000000000
    }, 
    "XSCL - Scale": 2.000000000000000, 
    "DATA - Position/Rotation": {
        "Position": {
            "X": 3201.433594000000000, 
            "Y": -74053.210938000000000, 
            "Z": 259.571869000000000
        }, 
        "Rotation": {
            "X": 0.000000000000000, 
            "Y": 354.270400000000000, 
            "Z": 354.270400000000000
        }
    }
}
