{
    "Cell": " [CELL:014C1267]", 
    "Record Header": {
        "Signature": "REFR", 
        "Data Size": 58, 
        "Record Flags": {
            "Visible when distant": true
        }, 
        "FormID": "01839D4C", 
        "Version Control Info": "00 00 00 00"
    }, 
    "NAME - Base": "0terrainUrockUbcU18 [STAT:010C08FA]", 
    "XLOD - Distant LOD Data": {
        "Unknown #0": 0.000000000000000, 
        "Unknown #1": 0.000000000000000, 
        "Unknown #2": 1.000000000000000
    }, 
    "DATA - Position/Rotation": {
        "Position": {
            "X": -52797.722656000000000, 
            "Y": -1582.893555000000000, 
            "Z": -28.814676000000000
        }, 
        "Rotation": {
            "X": 354.270400000000000, 
            "Y": 11.459200000000000, 
            "Z": 262.564900000000000
        }
    }
}
