{
    "Cell": " [CELL:014C0AEB]", 
    "Record Header": {
        "Signature": "REFR", 
        "Data Size": 68, 
        "Record Flags": {
            "Visible when distant": true
        }, 
        "FormID": "01849367", 
        "Version Control Info": "00 00 00 00"
    }, 
    "NAME - Base": "0terrainUrockUrmU17 [STAT:010C04EC]", 
    "XLOD - Distant LOD Data": {
        "Unknown #0": 0.000000000000000, 
        "Unknown #1": 0.000000000000000, 
        "Unknown #2": 1.000000000000000
    }, 
    "XSCL - Scale": 1.520000000000000, 
    "DATA - Position/Rotation": {
        "Position": {
            "X": 38579.054688000000000, 
            "Y": 39566.238281000000000, 
            "Z": 1780.894287000000000
        }, 
        "Rotation": {
            "X": 348.540800000000000, 
            "Y": 0.000000000000000, 
            "Z": 39.143700000000000
        }
    }
}
