{
    "Cell": " [CELL:014C0DB0]", 
    "Record Header": {
        "Signature": "REFR", 
        "Data Size": 58, 
        "Record Flags": {
            "Visible when distant": true
        }, 
        "FormID": "0182C922", 
        "Version Control Info": "00 00 00 00"
    }, 
    "NAME - Base": "0terrainUrockUrmU17 [STAT:010C04EC]", 
    "XLOD - Distant LOD Data": {
        "Unknown #0": 0.000000000000000, 
        "Unknown #1": 0.000000000000000, 
        "Unknown #2": 1.000000000000000
    }, 
    "DATA - Position/Rotation": {
        "Position": {
            "X": 563.070435000000000, 
            "Y": 33406.183594000000000, 
            "Z": 1726.501221000000000
        }, 
        "Rotation": {
            "X": 337.081700000000000, 
            "Y": 0.000000000000000, 
            "Z": 114.591600000000000
        }
    }
}
