{
    "Cell": " [CELL:014C0DB0]", 
    "Record Header": {
        "Signature": "REFR", 
        "Data Size": 68, 
        "Record Flags": {
            "Visible when distant": true
        }, 
        "FormID": "01836E2B", 
        "Version Control Info": "00 00 00 00"
    }, 
    "NAME - Base": "0terrainUrockUrmU18 [STAT:010C04ED]", 
    "XLOD - Distant LOD Data": {
        "Unknown #0": 0.000000000000000, 
        "Unknown #1": 0.000000000000000, 
        "Unknown #2": 1.000000000000000
    }, 
    "XSCL - Scale": 1.940000000000000, 
    "DATA - Position/Rotation": {
        "Position": {
            "X": 1342.988281000000000, 
            "Y": 35251.316406000000000, 
            "Z": 2169.708496000000000
        }, 
        "Rotation": {
            "X": 0.000000000000000, 
            "Y": 0.000000000000000, 
            "Z": 206.264800000000000
        }
    }
}
