{
    "Cell": " [CELL:014C1124]", 
    "Record Header": {
        "Signature": "REFR", 
        "Data Size": 58, 
        "Record Flags": {
            "Visible when distant": true
        }, 
        "FormID": "01839878", 
        "Version Control Info": "00 00 00 00"
    }, 
    "NAME - Base": "0terrainUrockUbcU18 [STAT:010C08FA]", 
    "XLOD - Distant LOD Data": {
        "Unknown #0": 0.000000000000000, 
        "Unknown #1": 0.000000000000000, 
        "Unknown #2": 1.000000000000000
    }, 
    "DATA - Position/Rotation": {
        "Position": {
            "X": -37572.269531000000000, 
            "Y": 2189.781250000000000, 
            "Z": 186.170502000000000
        }, 
        "Rotation": {
            "X": 348.540900000000000, 
            "Y": 11.459200000000000, 
            "Z": 80.214000000000000
        }
    }
}
