{
    "Cell": " [CELL:014C1183]", 
    "Record Header": {
        "Signature": "REFR", 
        "Data Size": 68, 
        "Record Flags": {
            "Visible when distant": true
        }, 
        "FormID": "0182BA7F", 
        "Version Control Info": "00 00 00 00"
    }, 
    "NAME - Base": "0terrainUashlandUrockU10 [STAT:010C04D0]", 
    "XLOD - Distant LOD Data": {
        "Unknown #0": 0.000000000000000, 
        "Unknown #1": 0.000000000000000, 
        "Unknown #2": 1.000000000000000
    }, 
    "XSCL - Scale": 1.820000000000000, 
    "DATA - Position/Rotation": {
        "Position": {
            "X": -41518.503906000000000, 
            "Y": 145671.421875000000000, 
            "Z": 1143.085815000000000
        }, 
        "Rotation": {
            "X": 0.000000000000000, 
            "Y": 0.000000000000000, 
            "Z": 325.574800000000000
        }
    }
}
