{
    "Cell": "AldSDaedrothVSLeftSWing [CELL:01480077]", 
    "Record Header": {
        "Signature": "REFR", 
        "Data Size": 74, 
        "Record Flags": {
            "Quest item / Persistent reference / Show in Menu": true
        }, 
        "FormID": "01848F53", 
        "Version Control Info": "00 00 00 00"
    }, 
    "NAME - Base": "0exUdaeUdoorUloadUoval [DOOR:01200037]", 
    "XTEL - Teleport Destination": {
        "Door": "[REFR:01848EF5]", 
        "Position/Rotation": {
            "Position": {
                "X": 1919.130615000000000, 
                "Y": -2717.996338000000000, 
                "Z": -192.613525000000000
            }, 
            "Rotation": {
                "X": 0.000000000000000, 
                "Y": 0.000000000000000, 
                "Z": 268.326900000000000
            }
        }
    }, 
    "DATA - Position/Rotation": {
        "Position": {
            "X": -256.000000000000000, 
            "Y": -824.000000000000000, 
            "Z": 472.000000000000000
        }, 
        "Rotation": {
            "X": 0.000000000000000, 
            "Y": 0.000000000000000, 
            "Z": 180.000000000000000
        }
    }
}
