{
    "Cell": "BalSFellVSInnerSShrine [CELL:01480105]", 
    "Record Header": {
        "Signature": "REFR", 
        "Data Size": 74, 
        "Record Flags": {
            "Quest item / Persistent reference / Show in Menu": true
        }, 
        "FormID": "01838A6C", 
        "Version Control Info": "00 00 00 00"
    }, 
    "NAME - Base": "0exUdaeUdoorUloadUoval [DOOR:01200037]", 
    "XTEL - Teleport Destination": {
        "Door": "[REFR:01838ADD]", 
        "Position/Rotation": {
            "Position": {
                "X": 4160.999023000000000, 
                "Y": 2352.343994000000000, 
                "Z": 12436.000000000000000
            }, 
            "Rotation": {
                "X": 0.000000000000000, 
                "Y": 0.000000000000000, 
                "Z": 0.000000000000000
            }
        }
    }, 
    "DATA - Position/Rotation": {
        "Position": {
            "X": 4088.000000000000000, 
            "Y": 3016.000000000000000, 
            "Z": 14456.000000000000000
        }, 
        "Rotation": {
            "X": 0.000000000000000, 
            "Y": 0.000000000000000, 
            "Z": 180.000000000000000
        }
    }
}
