{
    "Cell": " [CELL:014C0AED]", 
    "Record Header": {
        "Signature": "REFR", 
        "Data Size": 68, 
        "Record Flags": {
            "Visible when distant": true
        }, 
        "FormID": "018493A1", 
        "Version Control Info": "00 00 00 00"
    }, 
    "NAME - Base": "0terrainUrockUrmU17 [STAT:010C04EC]", 
    "XLOD - Distant LOD Data": {
        "Unknown #0": 0.000000000000000, 
        "Unknown #1": 0.000000000000000, 
        "Unknown #2": 1.000000000000000
    }, 
    "XSCL - Scale": 0.920000000000000, 
    "DATA - Position/Rotation": {
        "Position": {
            "X": 40130.695312000000000, 
            "Y": 26816.667969000000000, 
            "Z": 990.825195000000000
        }, 
        "Rotation": {
            "X": 325.622500000000000, 
            "Y": 0.000000000000000, 
            "Z": 347.577600000000000
        }
    }
}
