{
    "Cell": "MaarSGanVSGuardSTowerS3 [CELL:01480262]", 
    "Record Header": {
        "Signature": "REFR", 
        "Data Size": 74, 
        "Record Flags": {
            "Quest item / Persistent reference / Show in Menu": true
        }, 
        "FormID": "0183918E", 
        "Version Control Info": "00 00 00 00"
    }, 
    "NAME - Base": "0inUrUsUdoorU01 [DOOR:01200014]", 
    "XTEL - Teleport Destination": {
        "Door": "[REFR:01832CF4]", 
        "Position/Rotation": {
            "Position": {
                "X": -17356.916016000000000, 
                "Y": 102298.609375000000000, 
                "Z": 2414.948730000000000
            }, 
            "Rotation": {
                "X": 0.000000000000000, 
                "Y": 0.000000000000000, 
                "Z": 291.245100000000000
            }
        }
    }, 
    "DATA - Position/Rotation": {
        "Position": {
            "X": 4512.000000000000000, 
            "Y": 4128.000000000000000, 
            "Z": 14944.000000000000000
        }, 
        "Rotation": {
            "X": 0.000000000000000, 
            "Y": 0.000000000000000, 
            "Z": 90.000000000000000
        }
    }
}
