{
    "Cell": " [CELL:014C125A]", 
    "Record Header": {
        "Signature": "REFR", 
        "Data Size": 58, 
        "Record Flags": {
            "Visible when distant": true
        }, 
        "FormID": "018382B0", 
        "Version Control Info": "00 00 00 00"
    }, 
    "NAME - Base": "0terrainUrockUbcU18 [STAT:010C08FA]", 
    "XLOD - Distant LOD Data": {
        "Unknown #0": 0.000000000000000, 
        "Unknown #1": 0.000000000000000, 
        "Unknown #2": 1.000000000000000
    }, 
    "DATA - Position/Rotation": {
        "Position": {
            "X": -55265.359375000000000, 
            "Y": 23681.400391000000000, 
            "Z": -3.334975000000000
        }, 
        "Rotation": {
            "X": 5.729600000000000, 
            "Y": 22.918300000000000, 
            "Z": 343.774600000000000
        }
    }
}
