{
    "Cell": " [CELL:014C0C01]", 
    "Record Header": {
        "Signature": "REFR", 
        "Data Size": 58, 
        "Record Flags": {
            "Visible when distant": true
        }, 
        "FormID": "0182365B", 
        "Version Control Info": "00 00 00 00"
    }, 
    "NAME - Base": "0ExUTUmenhirULU01 [STAT:010C0429]", 
    "XLOD - Distant LOD Data": {
        "Unknown #0": 0.000000000000000, 
        "Unknown #1": 0.000000000000000, 
        "Unknown #2": 1.000000000000000
    }, 
    "DATA - Position/Rotation": {
        "Position": {
            "X": 21571.126953000000000, 
            "Y": 181999.390625000000000, 
            "Z": -239.665451000000000
        }, 
        "Rotation": {
            "X": 0.000000000000000, 
            "Y": 348.540900000000000, 
            "Z": 308.433900000000000
        }
    }
}
