{
    "Cell": "BerandasVSKeepVSTopSLevel [CELL:0148013B]", 
    "Record Header": {
        "Signature": "REFR", 
        "Data Size": 84, 
        "Record Flags": {
            "Quest item / Persistent reference / Show in Menu": true
        }, 
        "FormID": "01805F81", 
        "Version Control Info": "00 00 00 00"
    }, 
    "NAME - Base": "0inUstrongUvaultdoor00 [DOOR:0120000F]", 
    "XTEL - Teleport Destination": {
        "Door": "[REFR:01806005]", 
        "Position/Rotation": {
            "Position": {
                "X": 852.000000000000000, 
                "Y": 253.000000000000000, 
                "Z": -89.000000000000000
            }, 
            "Rotation": {
                "X": 0.000000000000000, 
                "Y": 0.000000000000000, 
                "Z": 92.000000000000000
            }
        }
    }, 
    "XSCL - Scale": 1.020000000000000, 
    "DATA - Position/Rotation": {
        "Position": {
            "X": 1152.039429000000000, 
            "Y": 192.005051000000000, 
            "Z": -383.000000000000000
        }, 
        "Rotation": {
            "X": 0.000000000000000, 
            "Y": 0.000000000000000, 
            "Z": 0.000000000000000
        }
    }
}
