{
    "Cell": " [CELL:014C12C0]", 
    "Record Header": {
        "Signature": "REFR", 
        "Data Size": 58, 
        "Record Flags": {
            "Visible when distant": true
        }, 
        "FormID": "0180C330", 
        "Version Control Info": "00 00 00 00"
    }, 
    "NAME - Base": "0terrainUrockUwgU08 [STAT:010C048D]", 
    "XLOD - Distant LOD Data": {
        "Unknown #0": 0.000000000000000, 
        "Unknown #1": 0.000000000000000, 
        "Unknown #2": 1.000000000000000
    }, 
    "DATA - Position/Rotation": {
        "Position": {
            "X": -65397.128906000000000, 
            "Y": 110039.351562000000000, 
            "Z": 663.608093000000000
        }, 
        "Rotation": {
            "X": 348.540900000000000, 
            "Y": 314.163400000000000, 
            "Z": 0.000000000000000
        }
    }
}
