{
    "Cell": "SuranVSIbarnadadSAssirnarariXSApothecary [CELL:01480382]", 
    "Record Header": {
        "Signature": "REFR", 
        "Data Size": 74, 
        "Record Flags": {
            "Quest item / Persistent reference / Show in Menu": true
        }, 
        "FormID": "018403D4", 
        "Version Control Info": "00 00 00 00"
    }, 
    "NAME - Base": "0inUhlaaluUloaddoorU01 [DOOR:0120003D]", 
    "XTEL - Teleport Destination": {
        "Door": "[REFR:01830A04]", 
        "Position/Rotation": {
            "Position": {
                "X": 55756.675781000000000, 
                "Y": -54405.613281000000000, 
                "Z": 1571.142456000000000
            }, 
            "Rotation": {
                "X": 0.000000000000000, 
                "Y": 0.000000000000000, 
                "Z": 33.540800000000000
            }
        }
    }, 
    "DATA - Position/Rotation": {
        "Position": {
            "X": 512.000000000000000, 
            "Y": -384.000000000000000, 
            "Z": 384.000000000000000
        }, 
        "Rotation": {
            "X": 0.000000000000000, 
            "Y": 0.000000000000000, 
            "Z": 90.000000000000000
        }
    }
}
