{
    "Cell": "SadrithSMoraVSDirtySMurielAsSCornerclub [CELL:0148030B]", 
    "Record Header": {
        "Signature": "REFR", 
        "Data Size": 74, 
        "Record Flags": {
            "Quest item / Persistent reference / Show in Menu": true
        }, 
        "FormID": "01842122", 
        "Version Control Info": "00 00 00 00"
    }, 
    "NAME - Base": "0inUcUdoorUwoodUsquare [DOOR:01200016]", 
    "XTEL - Teleport Destination": {
        "Door": "[REFR:0180BB81]", 
        "Position/Rotation": {
            "Position": {
                "X": 152284.062500000000000, 
                "Y": 29872.470703000000000, 
                "Z": 594.709778000000000
            }, 
            "Rotation": {
                "X": 0.000000000000000, 
                "Y": 0.000000000000000, 
                "Z": 308.433900000000000
            }
        }
    }, 
    "DATA - Position/Rotation": {
        "Position": {
            "X": -312.022003000000000, 
            "Y": 113.394997000000000, 
            "Z": 128.000000000000000
        }, 
        "Rotation": {
            "X": 0.000000000000000, 
            "Y": 0.000000000000000, 
            "Z": 0.000000000000000
        }
    }
}
