{
    "Cell": "OldSMournholdXSCitySGate [CELL:014804FC]", 
    "Record Header": {
        "Signature": "REFR", 
        "Data Size": 84, 
        "Record Flags": {
            "Quest item / Persistent reference / Show in Menu": true
        }, 
        "FormID": "01F05BF7", 
        "Version Control Info": "00 00 00 00"
    }, 
    "NAME - Base": "0doorUcavernUdoors10 [DOOR:01200013]", 
    "XTEL - Teleport Destination": {
        "Door": "[REFR:01F059CE]", 
        "Position/Rotation": {
            "Position": {
                "X": -511.402435000000000, 
                "Y": 2168.475098000000000, 
                "Z": -611.235291000000000
            }, 
            "Rotation": {
                "X": 0.000000000000000, 
                "Y": 0.000000000000000, 
                "Z": 270.000000000000000
            }
        }
    }, 
    "XSCL - Scale": 1.020000000000000, 
    "DATA - Position/Rotation": {
        "Position": {
            "X": 230.175552000000000, 
            "Y": 1034.537964000000000, 
            "Z": 331.326050000000000
        }, 
        "Rotation": {
            "X": 0.000000000000000, 
            "Y": 0.000000000000000, 
            "Z": 225.000000000000000
        }
    }
}
