{
    "Cell": " [CELL:014C06EB]", 
    "Record Header": {
        "Signature": "REFR", 
        "Data Size": 68, 
        "Record Flags": {
            "Visible when distant": true
        }, 
        "FormID": "0186F2FF", 
        "Version Control Info": "00 00 00 00"
    }, 
    "NAME - Base": "0ExUTUmenhirULU01 [STAT:010C0429]", 
    "XLOD - Distant LOD Data": {
        "Unknown #0": 0.000000000000000, 
        "Unknown #1": 0.000000000000000, 
        "Unknown #2": 1.000000000000000
    }, 
    "XSCL - Scale": 2.000000000000000, 
    "DATA - Position/Rotation": {
        "Position": {
            "X": 87588.679688000000000, 
            "Y": -83617.289062000000000, 
            "Z": -1450.314209000000000
        }, 
        "Rotation": {
            "X": 0.000000000000000, 
            "Y": 0.000000000000000, 
            "Z": 145.115300000000000
        }
    }
}
