{
    "Cell": "UrshilakuVSAstralSBurial [CELL:014803E9]", 
    "Record Header": {
        "Signature": "REFR", 
        "Data Size": 84, 
        "Record Flags": {
            "Quest item / Persistent reference / Show in Menu": true
        }, 
        "FormID": "0185AB27", 
        "Version Control Info": "00 00 00 00"
    }, 
    "NAME - Base": "0doorUcavernUdoors10 [DOOR:01200013]", 
    "XTEL - Teleport Destination": {
        "Door": "[REFR:0185AF73]", 
        "Position/Rotation": {
            "Position": {
                "X": 4132.000000000000000, 
                "Y": 1545.999756000000000, 
                "Z": 378.000000000000000
            }, 
            "Rotation": {
                "X": 0.000000000000000, 
                "Y": 0.000000000000000, 
                "Z": 180.000000000000000
            }
        }
    }, 
    "XSCL - Scale": 1.020000000000000, 
    "DATA - Position/Rotation": {
        "Position": {
            "X": 3092.878662000000000, 
            "Y": 6393.056641000000000, 
            "Z": 12800.890625000000000
        }, 
        "Rotation": {
            "X": 0.000000000000000, 
            "Y": 0.000000000000000, 
            "Z": 341.860500000000000
        }
    }
}
