{
    "Cell": " [CELL:014C01F7]", 
    "Record Header": {
        "Signature": "REFR", 
        "Data Size": 68, 
        "Record Flags": {
            "Visible when distant": true
        }, 
        "FormID": "0186DA42", 
        "Version Control Info": "00 00 00 00"
    }, 
    "NAME - Base": "0ExUTUmenhirULU01 [STAT:010C0429]", 
    "XLOD - Distant LOD Data": {
        "Unknown #0": 0.000000000000000, 
        "Unknown #1": 0.000000000000000, 
        "Unknown #2": 1.000000000000000
    }, 
    "XSCL - Scale": 2.000000000000000, 
    "DATA - Position/Rotation": {
        "Position": {
            "X": 153865.640625000000000, 
            "Y": -2582.241699000000000, 
            "Z": -1297.191528000000000
        }, 
        "Rotation": {
            "X": 0.000000000000000, 
            "Y": 0.000000000000000, 
            "Z": 246.346400000000000
        }
    }
}
