{
    "Cell": "VivecVSStPSDelynSCanalworks [CELL:0148045C]", 
    "Record Header": {
        "Signature": "REFR", 
        "Data Size": 74, 
        "Record Flags": {
            "Quest item / Persistent reference / Show in Menu": true
        }, 
        "FormID": "018676F8", 
        "Version Control Info": "00 00 00 00"
    }, 
    "NAME - Base": "0inUvUsUtrapdoorU01 [DOOR:01200030]", 
    "XTEL - Teleport Destination": {
        "Door": "[REFR:018678A7]", 
        "Position/Rotation": {
            "Position": {
                "X": 1728.000000000000000, 
                "Y": 7168.000000000000000, 
                "Z": 20.000000000000000
            }, 
            "Rotation": {
                "X": 0.000000000000000, 
                "Y": 0.000000000000000, 
                "Z": 90.000000000000000
            }
        }
    }, 
    "DATA - Position/Rotation": {
        "Position": {
            "X": 1945.714966000000000, 
            "Y": 3041.159180000000000, 
            "Z": 12287.153320000000000
        }, 
        "Rotation": {
            "X": 0.000000000000000, 
            "Y": 0.000000000000000, 
            "Z": 180.000000000000000
        }
    }
}
