{
    "Cell": "SuranVSOranSManor [CELL:01480383]", 
    "Record Header": {
        "Signature": "REFR", 
        "Data Size": 74, 
        "Record Flags": {
            "Quest item / Persistent reference / Show in Menu": true
        }, 
        "FormID": "018400E6", 
        "Version Control Info": "00 00 00 00"
    }, 
    "NAME - Base": "0inUhlaaluUloaddoorU01 [DOOR:0120003D]", 
    "XTEL - Teleport Destination": {
        "Door": "[REFR:01830A40]", 
        "Position/Rotation": {
            "Position": {
                "X": 53584.820312000000000, 
                "Y": -56097.933594000000000, 
                "Z": 1511.310669000000000
            }, 
            "Rotation": {
                "X": 0.000000000000000, 
                "Y": 0.000000000000000, 
                "Z": 315.000000000000000
            }
        }
    }, 
    "DATA - Position/Rotation": {
        "Position": {
            "X": 512.000000000000000, 
            "Y": -640.000000000000000, 
            "Z": 384.000000000000000
        }, 
        "Rotation": {
            "X": 0.000000000000000, 
            "Y": 0.000000000000000, 
            "Z": 90.000000000000000
        }
    }
}
