{
    "Cell": "DrenSPlantationVSGuardhouse [CELL:0148018C]", 
    "Record Header": {
        "Signature": "REFR", 
        "Data Size": 74, 
        "Record Flags": {
            "Quest item / Persistent reference / Show in Menu": true
        }, 
        "FormID": "0182BC6C", 
        "Version Control Info": "00 00 00 00"
    }, 
    "NAME - Base": "0inUhlaaluUloaddoorU01 [DOOR:0120003D]", 
    "XTEL - Teleport Destination": {
        "Door": "[REFR:0182BA8E]", 
        "Position/Rotation": {
            "Position": {
                "X": 23248.000000000000000, 
                "Y": -54528.000000000000000, 
                "Z": 1212.000000000000000
            }, 
            "Rotation": {
                "X": 0.000000000000000, 
                "Y": 0.000000000000000, 
                "Z": 180.000000000000000
            }
        }
    }, 
    "DATA - Position/Rotation": {
        "Position": {
            "X": 4224.000000000000000, 
            "Y": 2816.000000000000000, 
            "Z": 15424.000000000000000
        }, 
        "Rotation": {
            "X": 0.000000000000000, 
            "Y": 0.000000000000000, 
            "Z": 90.000000000000000
        }
    }
}
