{
    "Cell": "FalasmaryonVSUpperSLevel [CELL:014801CC]", 
    "Record Header": {
        "Signature": "REFR", 
        "Data Size": 84, 
        "Record Flags": {
            "Quest item / Persistent reference / Show in Menu": true
        }, 
        "FormID": "0181B5A2", 
        "Version Control Info": "00 00 00 00"
    }, 
    "NAME - Base": "0inUstrongUvaultdoor00 [DOOR:0120000F]", 
    "XTEL - Teleport Destination": {
        "Door": "[REFR:0181B4EA]", 
        "Position/Rotation": {
            "Position": {
                "X": 1156.321045000000000, 
                "Y": 6695.977051000000000, 
                "Z": -1877.282959000000000
            }, 
            "Rotation": {
                "X": 0.000000000000000, 
                "Y": 0.000000000000000, 
                "Z": 0.000000000000000
            }
        }
    }, 
    "XSCL - Scale": 1.030000000000000, 
    "DATA - Position/Rotation": {
        "Position": {
            "X": 831.091187000000000, 
            "Y": 1662.737183000000000, 
            "Z": -1535.702637000000000
        }, 
        "Rotation": {
            "X": 0.000000000000000, 
            "Y": 0.000000000000000, 
            "Z": 270.000000000000000
        }
    }
}
