{
    "Cell": "CalderaVSMiningSBunkhouse [CELL:01480152]", 
    "Record Header": {
        "Signature": "REFR", 
        "Data Size": 74, 
        "Record Flags": {
            "Quest item / Persistent reference / Show in Menu": true
        }, 
        "FormID": "0182A3CF", 
        "Version Control Info": "00 00 00 00"
    }, 
    "NAME - Base": "0exUcommonUdoorU01 [DOOR:01200009]", 
    "XTEL - Teleport Destination": {
        "Door": "[REFR:01823CCA]", 
        "Position/Rotation": {
            "Position": {
                "X": -23063.759766000000000, 
                "Y": 10045.184570000000000, 
                "Z": 982.457031000000000
            }, 
            "Rotation": {
                "X": 0.000000000000000, 
                "Y": 0.000000000000000, 
                "Z": 200.500000000000000
            }
        }
    }, 
    "DATA - Position/Rotation": {
        "Position": {
            "X": -168.074417000000000, 
            "Y": -831.796082000000000, 
            "Z": 128.000000000000000
        }, 
        "Rotation": {
            "X": 0.000000000000000, 
            "Y": 0.000000000000000, 
            "Z": 270.000000000000000
        }
    }
}
