{
    "Cell": "VivecVSStPSOlmsSUnderworks [CELL:01480476]", 
    "Record Header": {
        "Signature": "REFR", 
        "Data Size": 74, 
        "Record Flags": {
            "Quest item / Persistent reference / Show in Menu": true
        }, 
        "FormID": "01867B4D", 
        "Version Control Info": "00 00 00 00"
    }, 
    "NAME - Base": "0VelothiUSewerUDoor [DOOR:0120007F]", 
    "XTEL - Teleport Destination": {
        "Door": "[REFR:01867A03]", 
        "Position/Rotation": {
            "Position": {
                "X": 2656.000000000000000, 
                "Y": -496.000000000000000, 
                "Z": -220.000000000000000
            }, 
            "Rotation": {
                "X": 0.000000000000000, 
                "Y": 0.000000000000000, 
                "Z": 0.000000000000000
            }
        }
    }, 
    "DATA - Position/Rotation": {
        "Position": {
            "X": 1680.000000000000000, 
            "Y": 928.000000000000000, 
            "Z": 400.000000000000000
        }, 
        "Rotation": {
            "X": 0.000000000000000, 
            "Y": 0.000000000000000, 
            "Z": 270.000000000000000
        }
    }
}
