{
    "Cell": " [CELL:014C0D1F]", 
    "Record Header": {
        "Signature": "REFR", 
        "Data Size": 68, 
        "Record Flags": {
            "Visible when distant": true
        }, 
        "FormID": "01857BCC", 
        "Version Control Info": "00 00 00 00"
    }, 
    "NAME - Base": "0terrainUrockUrmU17 [STAT:010C04EC]", 
    "XLOD - Distant LOD Data": {
        "Unknown #0": 0.000000000000000, 
        "Unknown #1": 0.000000000000000, 
        "Unknown #2": 1.000000000000000
    }, 
    "XSCL - Scale": 1.710000000000000, 
    "DATA - Position/Rotation": {
        "Position": {
            "X": 12914.345703000000000, 
            "Y": -25139.142578000000000, 
            "Z": 2680.416748000000000
        }, 
        "Rotation": {
            "X": 11.459200000000000, 
            "Y": 0.000000000000000, 
            "Z": 319.892900000000000
        }
    }
}
