{
    "Cell": "DruscashtiVSLowerSLevel [CELL:01480197]", 
    "Record Header": {
        "Signature": "REFR", 
        "Data Size": 74, 
        "Record Flags": {
            "Quest item / Persistent reference / Show in Menu": true
        }, 
        "FormID": "0182F88E", 
        "Version Control Info": "00 00 00 00"
    }, 
    "NAME - Base": "0doorUdwrvUload00 [DOOR:01200033]", 
    "XTEL - Teleport Destination": {
        "Door": "[REFR:0182F802]", 
        "Position/Rotation": {
            "Position": {
                "X": 452.000000000000000, 
                "Y": 912.000000000000000, 
                "Z": -1568.000000000000000
            }, 
            "Rotation": {
                "X": 0.000000000000000, 
                "Y": 0.000000000000000, 
                "Z": 180.000000000000000
            }
        }
    }, 
    "DATA - Position/Rotation": {
        "Position": {
            "X": 1896.000000000000000, 
            "Y": -1088.000000000000000, 
            "Z": -1492.000000000000000
        }, 
        "Rotation": {
            "X": 0.000000000000000, 
            "Y": 0.000000000000000, 
            "Z": 180.000000000000000
        }
    }
}
