{
    "Cell": " [CELL:014C0398]", 
    "Record Header": {
        "Signature": "REFR", 
        "Data Size": 58, 
        "Record Flags": {
            "Visible when distant": true
        }, 
        "FormID": "018602EC", 
        "Version Control Info": "00 00 00 00"
    }, 
    "NAME - Base": "0terrainUrockUmaU57 [STAT:010C0870]", 
    "XLOD - Distant LOD Data": {
        "Unknown #0": 0.000000000000000, 
        "Unknown #1": 0.000000000000000, 
        "Unknown #2": 1.000000000000000
    }, 
    "DATA - Position/Rotation": {
        "Position": {
            "X": 124781.796875000000000, 
            "Y": -37497.507812000000000, 
            "Z": 1995.134888000000000
        }, 
        "Rotation": {
            "X": 337.081700000000000, 
            "Y": 348.540900000000000, 
            "Z": 21.955000000000000
        }
    }
}
