{
    "Cell": "BalmoraVSHlaaloSManor [CELL:0148011C]", 
    "Record Header": {
        "Signature": "REFR", 
        "Data Size": 74, 
        "Record Flags": {
            "Quest item / Persistent reference / Show in Menu": true
        }, 
        "FormID": "0184BE37", 
        "Version Control Info": "00 00 00 00"
    }, 
    "NAME - Base": "0inUhlaaluUloaddoorU01 [DOOR:0120003D]", 
    "XTEL - Teleport Destination": {
        "Door": "[REFR:01808036]", 
        "Position/Rotation": {
            "Position": {
                "X": -24046.050781000000000, 
                "Y": -11361.780273000000000, 
                "Z": 1299.192017000000000
            }, 
            "Rotation": {
                "X": 0.000000000000000, 
                "Y": 0.000000000000000, 
                "Z": 180.481700000000000
            }
        }
    }, 
    "DATA - Position/Rotation": {
        "Position": {
            "X": 512.000000000000000, 
            "Y": -128.000000000000000, 
            "Z": 640.000000000000000
        }, 
        "Rotation": {
            "X": 0.000000000000000, 
            "Y": 0.000000000000000, 
            "Z": 90.000000000000000
        }
    }
}
