{
    "Cell": "BalmoraVSHlaaloSManor [CELL:0148011C]", 
    "Record Header": {
        "Signature": "REFR", 
        "Data Size": 74, 
        "Record Flags": {
            "Quest item / Persistent reference / Show in Menu": true
        }, 
        "FormID": "0184BE38", 
        "Version Control Info": "00 00 00 00"
    }, 
    "NAME - Base": "0inUhlaaluUloaddoorU01 [DOOR:0120003D]", 
    "XTEL - Teleport Destination": {
        "Door": "[REFR:01808035]", 
        "Position/Rotation": {
            "Position": {
                "X": -24611.841797000000000, 
                "Y": -11419.965820000000000, 
                "Z": 990.436768000000000
            }, 
            "Rotation": {
                "X": 0.000000000000000, 
                "Y": 0.000000000000000, 
                "Z": 268.326700000000000
            }
        }
    }, 
    "DATA - Position/Rotation": {
        "Position": {
            "X": -400.000000000000000, 
            "Y": 0.000000000000000, 
            "Z": 128.000000000000000
        }, 
        "Rotation": {
            "X": 0.000000000000000, 
            "Y": 0.000000000000000, 
            "Z": 180.000000000000000
        }
    }
}
