{
    "Cell": "VivecVSPuzzleSCanalVSLevelS1 [CELL:01480441]", 
    "Record Header": {
        "Signature": "REFR", 
        "Data Size": 74, 
        "Record Flags": {
            "Quest item / Persistent reference / Show in Menu": true
        }, 
        "FormID": "018333AB", 
        "Version Control Info": "00 00 00 00"
    }, 
    "NAME - Base": "0vivecUgrateUdoorU02 [DOOR:0120004B]", 
    "XTEL - Teleport Destination": {
        "Door": "[REFR:01830157]", 
        "Position/Rotation": {
            "Position": {
                "X": 32227.636719000000000, 
                "Y": -106564.328125000000000, 
                "Z": 1677.850830000000000
            }, 
            "Rotation": {
                "X": 0.000000000000000, 
                "Y": 0.000000000000000, 
                "Z": 0.000000000000000
            }
        }
    }, 
    "DATA - Position/Rotation": {
        "Position": {
            "X": 2113.757812000000000, 
            "Y": 4053.673340000000000, 
            "Z": 16.250053000000000
        }, 
        "Rotation": {
            "X": 0.000000000000000, 
            "Y": 0.000000000000000, 
            "Z": 180.000000000000000
        }
    }
}
