{
    "Cell": " [CELL:014C12DB]", 
    "Record Header": {
        "Signature": "REFR", 
        "Data Size": 58, 
        "Record Flags": {
            "Visible when distant": true
        }, 
        "FormID": "0180ACDC", 
        "Version Control Info": "00 00 00 00"
    }, 
    "NAME - Base": "0terrainUrockUwgU08 [STAT:010C048D]", 
    "XLOD - Distant LOD Data": {
        "Unknown #0": 0.000000000000000, 
        "Unknown #1": 0.000000000000000, 
        "Unknown #2": 1.000000000000000
    }, 
    "DATA - Position/Rotation": {
        "Position": {
            "X": -59654.617187000000000, 
            "Y": 62491.359375000000000, 
            "Z": 1949.125977000000000
        }, 
        "Rotation": {
            "X": 331.352100000000000, 
            "Y": 0.000000000000000, 
            "Z": 0.000000000000000
        }
    }
}
