{
    "Cell": "VivecVSHlaaluSUnderworks [CELL:0148042E]", 
    "Record Header": {
        "Signature": "REFR", 
        "Data Size": 74, 
        "Record Flags": {
            "Quest item / Persistent reference / Show in Menu": true
        }, 
        "FormID": "0186733E", 
        "Version Control Info": "00 00 00 00"
    }, 
    "NAME - Base": "0VelothiUSewerUDoor [DOOR:0120007F]", 
    "XTEL - Teleport Destination": {
        "Door": "[REFR:01867334]", 
        "Position/Rotation": {
            "Position": {
                "X": -640.000000000000000, 
                "Y": 80.000000000000000, 
                "Z": -220.000000000000000
            }, 
            "Rotation": {
                "X": 0.000000000000000, 
                "Y": 0.000000000000000, 
                "Z": 180.000000000000000
            }
        }
    }, 
    "DATA - Position/Rotation": {
        "Position": {
            "X": 1648.000000000000000, 
            "Y": 1088.000000000000000, 
            "Z": 288.000000000000000
        }, 
        "Rotation": {
            "X": 0.000000000000000, 
            "Y": 0.000000000000000, 
            "Z": 270.000000000000000
        }
    }
}
