{
    "Cell": "VosVSVaroSTradehouse [CELL:0148049F]", 
    "Record Header": {
        "Signature": "REFR", 
        "Data Size": 74, 
        "Record Flags": {
            "Quest item / Persistent reference / Show in Menu": true
        }, 
        "FormID": "01856179", 
        "Version Control Info": "00 00 00 00"
    }, 
    "NAME - Base": "0inUtUsUplainUdoor [DOOR:0120002A]", 
    "XTEL - Teleport Destination": {
        "Door": "[REFR:01856225]", 
        "Position/Rotation": {
            "Position": {
                "X": 272.542511000000000, 
                "Y": 34.849579000000000, 
                "Z": 187.789337000000000
            }, 
            "Rotation": {
                "X": 0.000000000000000, 
                "Y": 0.000000000000000, 
                "Z": 269.759100000000000
            }
        }
    }, 
    "DATA - Position/Rotation": {
        "Position": {
            "X": -608.000000000000000, 
            "Y": 192.000000000000000, 
            "Z": 385.397858000000000
        }, 
        "Rotation": {
            "X": 0.000000000000000, 
            "Y": 0.000000000000000, 
            "Z": 90.000000000000000
        }
    }
}
