{
    "Cell": "ShulkSEggSMineVSMiningSCamp [CELL:01480365]", 
    "Record Header": {
        "Signature": "REFR", 
        "Data Size": 74, 
        "Record Flags": {
            "Quest item / Persistent reference / Show in Menu": true
        }, 
        "FormID": "018420D8", 
        "Version Control Info": "00 00 00 00"
    }, 
    "NAME - Base": "0exUcaveUdoorU01 [DOOR:0120002F]", 
    "XTEL - Teleport Destination": {
        "Door": "[REFR:01841A7D]", 
        "Position/Rotation": {
            "Position": {
                "X": -352.000000000000000, 
                "Y": -1344.000000000000000, 
                "Z": -1372.000000000000000
            }, 
            "Rotation": {
                "X": 0.000000000000000, 
                "Y": 0.000000000000000, 
                "Z": 180.000000000000000
            }
        }
    }, 
    "DATA - Position/Rotation": {
        "Position": {
            "X": 5632.000000000000000, 
            "Y": 3360.000000000000000, 
            "Z": 13152.000000000000000
        }, 
        "Rotation": {
            "X": 0.000000000000000, 
            "Y": 0.000000000000000, 
            "Z": 180.000000000000000
        }
    }
}
