{
    "Cell": "DubdillaVSUnchartedSCavernsVSLower [CELL:0148019B]", 
    "Record Header": {
        "Signature": "REFR", 
        "Data Size": 74, 
        "Record Flags": {
            "Quest item / Persistent reference / Show in Menu": true
        }, 
        "FormID": "01860805", 
        "Version Control Info": "00 00 00 00"
    }, 
    "NAME - Base": "0inUdaeUdoorU01 [DOOR:01200035]", 
    "XTEL - Teleport Destination": {
        "Door": "[REFR:01860792]", 
        "Position/Rotation": {
            "Position": {
                "X": 2686.253418000000000, 
                "Y": -1219.572876000000000, 
                "Z": -339.933899000000000
            }, 
            "Rotation": {
                "X": 0.000000000000000, 
                "Y": 0.000000000000000, 
                "Z": 177.616900000000000
            }
        }
    }, 
    "DATA - Position/Rotation": {
        "Position": {
            "X": 2566.170898000000000, 
            "Y": -1057.233032000000000, 
            "Z": -261.390015000000000
        }, 
        "Rotation": {
            "X": 0.000000000000000, 
            "Y": 0.000000000000000, 
            "Z": 0.000000000000000
        }
    }
}
