{
    "Cell": " [CELL:014C13D7]", 
    "Record Header": {
        "Signature": "REFR", 
        "Data Size": 58, 
        "Record Flags": {
            "Visible when distant": true
        }, 
        "FormID": "0180992B", 
        "Version Control Info": "00 00 00 00"
    }, 
    "NAME - Base": "0terrainUrockUwgU09 [STAT:010C048E]", 
    "XLOD - Distant LOD Data": {
        "Unknown #0": 0.000000000000000, 
        "Unknown #1": 0.000000000000000, 
        "Unknown #2": 1.000000000000000
    }, 
    "DATA - Position/Rotation": {
        "Position": {
            "X": -76329.289062000000000, 
            "Y": 121454.531250000000000, 
            "Z": 1499.128662000000000
        }, 
        "Rotation": {
            "X": 17.188700000000000, 
            "Y": 0.000000000000000, 
            "Z": 285.515500000000000
        }
    }
}
