{
    "Cell": "KhuulVSThongarAsSTradehouse [CELL:0148023D]", 
    "Record Header": {
        "Signature": "REFR", 
        "Data Size": 74, 
        "Record Flags": {
            "Quest item / Persistent reference / Show in Menu": true
        }, 
        "FormID": "01818F05", 
        "Version Control Info": "00 00 00 00"
    }, 
    "NAME - Base": "0inUredoranUhutUdoorU01 [DOOR:0120001D]", 
    "XTEL - Teleport Destination": {
        "Door": "[REFR:018109C8]", 
        "Position/Rotation": {
            "Position": {
                "X": -66897.078125000000000, 
                "Y": 139876.296875000000000, 
                "Z": 89.827713000000000
            }, 
            "Rotation": {
                "X": 0.000000000000000, 
                "Y": 0.000000000000000, 
                "Z": 291.245100000000000
            }
        }
    }, 
    "DATA - Position/Rotation": {
        "Position": {
            "X": 4320.000000000000000, 
            "Y": 3776.000000000000000, 
            "Z": 13856.000000000000000
        }, 
        "Rotation": {
            "X": 0.000000000000000, 
            "Y": 0.000000000000000, 
            "Z": 180.000000000000000
        }
    }
}
