{
    "Cell": "EbonheartVSImperialSGuardSGarrison [CELL:014801AB]", 
    "Record Header": {
        "Signature": "REFR", 
        "Data Size": 74, 
        "Record Flags": {
            "Quest item / Persistent reference / Show in Menu": true
        }, 
        "FormID": "018226AA", 
        "Version Control Info": "00 00 00 00"
    }, 
    "NAME - Base": "0inUimpsmallUloaddoorU01 [DOOR:01200022]", 
    "XTEL - Teleport Destination": {
        "Door": "[REFR:0186AA73]", 
        "Position/Rotation": {
            "Position": {
                "X": 240.000000000000000, 
                "Y": 0.000000000000000, 
                "Z": 148.000000000000000
            }, 
            "Rotation": {
                "X": 0.000000000000000, 
                "Y": 0.000000000000000, 
                "Z": 270.000000000000000
            }
        }
    }, 
    "DATA - Position/Rotation": {
        "Position": {
            "X": 0.000000000000000, 
            "Y": 384.000000000000000, 
            "Z": 128.000000000000000
        }, 
        "Rotation": {
            "X": 0.000000000000000, 
            "Y": 0.000000000000000, 
            "Z": 90.000000000000000
        }
    }
}
