{
    "Cell": " [CELL:014C0E70]", 
    "Record Header": {
        "Signature": "REFR", 
        "Data Size": 58, 
        "Record Flags": {
            "Visible when distant": true
        }, 
        "FormID": "0180BF38", 
        "Version Control Info": "00 00 00 00"
    }, 
    "NAME - Base": "0terrainUrockUwgU10 [STAT:010C048F]", 
    "XLOD - Distant LOD Data": {
        "Unknown #0": 0.000000000000000, 
        "Unknown #1": 0.000000000000000, 
        "Unknown #2": 1.000000000000000
    }, 
    "DATA - Position/Rotation": {
        "Position": {
            "X": -5972.567383000000000, 
            "Y": 11210.209961000000000, 
            "Z": 1770.649414000000000
        }, 
        "Rotation": {
            "X": 347.577400000000000, 
            "Y": 22.918300000000000, 
            "Z": 96.439400000000000
        }
    }
}
