{
    "Cell": "Odirniran [CELL:014802C8]", 
    "Record Header": {
        "Signature": "REFR", 
        "Data Size": 74, 
        "Record Flags": {
            "Quest item / Persistent reference / Show in Menu": true
        }, 
        "FormID": "01868015", 
        "Version Control Info": "00 00 00 00"
    }, 
    "NAME - Base": "0inUvelothismallUndoorU01 [DOOR:01200043]", 
    "XTEL - Teleport Destination": {
        "Door": "[REFR:01830259]", 
        "Position/Rotation": {
            "Position": {
                "X": 145004.000000000000000, 
                "Y": -58823.000000000000000, 
                "Z": 913.000000000000000
            }, 
            "Rotation": {
                "X": 0.000000000000000, 
                "Y": 0.000000000000000, 
                "Z": 227.646700000000000
            }
        }
    }, 
    "DATA - Position/Rotation": {
        "Position": {
            "X": 507.924988000000000, 
            "Y": 4927.937988000000000, 
            "Z": -1152.000000000000000
        }, 
        "Rotation": {
            "X": 0.000000000000000, 
            "Y": 0.000000000000000, 
            "Z": 0.000000000000000
        }
    }
}
