{
    "Cell": " [CELL:014C0F91]", 
    "Record Header": {
        "Signature": "REFR", 
        "Data Size": 58, 
        "Record Flags": {
            "Visible when distant": true
        }, 
        "FormID": "018488CA", 
        "Version Control Info": "00 00 00 00"
    }, 
    "NAME - Base": "0terrainUrockUrmU19 [STAT:010C04EE]", 
    "XLOD - Distant LOD Data": {
        "Unknown #0": 0.000000000000000, 
        "Unknown #1": 0.000000000000000, 
        "Unknown #2": 1.000000000000000
    }, 
    "DATA - Position/Rotation": {
        "Position": {
            "X": -18543.060547000000000, 
            "Y": 141451.312500000000000, 
            "Z": 926.099304000000000
        }, 
        "Rotation": {
            "X": 331.352100000000000, 
            "Y": 319.893000000000000, 
            "Z": 199.571900000000000
        }
    }
}
