{
    "Cell": " [CELL:014C0DC6]", 
    "Record Header": {
        "Signature": "REFR", 
        "Data Size": 68, 
        "Record Flags": {
            "Visible when distant": true
        }, 
        "FormID": "0182FC25", 
        "Version Control Info": "00 00 00 00"
    }, 
    "NAME - Base": "0terrainUrockUrmU18 [STAT:010C04ED]", 
    "XLOD - Distant LOD Data": {
        "Unknown #0": 0.000000000000000, 
        "Unknown #1": 0.000000000000000, 
        "Unknown #2": 1.000000000000000
    }, 
    "XSCL - Scale": 1.780000000000000, 
    "DATA - Position/Rotation": {
        "Position": {
            "X": 3258.449219000000000, 
            "Y": -3274.568115000000000, 
            "Z": 3573.842529000000000
        }, 
        "Rotation": {
            "X": 0.000000000000000, 
            "Y": 0.000000000000000, 
            "Z": 314.163400000000000
        }
    }
}
