{
    "Cell": "Hassour [CELL:01480205]", 
    "Record Header": {
        "Signature": "REFR", 
        "Data Size": 74, 
        "Record Flags": {
            "Quest item / Persistent reference / Show in Menu": true
        }, 
        "FormID": "01843B17", 
        "Version Control Info": "00 00 00 00"
    }, 
    "NAME - Base": "0doorUcavernUdoors10 [DOOR:01200013]", 
    "XTEL - Teleport Destination": {
        "Door": "[REFR:01843BBF]", 
        "Position/Rotation": {
            "Position": {
                "X": 1855.778076000000000, 
                "Y": 6813.870605000000000, 
                "Z": 12452.550781000000000
            }, 
            "Rotation": {
                "X": 0.000000000000000, 
                "Y": 0.000000000000000, 
                "Z": 91.673300000000000
            }
        }
    }, 
    "DATA - Position/Rotation": {
        "Position": {
            "X": -3232.000000000000000, 
            "Y": 5662.000000000000000, 
            "Z": -1563.172974000000000
        }, 
        "Rotation": {
            "X": 0.000000000000000, 
            "Y": 0.000000000000000, 
            "Z": 90.000000000000000
        }
    }
}
