{
    "Cell": " [CELL:014C1277]", 
    "Record Header": {
        "Signature": "REFR", 
        "Data Size": 58, 
        "Record Flags": {
            "Visible when distant": true
        }, 
        "FormID": "0183EBBA", 
        "Version Control Info": "00 00 00 00"
    }, 
    "NAME - Base": "0terrainUrockUbcU18 [STAT:010C08FA]", 
    "XLOD - Distant LOD Data": {
        "Unknown #0": 0.000000000000000, 
        "Unknown #1": 0.000000000000000, 
        "Unknown #2": 1.000000000000000
    }, 
    "DATA - Position/Rotation": {
        "Position": {
            "X": -52038.417969000000000, 
            "Y": -32859.398437000000000, 
            "Z": 172.032227000000000
        }, 
        "Rotation": {
            "X": 5.729600000000000, 
            "Y": 0.000000000000000, 
            "Z": 263.528300000000000
        }
    }
}
