{
    "Cell": " [CELL:014C1277]", 
    "Record Header": {
        "Signature": "REFR", 
        "Data Size": 58, 
        "Record Flags": {
            "Visible when distant": true
        }, 
        "FormID": "0183EB78", 
        "Version Control Info": "00 00 00 00"
    }, 
    "NAME - Base": "0terrainUrockUbcU18 [STAT:010C08FA]", 
    "XLOD - Distant LOD Data": {
        "Unknown #0": 0.000000000000000, 
        "Unknown #1": 0.000000000000000, 
        "Unknown #2": 1.000000000000000
    }, 
    "DATA - Position/Rotation": {
        "Position": {
            "X": -52099.601562000000000, 
            "Y": -35890.437500000000000, 
            "Z": 14.505824000000000
        }, 
        "Rotation": {
            "X": 356.653600000000000, 
            "Y": 31.031000000000000, 
            "Z": 123.635300000000000
        }
    }
}
