{
    "Cell": "MournholdSTempleXSOfficeSofStheSLordSArchcanon [CELL:014804CE]", 
    "Record Header": {
        "Signature": "REFR", 
        "Data Size": 74, 
        "Record Flags": {
            "Quest item / Persistent reference / Show in Menu": true
        }, 
        "FormID": "01F03C39", 
        "Version Control Info": "00 00 00 00"
    }, 
    "NAME - Base": "0InUMHUdoorU02 [DOOR:01200093]", 
    "XTEL - Teleport Destination": {
        "Door": "[REFR:01F03CEA]", 
        "Position/Rotation": {
            "Position": {
                "X": -498.456329000000000, 
                "Y": 12.552593000000000, 
                "Z": -748.000000000000000
            }, 
            "Rotation": {
                "X": 0.000000000000000, 
                "Y": 0.000000000000000, 
                "Z": 85.943700000000000
            }
        }
    }, 
    "DATA - Position/Rotation": {
        "Position": {
            "X": 767.999695000000000, 
            "Y": -1728.000244000000000, 
            "Z": -128.000000000000000
        }, 
        "Rotation": {
            "X": 0.000000000000000, 
            "Y": 0.000000000000000, 
            "Z": 270.000000000000000
        }
    }
}
