{
    "Cell": " [CELL:014C1232]", 
    "Record Header": {
        "Signature": "REFR", 
        "Data Size": 58, 
        "Record Flags": {
            "Visible when distant": true
        }, 
        "FormID": "0180C1AC", 
        "Version Control Info": "00 00 00 00"
    }, 
    "NAME - Base": "0terrainUrockUwgU06 [STAT:010C048B]", 
    "XLOD - Distant LOD Data": {
        "Unknown #0": 0.000000000000000, 
        "Unknown #1": 0.000000000000000, 
        "Unknown #2": 1.000000000000000
    }, 
    "DATA - Position/Rotation": {
        "Position": {
            "X": -54172.195312000000000, 
            "Y": 104042.468750000000000, 
            "Z": 959.781799000000000
        }, 
        "Rotation": {
            "X": 5.729600000000000, 
            "Y": 0.000000000000000, 
            "Z": 314.163400000000000
        }
    }
}
