{
    "Cell": " [CELL:014C0F97]", 
    "Record Header": {
        "Signature": "REFR", 
        "Data Size": 58, 
        "Record Flags": {
            "Visible when distant": true
        }, 
        "FormID": "018488F4", 
        "Version Control Info": "00 00 00 00"
    }, 
    "NAME - Base": "0terrainUrockUrmU19 [STAT:010C04EE]", 
    "XLOD - Distant LOD Data": {
        "Unknown #0": 0.000000000000000, 
        "Unknown #1": 0.000000000000000, 
        "Unknown #2": 1.000000000000000
    }, 
    "DATA - Position/Rotation": {
        "Position": {
            "X": -18248.232422000000000, 
            "Y": 139012.812500000000000, 
            "Z": 740.780029000000000
        }, 
        "Rotation": {
            "X": 5.729600000000000, 
            "Y": 331.352100000000000, 
            "Z": 302.704300000000000
        }
    }
}
