{
    "Cell": "UlesSManorVSSlavemasterAsSShack [CELL:014803D2]", 
    "Record Header": {
        "Signature": "REFR", 
        "Data Size": 74, 
        "Record Flags": {
            "Quest item / Persistent reference / Show in Menu": true
        }, 
        "FormID": "0182F6E1", 
        "Version Control Info": "00 00 00 00"
    }, 
    "NAME - Base": "0inUdeUshackUdoor [DOOR:0120002D]", 
    "XTEL - Teleport Destination": {
        "Door": "[REFR:01812807]", 
        "Position/Rotation": {
            "Position": {
                "X": 42302.890625000000000, 
                "Y": -47053.402344000000000, 
                "Z": 809.131531000000000
            }, 
            "Rotation": {
                "X": 0.000000000000000, 
                "Y": 0.000000000000000, 
                "Z": 90.709900000000000
            }
        }
    }, 
    "DATA - Position/Rotation": {
        "Position": {
            "X": 335.104004000000000, 
            "Y": -61.740002000000000, 
            "Z": -3.379000000000000
        }, 
        "Rotation": {
            "X": 358.000000000000000, 
            "Y": 0.000000000000000, 
            "Z": 0.000000000000000
        }
    }
}
