{
    "Cell": " [CELL:014C0F34]", 
    "Record Header": {
        "Signature": "REFR", 
        "Data Size": 68, 
        "Record Flags": {
            "Visible when distant": true
        }, 
        "FormID": "0182EFAF", 
        "Version Control Info": "00 00 00 00"
    }, 
    "NAME - Base": "0terrainUrockUwgU10 [STAT:010C048F]", 
    "XLOD - Distant LOD Data": {
        "Unknown #0": 0.000000000000000, 
        "Unknown #1": 0.000000000000000, 
        "Unknown #2": 1.000000000000000
    }, 
    "XSCL - Scale": 1.670000000000000, 
    "DATA - Position/Rotation": {
        "Position": {
            "X": -15221.862305000000000, 
            "Y": -22333.257812000000000, 
            "Z": 1557.144653000000000
        }, 
        "Rotation": {
            "X": 0.000000000000000, 
            "Y": 0.000000000000000, 
            "Z": 314.163400000000000
        }
    }
}
