{
    "Cell": " [CELL:014C0BA5]", 
    "Record Header": {
        "Signature": "REFR", 
        "Data Size": 68, 
        "Record Flags": {
            "Visible when distant": true
        }, 
        "FormID": "0183AEF8", 
        "Version Control Info": "00 00 00 00"
    }, 
    "NAME - Base": "0terrainUashlandUrockU10 [STAT:010C04D0]", 
    "XLOD - Distant LOD Data": {
        "Unknown #0": 0.000000000000000, 
        "Unknown #1": 0.000000000000000, 
        "Unknown #2": 1.000000000000000
    }, 
    "XSCL - Scale": 1.700000000000000, 
    "DATA - Position/Rotation": {
        "Position": {
            "X": 28677.417969000000000, 
            "Y": 9195.816406000000000, 
            "Z": 988.324585000000000
        }, 
        "Rotation": {
            "X": 0.000000000000000, 
            "Y": 0.000000000000000, 
            "Z": 200.535200000000000
        }
    }
}
