{
    "Cell": " [CELL:014C0B52]", 
    "Record Header": {
        "Signature": "REFR", 
        "Data Size": 68, 
        "Record Flags": {
            "Visible when distant": true
        }, 
        "FormID": "01869C3A", 
        "Version Control Info": "00 00 00 00"
    }, 
    "NAME - Base": "0ExUTUmenhirULU01 [STAT:010C0429]", 
    "XLOD - Distant LOD Data": {
        "Unknown #0": 0.000000000000000, 
        "Unknown #1": 0.000000000000000, 
        "Unknown #2": 1.000000000000000
    }, 
    "XSCL - Scale": 1.620000000000000, 
    "DATA - Position/Rotation": {
        "Position": {
            "X": 25472.123047000000000, 
            "Y": 185760.984375000000000, 
            "Z": 4.596485000000000
        }, 
        "Rotation": {
            "X": 5.700000000000000, 
            "Y": 0.000000000000000, 
            "Z": 27.681700000000000
        }
    }
}
