{
    "Cell": " [CELL:014C045C]", 
    "Record Header": {
        "Signature": "PGRD", 
        "Data Size": 132, 
        "Record Flags": {
            "Compressed ": true
        }, 
        "FormID": "01F8C484", 
        "Version Control Info": "00 00 00 00"
    }, 
    "DATA - Point Count": 4, 
    "PGRP - Points": {
        "Point #0": {
            "X": 116992, 
            "Y": -110848, 
            "Z (Even = Red/Orange, Odd = Blue)": -48, 
            "Connections": 3, 
            "Unused": "CD CD CD"
        }, 
        "Point #1": {
            "X": 117504, 
            "Y": -110848, 
            "Z (Even = Red/Orange, Odd = Blue)": 64, 
            "Connections": 3, 
            "Unused": "00 00 00"
        }, 
        "Point #2": {
            "X": 117504, 
            "Y": -111104, 
            "Z (Even = Red/Orange, Odd = Blue)": -16, 
            "Connections": 2, 
            "Unused": "CD CD CD"
        }, 
        "Point #3": {
            "X": 117504, 
            "Y": -110592, 
            "Z (Even = Red/Orange, Odd = Blue)": 168, 
            "Connections": 2, 
            "Unused": "03 5B 1D"
        }
    }, 
    "PGAG - Unknown": "0F", 
    "PGRR - Point-to-Point Connections": {
        "Point #0": [
            "Point": 1, 
            "Point": 2, 
            "Point": 3
        ], 
        "Point #1": [
            "Point": 0, 
            "Point": 2, 
            "Point": 3
        ], 
        "Point #2": [
            "Point": 0, 
            "Point": 1
        ], 
        "Point #3": [
            "Point": 0, 
            "Point": 1
        ]
    }, 
    "PGRI - Inter-Cell Connections": {
        "Inter-Cell Connection": {
            "Point": 0, 
            "Unused": "83 32", 
            "X": 116480.000000000000000, 
            "Y": -110336.000000000000000, 
            "Z": -104.000000000000000
        }, 
        "Inter-Cell Connection": {
            "Point": 0, 
            "Unused": "94 00", 
            "X": 116992.000000000000000, 
            "Y": -110336.000000000000000, 
            "Z": 8.000000000000000
        }, 
        "Inter-Cell Connection": {
            "Point": 3, 
            "Unused": "74 65", 
            "X": 116992.000000000000000, 
            "Y": -110336.000000000000000, 
            "Z": 8.000000000000000
        }, 
        "Inter-Cell Connection": {
            "Point": 3, 
            "Unused": "00 00", 
            "X": 117504.000000000000000, 
            "Y": -110336.000000000000000, 
            "Z": 280.000000000000000
        }
    }
}
