{
    "Cell": " [CELL:014C1251]", 
    "Record Header": {
        "Signature": "REFR", 
        "Data Size": 58, 
        "Record Flags": {
            "Visible when distant": true
        }, 
        "FormID": "018334AB", 
        "Version Control Info": "00 00 00 00"
    }, 
    "NAME - Base": "0terrainUrockUbcU18 [STAT:010C08FA]", 
    "XLOD - Distant LOD Data": {
        "Unknown #0": 0.000000000000000, 
        "Unknown #1": 0.000000000000000, 
        "Unknown #2": 1.000000000000000
    }, 
    "DATA - Position/Rotation": {
        "Position": {
            "X": -52345.105469000000000, 
            "Y": 34114.183594000000000, 
            "Z": 334.779724000000000
        }, 
        "Rotation": {
            "X": 348.540900000000000, 
            "Y": 11.459200000000000, 
            "Z": 257.831000000000000
        }
    }
}
