{
    "Cell": " [CELL:014C0FAA]", 
    "Record Header": {
        "Signature": "REFR", 
        "Data Size": 68, 
        "Record Flags": {
            "Visible when distant": true
        }, 
        "FormID": "01842CBF", 
        "Version Control Info": "00 00 00 00"
    }, 
    "NAME - Base": "0terrainUrockUrmU17 [STAT:010C04EC]", 
    "XLOD - Distant LOD Data": {
        "Unknown #0": 0.000000000000000, 
        "Unknown #1": 0.000000000000000, 
        "Unknown #2": 1.000000000000000
    }, 
    "XSCL - Scale": 2.000000000000000, 
    "DATA - Position/Rotation": {
        "Position": {
            "X": -20759.109375000000000, 
            "Y": 94956.023438000000000, 
            "Z": 3869.295898000000000
        }, 
        "Rotation": {
            "X": 0.000000000000000, 
            "Y": 0.000000000000000, 
            "Z": 40.107000000000000
        }
    }
}
