{
    "Cell": " [CELL:014C060B]", 
    "Record Header": {
        "Signature": "REFR", 
        "Data Size": 68, 
        "Record Flags": {
            "Visible when distant": true
        }, 
        "FormID": "01861B69", 
        "Version Control Info": "00 00 00 00"
    }, 
    "NAME - Base": "0terrainUrockUmaU54 [STAT:010C087E]", 
    "XLOD - Distant LOD Data": {
        "Unknown #0": 0.000000000000000, 
        "Unknown #1": 0.000000000000000, 
        "Unknown #2": 1.000000000000000
    }, 
    "XSCL - Scale": 2.000000000000000, 
    "DATA - Position/Rotation": {
        "Position": {
            "X": 96013.046875000000000, 
            "Y": 7050.546387000000000, 
            "Z": 1896.773682000000000
        }, 
        "Rotation": {
            "X": 348.540800000000000, 
            "Y": 354.270400000000000, 
            "Z": 51.566200000000000
        }
    }
}
