{
    "Cell": "SadrithSMoraVSTelSNagaSUpperSHall [CELL:0148031D]", 
    "Record Header": {
        "Signature": "REFR", 
        "Data Size": 74, 
        "Record Flags": {
            "Quest item / Persistent reference / Show in Menu": true
        }, 
        "FormID": "01843A75", 
        "Version Control Info": "00 00 00 00"
    }, 
    "NAME - Base": "0inUtUdoorUsmall [DOOR:01200029]", 
    "XTEL - Teleport Destination": {
        "Door": "[REFR:01842DE8]", 
        "Position/Rotation": {
            "Position": {
                "X": 257.228516000000000, 
                "Y": 264.242279000000000, 
                "Z": 152.549820000000000
            }, 
            "Rotation": {
                "X": 0.000000000000000, 
                "Y": 0.000000000000000, 
                "Z": 0.000000000000000
            }
        }
    }, 
    "DATA - Position/Rotation": {
        "Position": {
            "X": 192.000000000000000, 
            "Y": 384.000000000000000, 
            "Z": 128.000000000000000
        }, 
        "Rotation": {
            "X": 0.000000000000000, 
            "Y": 0.000000000000000, 
            "Z": 0.000000000000000
        }
    }
}
