{
    "Cell": " [CELL:014C11C5]", 
    "Record Header": {
        "Signature": "REFR", 
        "Data Size": 58, 
        "Record Flags": {
            "Visible when distant": true
        }, 
        "FormID": "01839AA7", 
        "Version Control Info": "00 00 00 00"
    }, 
    "NAME - Base": "0terrainUrockUbcU18 [STAT:010C08FA]", 
    "XLOD - Distant LOD Data": {
        "Unknown #0": 0.000000000000000, 
        "Unknown #1": 0.000000000000000, 
        "Unknown #2": 1.000000000000000
    }, 
    "DATA - Position/Rotation": {
        "Position": {
            "X": -43987.542969000000000, 
            "Y": 2756.998291000000000, 
            "Z": 664.349731000000000
        }, 
        "Rotation": {
            "X": 0.000000000000000, 
            "Y": 11.459200000000000, 
            "Z": 115.554900000000000
        }
    }
}
