{
    "Cell": " [CELL:014C0E67]", 
    "Record Header": {
        "Signature": "REFR", 
        "Data Size": 58, 
        "Record Flags": {
            "Visible when distant": true
        }, 
        "FormID": "0182C98C", 
        "Version Control Info": "00 00 00 00"
    }, 
    "NAME - Base": "0terrainUrockUrmU17 [STAT:010C04EC]", 
    "XLOD - Distant LOD Data": {
        "Unknown #0": 0.000000000000000, 
        "Unknown #1": 0.000000000000000, 
        "Unknown #2": 1.000000000000000
    }, 
    "DATA - Position/Rotation": {
        "Position": {
            "X": -3080.170654000000000, 
            "Y": 37551.820312000000000, 
            "Z": 1548.671143000000000
        }, 
        "Rotation": {
            "X": 11.459200000000000, 
            "Y": 22.918300000000000, 
            "Z": 0.000000000000000
        }
    }
}
