{
    "Cell": "DagothSUrVSFacilitySCavern [CELL:01480176]", 
    "Record Header": {
        "Signature": "REFR", 
        "Data Size": 74, 
        "Record Flags": {
            "Quest item / Persistent reference / Show in Menu": true
        }, 
        "FormID": "0183F036", 
        "Version Control Info": "00 00 00 00"
    }, 
    "NAME - Base": "0doorUdwrvUdouble01 [DOOR:01200026]", 
    "XTEL - Teleport Destination": {
        "Door": "[REFR:0183048D]", 
        "Position/Rotation": {
            "Position": {
                "X": -64.000000000000000, 
                "Y": 1280.000000000000000, 
                "Z": 1764.000000000000000
            }, 
            "Rotation": {
                "X": 0.000000000000000, 
                "Y": 0.000000000000000, 
                "Z": 0.000000000000000
            }
        }
    }, 
    "DATA - Position/Rotation": {
        "Position": {
            "X": 4832.000000000000000, 
            "Y": 3968.000244000000000, 
            "Z": 14210.000000000000000
        }, 
        "Rotation": {
            "X": 0.000000000000000, 
            "Y": 0.000000000000000, 
            "Z": 270.000000000000000
        }
    }
}
