{
    "Cell": "GinithSAncestralSTomb [CELL:014801DE]", 
    "Record Header": {
        "Signature": "REFR", 
        "Data Size": 74, 
        "Record Flags": {
            "Quest item / Persistent reference / Show in Menu": true
        }, 
        "FormID": "0186B80E", 
        "Version Control Info": "00 00 00 00"
    }, 
    "NAME - Base": "0inUvelothismallUndoorU01 [DOOR:01200043]", 
    "XTEL - Teleport Destination": {
        "Door": "[REFR:0185702F]", 
        "Position/Rotation": {
            "Position": {
                "X": -99375.390625000000000, 
                "Y": 110560.648437000000000, 
                "Z": 1147.240356000000000
            }, 
            "Rotation": {
                "X": 0.000000000000000, 
                "Y": 0.000000000000000, 
                "Z": 256.900000000000000
            }
        }
    }, 
    "DATA - Position/Rotation": {
        "Position": {
            "X": -64.117996000000000, 
            "Y": -132.897995000000000, 
            "Z": 384.000000000000000
        }, 
        "Rotation": {
            "X": 0.000000000000000, 
            "Y": 0.000000000000000, 
            "Z": 270.000000000000000
        }
    }
}
