{
    "Cell": "RavenSRockVSMineSEntrance [CELL:0148053F]", 
    "Record Header": {
        "Signature": "REFR", 
        "Data Size": 74, 
        "Record Flags": {
            "Quest item / Persistent reference / Show in Menu": true
        }, 
        "FormID": "01F07DEB", 
        "Version Control Info": "00 00 00 00"
    }, 
    "NAME - Base": "0ExUcolonyUminedoor [DOOR:012000C4]", 
    "XTEL - Teleport Destination": {
        "Door": "[REFR:01F00743]", 
        "Position/Rotation": {
            "Position": {
                "X": -198192.109375000000000, 
                "Y": 160989.984375000000000, 
                "Z": 945.705994000000000
            }, 
            "Rotation": {
                "X": 0.000000000000000, 
                "Y": 0.000000000000000, 
                "Z": 90.000000000000000
            }
        }
    }, 
    "DATA - Position/Rotation": {
        "Position": {
            "X": 775.547852000000000, 
            "Y": 4.017451000000000, 
            "Z": 66.269135000000000
        }, 
        "Rotation": {
            "X": 0.000000000000000, 
            "Y": 0.000000000000000, 
            "Z": 90.000000000000000
        }
    }
}
