{
    "Cell": "RavenSRockVSMineSEntrance [CELL:0148053F]", 
    "Record Header": {
        "Signature": "REFR", 
        "Data Size": 74, 
        "Record Flags": {
            "Quest item / Persistent reference / Show in Menu": true
        }, 
        "FormID": "01F07DEA", 
        "Version Control Info": "00 00 00 00"
    }, 
    "NAME - Base": "0ExUcolonyUdoor06 [DOOR:012000EB]", 
    "XTEL - Teleport Destination": {
        "Door": "[REFR:01F07C9C]", 
        "Position/Rotation": {
            "Position": {
                "X": 599.909790000000000, 
                "Y": 2176.018555000000000, 
                "Z": 13087.953125000000000
            }, 
            "Rotation": {
                "X": 0.000000000000000, 
                "Y": 0.000000000000000, 
                "Z": 90.000000000000000
            }
        }
    }, 
    "DATA - Position/Rotation": {
        "Position": {
            "X": 177.611923000000000, 
            "Y": 252.500412000000000, 
            "Z": 87.408295000000000
        }, 
        "Rotation": {
            "X": 0.000000000000000, 
            "Y": 0.000000000000000, 
            "Z": 90.000000000000000
        }
    }
}
