{
    "Cell": " [CELL:014C1352]", 
    "Record Header": {
        "Signature": "REFR", 
        "Data Size": 68, 
        "Record Flags": {
            "Visible when distant": true
        }, 
        "FormID": "01866506", 
        "Version Control Info": "00 00 00 00"
    }, 
    "NAME - Base": "0terrainUrockUwgU08 [STAT:010C048D]", 
    "XLOD - Distant LOD Data": {
        "Unknown #0": 0.000000000000000, 
        "Unknown #1": 0.000000000000000, 
        "Unknown #2": 1.000000000000000
    }, 
    "XSCL - Scale": 1.990000000000000, 
    "DATA - Position/Rotation": {
        "Position": {
            "X": -73160.523438000000000, 
            "Y": 102515.750000000000000, 
            "Z": -76.021179000000000
        }, 
        "Rotation": {
            "X": 11.459200000000000, 
            "Y": 22.918300000000000, 
            "Z": 17.188700000000000
        }
    }
}
