{
    "Cell": " [CELL:014C0136]", 
    "Record Header": {
        "Signature": "PGRD", 
        "Data Size": 128, 
        "Record Flags": {
            "Compressed ": true
        }, 
        "FormID": "01F8CAC0", 
        "Version Control Info": "00 00 00 00"
    }, 
    "DATA - Point Count": 3, 
    "PGRP - Points": {
        "Point #0": {
            "X": 164608, 
            "Y": -20224, 
            "Z (Even = Red/Orange, Odd = Blue)": -272, 
            "Connections": 2, 
            "Unused": "CD CD CD"
        }, 
        "Point #1": {
            "X": 164608, 
            "Y": -19712, 
            "Z (Even = Red/Orange, Odd = Blue)": -536, 
            "Connections": 2, 
            "Unused": "CD CD CD"
        }, 
        "Point #2": {
            "X": 165120, 
            "Y": -20224, 
            "Z (Even = Red/Orange, Odd = Blue)": -544, 
            "Connections": 2, 
            "Unused": "CD CD CD"
        }
    }, 
    "PGAG - Unknown": "07", 
    "PGRR - Point-to-Point Connections": {
        "Point #0": [
            "Point": 1, 
            "Point": 2
        ], 
        "Point #1": [
            "Point": 0, 
            "Point": 2
        ], 
        "Point #2": [
            "Point": 0, 
            "Point": 1
        ]
    }, 
    "PGRI - Inter-Cell Connections": {
        "Inter-Cell Connection": {
            "Point": 0, 
            "Unused": "94 00", 
            "X": 164096.000000000000000, 
            "Y": -20480.000000000000000, 
            "Z": 208.000000000000000
        }, 
        "Inter-Cell Connection": {
            "Point": 0, 
            "Unused": "74 65", 
            "X": 164608.000000000000000, 
            "Y": -20736.000000000000000, 
            "Z": 40.000000000000000
        }, 
        "Inter-Cell Connection": {
            "Point": 0, 
            "Unused": "00 00", 
            "X": 165120.000000000000000, 
            "Y": -20736.000000000000000, 
            "Z": -216.000000000000000
        }, 
        "Inter-Cell Connection": {
            "Point": 2, 
            "Unused": "00 00", 
            "X": 164608.000000000000000, 
            "Y": -20736.000000000000000, 
            "Z": 40.000000000000000
        }, 
        "Inter-Cell Connection": {
            "Point": 2, 
            "Unused": "53 74", 
            "X": 165120.000000000000000, 
            "Y": -20736.000000000000000, 
            "Z": -216.000000000000000
        }, 
        "Inter-Cell Connection": {
            "Point": 2, 
            "Unused": "00 00", 
            "X": 165632.000000000000000, 
            "Y": -20736.000000000000000, 
            "Z": -536.000000000000000
        }
    }
}
