{
    "Cell": "VivecVSHallSUnderworks [CELL:01480421]", 
    "Record Header": {
        "Signature": "REFR", 
        "Data Size": 74, 
        "Record Flags": {
            "Quest item / Persistent reference / Show in Menu": true
        }, 
        "FormID": "018441A3", 
        "Version Control Info": "00 00 00 00"
    }, 
    "NAME - Base": "0inUvivecUgrateUdoorU01 [DOOR:0120003F]", 
    "XTEL - Teleport Destination": {
        "Door": "[REFR:0182D937]", 
        "Position/Rotation": {
            "Position": {
                "X": 31178.982422000000000, 
                "Y": -96879.726562000000000, 
                "Z": -336.916473000000000
            }, 
            "Rotation": {
                "X": 0.000000000000000, 
                "Y": 0.000000000000000, 
                "Z": 0.000000000000000
            }
        }
    }, 
    "DATA - Position/Rotation": {
        "Position": {
            "X": 2160.000000000000000, 
            "Y": 8128.000000000000000, 
            "Z": -96.000000000000000
        }, 
        "Rotation": {
            "X": 0.000000000000000, 
            "Y": 0.000000000000000, 
            "Z": 0.000000000000000
        }
    }
}
