{
    "Cell": "VivecVSHallSUnderworks [CELL:01480421]", 
    "Record Header": {
        "Signature": "REFR", 
        "Data Size": 74, 
        "Record Flags": {
            "Quest item / Persistent reference / Show in Menu": true
        }, 
        "FormID": "01867331", 
        "Version Control Info": "00 00 00 00"
    }, 
    "NAME - Base": "0VelothiUSewerUDoor [DOOR:0120007F]", 
    "XTEL - Teleport Destination": {
        "Door": "[REFR:01867325]", 
        "Position/Rotation": {
            "Position": {
                "X": -176.000000000000000, 
                "Y": 4096.000000000000000, 
                "Z": -92.000000000000000
            }, 
            "Rotation": {
                "X": 0.000000000000000, 
                "Y": 0.000000000000000, 
                "Z": 90.000000000000000
            }
        }
    }, 
    "DATA - Position/Rotation": {
        "Position": {
            "X": 1744.000000000000000, 
            "Y": 7280.000000000000000, 
            "Z": 288.000000000000000
        }, 
        "Rotation": {
            "X": 0.000000000000000, 
            "Y": 0.000000000000000, 
            "Z": 270.000000000000000
        }
    }
}
