{
    "Cell": "MadasSGrotto [CELL:0148026E]", 
    "Record Header": {
        "Signature": "REFR", 
        "Data Size": 74, 
        "Record Flags": {
            "Quest item / Persistent reference / Show in Menu": true
        }, 
        "FormID": "01811593", 
        "Version Control Info": "00 00 00 00"
    }, 
    "NAME - Base": "0exUcaveUdoorU01 [DOOR:0120002F]", 
    "XTEL - Teleport Destination": {
        "Door": "[REFR:01811466]", 
        "Position/Rotation": {
            "Position": {
                "X": -24052.787109000000000, 
                "Y": 155953.484375000000000, 
                "Z": -737.687012000000000
            }, 
            "Rotation": {
                "X": 0.000000000000000, 
                "Y": 0.000000000000000, 
                "Z": 34.400000000000000
            }
        }
    }, 
    "DATA - Position/Rotation": {
        "Position": {
            "X": -1536.000000000000000, 
            "Y": 5184.000000000000000, 
            "Z": -32.000000000000000
        }, 
        "Rotation": {
            "X": 0.000000000000000, 
            "Y": 0.000000000000000, 
            "Z": 0.000000000000000
        }
    }
}
