{
    "Cell": " [CELL:014C0DEB]", 
    "Record Header": {
        "Signature": "REFR", 
        "Data Size": 68, 
        "Record Flags": {
            "Visible when distant": true
        }, 
        "FormID": "01840F38", 
        "Version Control Info": "00 00 00 00"
    }, 
    "NAME - Base": "0terrainUrockUbcU18 [STAT:010C08FA]", 
    "XLOD - Distant LOD Data": {
        "Unknown #0": 0.000000000000000, 
        "Unknown #1": 0.000000000000000, 
        "Unknown #2": 1.000000000000000
    }, 
    "XSCL - Scale": 1.620000000000000, 
    "DATA - Position/Rotation": {
        "Position": {
            "X": 7040.829590000000000, 
            "Y": -76233.882812000000000, 
            "Z": 38.494377000000000
        }, 
        "Rotation": {
            "X": 354.270400000000000, 
            "Y": 348.540800000000000, 
            "Z": 190.039400000000000
        }
    }
}
