{
    "Cell": " [CELL:014C06B6]", 
    "Record Header": {
        "Signature": "REFR", 
        "Data Size": 68, 
        "Record Flags": {
            "Visible when distant": true
        }, 
        "FormID": "01847AD3", 
        "Version Control Info": "00 00 00 00"
    }, 
    "NAME - Base": "0terrainUrockUrmU17 [STAT:010C04EC]", 
    "XLOD - Distant LOD Data": {
        "Unknown #0": 0.000000000000000, 
        "Unknown #1": 0.000000000000000, 
        "Unknown #2": 1.000000000000000
    }, 
    "XSCL - Scale": 1.530000000000000, 
    "DATA - Position/Rotation": {
        "Position": {
            "X": 83003.445312000000000, 
            "Y": 24359.312500000000000, 
            "Z": 1912.336426000000000
        }, 
        "Rotation": {
            "X": 331.352100000000000, 
            "Y": 0.000000000000000, 
            "Z": 80.214200000000000
        }
    }
}
