{
    "Cell": "HlaSOad01 [CELL:014C11D9]", 
    "Record Header": {
        "Signature": "REFR", 
        "Data Size": 58, 
        "Record Flags": {
            "Visible when distant": true
        }, 
        "FormID": "0183E4F2", 
        "Version Control Info": "00 00 00 00"
    }, 
    "NAME - Base": "0terrainUrockUbcU18 [STAT:010C08FA]", 
    "XLOD - Distant LOD Data": {
        "Unknown #0": 0.000000000000000, 
        "Unknown #1": 0.000000000000000, 
        "Unknown #2": 1.000000000000000
    }, 
    "DATA - Position/Rotation": {
        "Position": {
            "X": -41393.902344000000000, 
            "Y": -38937.800781000000000, 
            "Z": 1237.966064000000000
        }, 
        "Rotation": {
            "X": 337.081700000000000, 
            "Y": 17.188700000000000, 
            "Z": 326.553600000000000
        }
    }
}
