{
    "Cell": "BamzTAmschendVSKingAsSWalk [CELL:014804C3]", 
    "Record Header": {
        "Signature": "REFR", 
        "Data Size": 74, 
        "Record Flags": {
            "Quest item / Persistent reference / Show in Menu": true
        }, 
        "FormID": "01F0374D", 
        "Version Control Info": "00 00 00 00"
    }, 
    "NAME - Base": "0doorUdweU00Uexp [DOOR:01200096]", 
    "XTEL - Teleport Destination": {
        "Door": "[REFR:01F03998]", 
        "Position/Rotation": {
            "Position": {
                "X": 4224.000000000000000, 
                "Y": 1336.000000000000000, 
                "Z": 12348.000000000000000
            }, 
            "Rotation": {
                "X": 0.000000000000000, 
                "Y": 0.000000000000000, 
                "Z": 0.000000000000000
            }
        }
    }, 
    "DATA - Position/Rotation": {
        "Position": {
            "X": 2860.000000000000000, 
            "Y": 6634.000000000000000, 
            "Z": 11872.000000000000000
        }, 
        "Rotation": {
            "X": 0.000000000000000, 
            "Y": 0.000000000000000, 
            "Z": 180.000000000000000
        }
    }
}
