{
    "Cell": "HlaSOad03 [CELL:014C11DB]", 
    "Record Header": {
        "Signature": "REFR", 
        "Data Size": 58, 
        "Record Flags": {
            "Visible when distant": true
        }, 
        "FormID": "0183E52F", 
        "Version Control Info": "00 00 00 00"
    }, 
    "NAME - Base": "0terrainUrockUbcU18 [STAT:010C08FA]", 
    "XLOD - Distant LOD Data": {
        "Unknown #0": 0.000000000000000, 
        "Unknown #1": 0.000000000000000, 
        "Unknown #2": 1.000000000000000
    }, 
    "DATA - Position/Rotation": {
        "Position": {
            "X": -43648.347656000000000, 
            "Y": -34045.750000000000000, 
            "Z": 251.466583000000000
        }, 
        "Rotation": {
            "X": 354.270400000000000, 
            "Y": 11.459200000000000, 
            "Z": 308.401600000000000
        }
    }
}
