{
    "Cell": "UrshilakuSCampVSAhasourAsSYurt [CELL:014803DF]", 
    "Record Header": {
        "Signature": "REFR", 
        "Data Size": 74, 
        "Record Flags": {
            "Quest item / Persistent reference / Show in Menu": true
        }, 
        "FormID": "0181FC6B", 
        "Version Control Info": "00 00 00 00"
    }, 
    "NAME - Base": "0inUashlUdoorU02 [DOOR:0120003C]", 
    "XTEL - Teleport Destination": {
        "Door": "[REFR:0181E5C9]", 
        "Position/Rotation": {
            "Position": {
                "X": -26839.052734000000000, 
                "Y": 150933.812500000000000, 
                "Z": 727.237000000000000
            }, 
            "Rotation": {
                "X": 0.000000000000000, 
                "Y": 0.000000000000000, 
                "Z": 239.700000000000000
            }
        }
    }, 
    "DATA - Position/Rotation": {
        "Position": {
            "X": 11.877000000000000, 
            "Y": 506.285004000000000, 
            "Z": -165.488007000000000
        }, 
        "Rotation": {
            "X": 0.000000000000000, 
            "Y": 0.000000000000000, 
            "Z": 0.000000000000000
        }
    }
}
