{
    "Cell": "TelSVosVSNortheasternSTower [CELL:014803B9]", 
    "Record Header": {
        "Signature": "REFR", 
        "Data Size": 74, 
        "Record Flags": {
            "Quest item / Persistent reference / Show in Menu": true
        }, 
        "FormID": "0184C591", 
        "Version Control Info": "00 00 00 00"
    }, 
    "NAME - Base": "0inUimpsmallUtrapdoorU01a [DOOR:01200003]", 
    "XTEL - Teleport Destination": {
        "Door": "[REFR:0182FF41]", 
        "Position/Rotation": {
            "Position": {
                "X": 87494.328125000000000, 
                "Y": 120084.500000000000000, 
                "Z": 5307.227051000000000
            }, 
            "Rotation": {
                "X": 0.000000000000000, 
                "Y": 0.000000000000000, 
                "Z": 34.400000000000000
            }
        }
    }, 
    "DATA - Position/Rotation": {
        "Position": {
            "X": 5045.345215000000000, 
            "Y": 3068.312012000000000, 
            "Z": 15041.744141000000000
        }, 
        "Rotation": {
            "X": 0.000000000000000, 
            "Y": 0.000000000000000, 
            "Z": 90.000000000000000
        }
    }
}
