{
    "Cell": "TelSVosVSNortheasternSTower [CELL:014803B9]", 
    "Record Header": {
        "Signature": "REFR", 
        "Data Size": 74, 
        "Record Flags": {
            "Quest item / Persistent reference / Show in Menu": true
        }, 
        "FormID": "0184C595", 
        "Version Control Info": "00 00 00 00"
    }, 
    "NAME - Base": "0inUimpsmallUtrapdoorU01a [DOOR:01200003]", 
    "XTEL - Teleport Destination": {
        "Door": "[REFR:0184C596]", 
        "Position/Rotation": {
            "Position": {
                "X": 4863.018066000000000, 
                "Y": 3207.815186000000000, 
                "Z": 13652.000000000000000
            }, 
            "Rotation": {
                "X": 0.000000000000000, 
                "Y": 0.000000000000000, 
                "Z": 166.157800000000000
            }
        }
    }, 
    "DATA - Position/Rotation": {
        "Position": {
            "X": 4817.206055000000000, 
            "Y": 3376.974121000000000, 
            "Z": 13506.036133000000000
        }, 
        "Rotation": {
            "X": 0.000000000000000, 
            "Y": 0.000000000000000, 
            "Z": 180.000000000000000
        }
    }
}
