{
    "Cell": "SolstheimVSCastleSKarstaagVSThroneSRoom [CELL:0148055E]", 
    "Record Header": {
        "Signature": "REFR", 
        "Data Size": 74, 
        "Record Flags": {
            "Quest item / Persistent reference / Show in Menu": true
        }, 
        "FormID": "01F08976", 
        "Version Control Info": "00 00 00 00"
    }, 
    "NAME - Base": "0BMUKAUdoor [DOOR:012000E0]", 
    "XTEL - Teleport Destination": {
        "Door": "[REFR:01F087B5]", 
        "Position/Rotation": {
            "Position": {
                "X": -11.699666000000000, 
                "Y": -1668.956787000000000, 
                "Z": -193.675537000000000
            }, 
            "Rotation": {
                "X": 0.000000000000000, 
                "Y": 0.000000000000000, 
                "Z": 0.000000000000000
            }
        }
    }, 
    "DATA - Position/Rotation": {
        "Position": {
            "X": 1836.148682000000000, 
            "Y": 2132.382324000000000, 
            "Z": -802.789612000000000
        }, 
        "Rotation": {
            "X": 0.000000000000000, 
            "Y": 0.000000000000000, 
            "Z": 188.112700000000000
        }
    }
}
