{
    "Cell": "SadrithSMoraVSTelvanniSCouncilSHouseVSEntry [CELL:01480321]", 
    "Record Header": {
        "Signature": "REFR", 
        "Data Size": 84, 
        "Record Flags": {
            "Quest item / Persistent reference / Show in Menu": true
        }, 
        "FormID": "0183FFF3", 
        "Version Control Info": "00 00 00 00"
    }, 
    "NAME - Base": "0inUtUdoorUsmall [DOOR:01200029]", 
    "XTEL - Teleport Destination": {
        "Door": "[REFR:0182E3C8]", 
        "Position/Rotation": {
            "Position": {
                "X": -9.962534000000000, 
                "Y": -316.241547000000000, 
                "Z": 235.002945000000000
            }, 
            "Rotation": {
                "X": 0.000000000000000, 
                "Y": 0.000000000000000, 
                "Z": 0.000000000000000
            }
        }
    }, 
    "XSCL - Scale": 1.050000000000000, 
    "DATA - Position/Rotation": {
        "Position": {
            "X": 3885.981934000000000, 
            "Y": 4665.911133000000000, 
            "Z": 1127.133057000000000
        }, 
        "Rotation": {
            "X": 0.000000000000000, 
            "Y": 0.000000000000000, 
            "Z": 0.000000000000000
        }
    }
}
