{
    "Cell": "GnisisVSYahazSHut [CELL:014801FA]", 
    "Record Header": {
        "Signature": "REFR", 
        "Data Size": 74, 
        "Record Flags": {
            "Quest item / Persistent reference / Show in Menu": true
        }, 
        "FormID": "018021E3", 
        "Version Control Info": "00 00 00 00"
    }, 
    "NAME - Base": "0inUredoranUhutUdoorU01 [DOOR:0120001D]", 
    "XTEL - Teleport Destination": {
        "Door": "[REFR:01801422]", 
        "Position/Rotation": {
            "Position": {
                "X": -88192.000000000000000, 
                "Y": 91520.000000000000000, 
                "Z": 1092.000000000000000
            }, 
            "Rotation": {
                "X": 0.000000000000000, 
                "Y": 0.000000000000000, 
                "Z": 112.900000000000000
            }
        }
    }, 
    "DATA - Position/Rotation": {
        "Position": {
            "X": 128.000000000000000, 
            "Y": -1280.000000000000000, 
            "Z": 640.000000000000000
        }, 
        "Rotation": {
            "X": 0.000000000000000, 
            "Y": 0.000000000000000, 
            "Z": 180.000000000000000
        }
    }
}
