{
    "Cell": "TelSBranora02 [CELL:014C03BA]", 
    "Record Header": {
        "Signature": "REFR", 
        "Data Size": 68, 
        "Record Flags": {
            "Visible when distant": true
        }, 
        "FormID": "01827BF2", 
        "Version Control Info": "00 00 00 00"
    }, 
    "NAME - Base": "0ExUTUmenhirULU01 [STAT:010C0429]", 
    "XLOD - Distant LOD Data": {
        "Unknown #0": 0.000000000000000, 
        "Unknown #1": 0.000000000000000, 
        "Unknown #2": 1.000000000000000
    }, 
    "XSCL - Scale": 0.700000000000000, 
    "DATA - Position/Rotation": {
        "Position": {
            "X": 123439.468750000000000, 
            "Y": -102171.289062000000000, 
            "Z": 589.442017000000000
        }, 
        "Rotation": {
            "X": 2.572600000000000, 
            "Y": 359.100000000000000, 
            "Z": 264.675000000000000
        }
    }
}
