{
    "Cell": "BuckmothSLegionSFortVSInterior [CELL:01480143]", 
    "Record Header": {
        "Signature": "REFR", 
        "Data Size": 84, 
        "Record Flags": {
            "Quest item / Persistent reference / Show in Menu": true
        }, 
        "FormID": "01856272", 
        "Version Control Info": "00 00 00 00"
    }, 
    "NAME - Base": "0inUimpsmallUdoorU01 [DOOR:01200002]", 
    "XTEL - Teleport Destination": {
        "Door": "[REFR:018563C6]", 
        "Position/Rotation": {
            "Position": {
                "X": 0.000000000000000, 
                "Y": 3344.000000000000000, 
                "Z": -1116.000000000000000
            }, 
            "Rotation": {
                "X": 0.000000000000000, 
                "Y": 0.000000000000000, 
                "Z": 0.000000000000000
            }
        }
    }, 
    "XSCL - Scale": 1.020000000000000, 
    "DATA - Position/Rotation": {
        "Position": {
            "X": -60.973850000000000, 
            "Y": 763.990234000000000, 
            "Z": -31.998732000000000
        }, 
        "Rotation": {
            "X": 0.000000000000000, 
            "Y": 0.000000000000000, 
            "Z": 270.000000000000000
        }
    }
}
