{
    "Cell": " [CELL:014C121E]", 
    "Record Header": {
        "Signature": "REFR", 
        "Data Size": 68, 
        "Record Flags": {
            "Visible when distant": true
        }, 
        "FormID": "0180C157", 
        "Version Control Info": "00 00 00 00"
    }, 
    "NAME - Base": "0terrainUrockUwgU08 [STAT:010C048D]", 
    "XLOD - Distant LOD Data": {
        "Unknown #0": 0.000000000000000, 
        "Unknown #1": 0.000000000000000, 
        "Unknown #2": 1.000000000000000
    }, 
    "XSCL - Scale": 2.000000000000000, 
    "DATA - Position/Rotation": {
        "Position": {
            "X": -55996.031250000000000, 
            "Y": 144889.703125000000000, 
            "Z": 1128.841187000000000
        }, 
        "Rotation": {
            "X": 337.100000000000000, 
            "Y": 11.500000000000000, 
            "Z": 296.933800000000000
        }
    }
}
