{
    "Cell": " [CELL:014C0CBF]", 
    "Record Header": {
        "Signature": "REFR", 
        "Data Size": 68, 
        "Record Flags": {
            "Visible when distant": true
        }, 
        "FormID": "0184F68B", 
        "Version Control Info": "00 00 00 00"
    }, 
    "NAME - Base": "0ExUTUmenhirULU01 [STAT:010C0429]", 
    "XLOD - Distant LOD Data": {
        "Unknown #0": 0.000000000000000, 
        "Unknown #1": 0.000000000000000, 
        "Unknown #2": 1.000000000000000
    }, 
    "XSCL - Scale": 1.620000000000000, 
    "DATA - Position/Rotation": {
        "Position": {
            "X": 12899.481445000000000, 
            "Y": 170175.781250000000000, 
            "Z": 176.529236000000000
        }, 
        "Rotation": {
            "X": 5.729500000000000, 
            "Y": 0.000000000000000, 
            "Z": 249.211500000000000
        }
    }
}
