{
    "Cell": " [CELL:014C0EFF]", 
    "Record Header": {
        "Signature": "REFR", 
        "Data Size": 58, 
        "Record Flags": {
            "Visible when distant": true
        }, 
        "FormID": "0183C9F3", 
        "Version Control Info": "00 00 00 00"
    }, 
    "NAME - Base": "0exUggUfenceU03 [STAT:01001669]", 
    "XLOD - Distant LOD Data": {
        "Unknown #0": 0.000000000000000, 
        "Unknown #1": 0.000000000000000, 
        "Unknown #2": 1.000000000000000
    }, 
    "DATA - Position/Rotation": {
        "Position": {
            "X": -11282.136719000000000, 
            "Y": 94338.398438000000000, 
            "Z": 2816.000000000000000
        }, 
        "Rotation": {
            "X": 0.000000000000000, 
            "Y": 0.000000000000000, 
            "Z": 133.200000000000000
        }
    }
}
