{
    "Cell": " [CELL:014C1387]", 
    "Record Header": {
        "Signature": "REFR", 
        "Data Size": 58, 
        "Record Flags": {
            "Visible when distant": true
        }, 
        "FormID": "0183A10B", 
        "Version Control Info": "00 00 00 00"
    }, 
    "NAME - Base": "0terrainUrockUbcU18 [STAT:010C08FA]", 
    "XLOD - Distant LOD Data": {
        "Unknown #0": 0.000000000000000, 
        "Unknown #1": 0.000000000000000, 
        "Unknown #2": 1.000000000000000
    }, 
    "DATA - Position/Rotation": {
        "Position": {
            "X": -67732.921875000000000, 
            "Y": -3964.287598000000000, 
            "Z": -107.116440000000000
        }, 
        "Rotation": {
            "X": 337.081700000000000, 
            "Y": 11.459200000000000, 
            "Z": 342.779000000000000
        }
    }
}
