{
    "Cell": " [CELL:014C0F4B]", 
    "Record Header": {
        "Signature": "REFR", 
        "Data Size": 58, 
        "Record Flags": {
            "Visible when distant": true
        }, 
        "FormID": "018410E8", 
        "Version Control Info": "00 00 00 00"
    }, 
    "NAME - Base": "0terrainUrockUbcU18 [STAT:010C08FA]", 
    "XLOD - Distant LOD Data": {
        "Unknown #0": 0.000000000000000, 
        "Unknown #1": 0.000000000000000, 
        "Unknown #2": 1.000000000000000
    }, 
    "DATA - Position/Rotation": {
        "Position": {
            "X": -11606.608398000000000, 
            "Y": -60031.246094000000000, 
            "Z": -97.628723000000000
        }, 
        "Rotation": {
            "X": 5.729600000000000, 
            "Y": 34.377500000000000, 
            "Z": 13.385900000000000
        }
    }
}
