{
    "Cell": "GimothranSAncestralSTomb [CELL:014801DD]", 
    "Record Header": {
        "Signature": "REFR", 
        "Data Size": 74, 
        "Record Flags": {
            "Quest item / Persistent reference / Show in Menu": true
        }, 
        "FormID": "0182A1F5", 
        "Version Control Info": "00 00 00 00"
    }, 
    "NAME - Base": "0inUvelothismallUndoorU01 [DOOR:01200043]", 
    "XTEL - Teleport Destination": {
        "Door": "[REFR:0182DC21]", 
        "Position/Rotation": {
            "Position": {
                "X": 77267.367188000000000, 
                "Y": 31958.017578000000000, 
                "Z": 1388.097168000000000
            }, 
            "Rotation": {
                "X": 0.000000000000000, 
                "Y": 0.000000000000000, 
                "Z": 354.270400000000000
            }
        }
    }, 
    "DATA - Position/Rotation": {
        "Position": {
            "X": -608.000000000000000, 
            "Y": -204.000000000000000, 
            "Z": 960.000000000000000
        }, 
        "Rotation": {
            "X": 0.000000000000000, 
            "Y": 0.000000000000000, 
            "Z": 90.000000000000000
        }
    }
}
