{
    "Cell": " [CELL:014C0D07]", 
    "Record Header": {
        "Signature": "REFR", 
        "Data Size": 68, 
        "Record Flags": {
            "Visible when distant": true
        }, 
        "FormID": "01840D6B", 
        "Version Control Info": "00 00 00 00"
    }, 
    "NAME - Base": "0terrainUrockUrmU17 [STAT:010C04EC]", 
    "XLOD - Distant LOD Data": {
        "Unknown #0": 0.000000000000000, 
        "Unknown #1": 0.000000000000000, 
        "Unknown #2": 1.000000000000000
    }, 
    "XSCL - Scale": 2.000000000000000, 
    "DATA - Position/Rotation": {
        "Position": {
            "X": 15331.347656000000000, 
            "Y": 22336.646484000000000, 
            "Z": 3943.973389000000000
        }, 
        "Rotation": {
            "X": 337.081700000000000, 
            "Y": 0.000000000000000, 
            "Z": 91.673300000000000
        }
    }
}
