{
    "Cell": "TelSMoraVSLowerSTower [CELL:014803A7]", 
    "Record Header": {
        "Signature": "REFR", 
        "Data Size": 84, 
        "Record Flags": {
            "Quest item / Persistent reference / Show in Menu": true
        }, 
        "FormID": "01858561", 
        "Version Control Info": "00 00 00 00"
    }, 
    "NAME - Base": "0inUtUlUdoorU01 [DOOR:0120002B]", 
    "XTEL - Teleport Destination": {
        "Door": "[REFR:01827C45]", 
        "Position/Rotation": {
            "Position": {
                "X": 108313.585937000000000, 
                "Y": 119655.421875000000000, 
                "Z": 567.010010000000000
            }, 
            "Rotation": {
                "X": 0.000000000000000, 
                "Y": 0.000000000000000, 
                "Z": 0.000000000000000
            }
        }
    }, 
    "XSCL - Scale": 0.810000000000000, 
    "DATA - Position/Rotation": {
        "Position": {
            "X": -418.351044000000000, 
            "Y": -21.209511000000000, 
            "Z": 77.898987000000000
        }, 
        "Rotation": {
            "X": 0.000000000000000, 
            "Y": 0.000000000000000, 
            "Z": 90.000000000000000
        }
    }
}
