{
    "Cell": "OldSMournholdXSWestSSewers [CELL:01480510]", 
    "Record Header": {
        "Signature": "REFR", 
        "Data Size": 74, 
        "Record Flags": {
            "Quest item / Persistent reference / Show in Menu": true
        }, 
        "FormID": "01F06949", 
        "Version Control Info": "00 00 00 00"
    }, 
    "NAME - Base": "0InUMUsewerUdoorU01 [DOOR:01200090]", 
    "XTEL - Teleport Destination": {
        "Door": "[REFR:01F0604B]", 
        "Position/Rotation": {
            "Position": {
                "X": -3873.218506000000000, 
                "Y": 810.645996000000000, 
                "Z": 915.999939000000000
            }, 
            "Rotation": {
                "X": 0.000000000000000, 
                "Y": 0.000000000000000, 
                "Z": 90.000000000000000
            }
        }
    }, 
    "DATA - Position/Rotation": {
        "Position": {
            "X": 6024.499023000000000, 
            "Y": 4961.957520000000000, 
            "Z": -95.804390000000000
        }, 
        "Rotation": {
            "X": 0.000000000000000, 
            "Y": 0.000000000000000, 
            "Z": 180.000000000000000
        }
    }
}
