{
    "Cell": "OldSMournholdXSWestSSewers [CELL:01480510]", 
    "Record Header": {
        "Signature": "REFR", 
        "Data Size": 74, 
        "Record Flags": {
            "Quest item / Persistent reference / Show in Menu": true
        }, 
        "FormID": "01F0694A", 
        "Version Control Info": "00 00 00 00"
    }, 
    "NAME - Base": "0exUhUtrapdoorU01 [DOOR:01200069]", 
    "XTEL - Teleport Destination": {
        "Door": "[REFR:01F061C4]", 
        "Position/Rotation": {
            "Position": {
                "X": -1497.725830000000000, 
                "Y": 8079.455566000000000, 
                "Z": 788.000000000000000
            }, 
            "Rotation": {
                "X": 0.000000000000000, 
                "Y": 0.000000000000000, 
                "Z": 91.673200000000000
            }
        }
    }, 
    "DATA - Position/Rotation": {
        "Position": {
            "X": 4086.641357000000000, 
            "Y": 11817.760742000000000, 
            "Z": -768.375183000000000
        }, 
        "Rotation": {
            "X": 0.000000000000000, 
            "Y": 0.000000000000000, 
            "Z": 189.076100000000000
        }
    }
}
