{
    "Cell": " [CELL:014C08DA]", 
    "Record Header": {
        "Signature": "REFR", 
        "Data Size": 68, 
        "Record Flags": {
            "Visible when distant": true
        }, 
        "FormID": "0182FAF3", 
        "Version Control Info": "00 00 00 00"
    }, 
    "NAME - Base": "0terrainUrockUrmU17 [STAT:010C04EC]", 
    "XLOD - Distant LOD Data": {
        "Unknown #0": 0.000000000000000, 
        "Unknown #1": 0.000000000000000, 
        "Unknown #2": 1.000000000000000
    }, 
    "XSCL - Scale": 2.000000000000000, 
    "DATA - Position/Rotation": {
        "Position": {
            "X": 61388.464844000000000, 
            "Y": 14980.997070000000000, 
            "Z": 4954.557129000000000
        }, 
        "Rotation": {
            "X": 354.270400000000000, 
            "Y": 0.000000000000000, 
            "Z": 114.591700000000000
        }
    }
}
