{
    "Cell": " [CELL:014C1060]", 
    "Record Header": {
        "Signature": "REFR", 
        "Data Size": 58, 
        "Record Flags": {
            "Visible when distant": true
        }, 
        "FormID": "0182CAF2", 
        "Version Control Info": "00 00 00 00"
    }, 
    "NAME - Base": "0terrainUashlandUrockU10 [STAT:010C04D0]", 
    "XLOD - Distant LOD Data": {
        "Unknown #0": 0.000000000000000, 
        "Unknown #1": 0.000000000000000, 
        "Unknown #2": 1.000000000000000
    }, 
    "DATA - Position/Rotation": {
        "Position": {
            "X": -31523.648437000000000, 
            "Y": 60856.500000000000000, 
            "Z": 2592.006348000000000
        }, 
        "Rotation": {
            "X": 355.702800000000000, 
            "Y": 0.000000000000000, 
            "Z": 308.433900000000000
        }
    }
}
