{
    "Cell": "LostSShipwreckVSUpperSLevel [CELL:0148025B]", 
    "Record Header": {
        "Signature": "REFR", 
        "Data Size": 84, 
        "Record Flags": {
            "Quest item / Persistent reference / Show in Menu": true
        }, 
        "FormID": "0184DA88", 
        "Version Control Info": "00 00 00 00"
    }, 
    "NAME - Base": "0exUdeUshipUtrapdoor [DOOR:01200049]", 
    "XTEL - Teleport Destination": {
        "Door": "[REFR:0184D99F]", 
        "Position/Rotation": {
            "Position": {
                "X": 4334.378418000000000, 
                "Y": 4162.520508000000000, 
                "Z": -643.536682000000000
            }, 
            "Rotation": {
                "X": 0.000000000000000, 
                "Y": 0.000000000000000, 
                "Z": 311.700000000000000
            }
        }
    }, 
    "XSCL - Scale": 1.050000000000000, 
    "DATA - Position/Rotation": {
        "Position": {
            "X": 4610.770020000000000, 
            "Y": 3895.490967000000000, 
            "Z": -773.473022000000000
        }, 
        "Rotation": {
            "X": 315.000000000000000, 
            "Y": 0.000000000000000, 
            "Z": 315.000000000000000
        }
    }
}
