{
    "Cell": "ZainabSCampVSAshurTDanAsSYurt [CELL:014804B0]", 
    "Record Header": {
        "Signature": "REFR", 
        "Data Size": 74, 
        "Record Flags": {
            "Quest item / Persistent reference / Show in Menu": true
        }, 
        "FormID": "01820227", 
        "Version Control Info": "00 00 00 00"
    }, 
    "NAME - Base": "0inUashlUdoorU02 [DOOR:0120003C]", 
    "XTEL - Teleport Destination": {
        "Door": "[REFR:0181E500]", 
        "Position/Rotation": {
            "Position": {
                "X": 76982.070312000000000, 
                "Y": 83665.812500000000000, 
                "Z": 799.030029000000000
            }, 
            "Rotation": {
                "X": 0.000000000000000, 
                "Y": 0.000000000000000, 
                "Z": 337.100000000000000
            }
        }
    }, 
    "DATA - Position/Rotation": {
        "Position": {
            "X": -32.650002000000000, 
            "Y": 483.334991000000000, 
            "Z": -146.496994000000000
        }, 
        "Rotation": {
            "X": 0.000000000000000, 
            "Y": 0.000000000000000, 
            "Z": 0.000000000000000
        }
    }
}
