{
    "Cell": "MournholdSTempleXSHighSChapel [CELL:014804CC]", 
    "Record Header": {
        "Signature": "REFR", 
        "Data Size": 74, 
        "Record Flags": {
            "Quest item / Persistent reference / Show in Menu": true
        }, 
        "FormID": "01F03B60", 
        "Version Control Info": "00 00 00 00"
    }, 
    "NAME - Base": "0InUMHUdoorU02 [DOOR:01200093]", 
    "XTEL - Teleport Destination": {
        "Door": "[REFR:01F03AA7]", 
        "Position/Rotation": {
            "Position": {
                "X": 146.547211000000000, 
                "Y": -6.655055000000000, 
                "Z": -60.000000000000000
            }, 
            "Rotation": {
                "X": 0.000000000000000, 
                "Y": 0.000000000000000, 
                "Z": 91.673300000000000
            }
        }
    }, 
    "DATA - Position/Rotation": {
        "Position": {
            "X": -64.000000000000000, 
            "Y": 1152.000000000000000, 
            "Z": -640.000000000000000
        }, 
        "Rotation": {
            "X": 0.000000000000000, 
            "Y": 0.000000000000000, 
            "Z": 0.000000000000000
        }
    }
}
