{
    "Cell": " [CELL:014C0E9A]", 
    "Record Header": {
        "Signature": "REFR", 
        "Data Size": 68, 
        "Record Flags": {
            "Visible when distant": true
        }, 
        "FormID": "0183D6A7", 
        "Version Control Info": "00 00 00 00"
    }, 
    "NAME - Base": "0terrainUrockUbcU18 [STAT:010C08FA]", 
    "XLOD - Distant LOD Data": {
        "Unknown #0": 0.000000000000000, 
        "Unknown #1": 0.000000000000000, 
        "Unknown #2": 1.000000000000000
    }, 
    "XSCL - Scale": 1.500000000000000, 
    "DATA - Position/Rotation": {
        "Position": {
            "X": -6299.036133000000000, 
            "Y": -66336.851562000000000, 
            "Z": 541.675293000000000
        }, 
        "Rotation": {
            "X": 354.270400000000000, 
            "Y": 348.540800000000000, 
            "Z": 24.845000000000000
        }
    }
}
