{
    "Cell": "SolstheimVSChamberSofSSong [CELL:01480562]", 
    "Record Header": {
        "Signature": "REFR", 
        "Data Size": 74, 
        "Record Flags": {
            "Quest item / Persistent reference / Show in Menu": true
        }, 
        "FormID": "01F08B31", 
        "Version Control Info": "00 00 00 00"
    }, 
    "NAME - Base": "0ExUBMUtombUdoorU01 [DOOR:012000CE]", 
    "XTEL - Teleport Destination": {
        "Door": "[REFR:01F089B9]", 
        "Position/Rotation": {
            "Position": {
                "X": -8012.117187000000000, 
                "Y": -1769.339600000000000, 
                "Z": 427.700745000000000
            }, 
            "Rotation": {
                "X": 0.000000000000000, 
                "Y": 0.000000000000000, 
                "Z": 90.000000000000000
            }
        }
    }, 
    "DATA - Position/Rotation": {
        "Position": {
            "X": 5583.730469000000000, 
            "Y": 2803.988281000000000, 
            "Z": 10855.774414000000000
        }, 
        "Rotation": {
            "X": 0.000000000000000, 
            "Y": 0.000000000000000, 
            "Z": 90.000000000000000
        }
    }
}
