{
    "Cell": "BalmoraVSGuildSofSFighters [CELL:01480119]", 
    "Record Header": {
        "Signature": "REFR", 
        "Data Size": 74, 
        "Record Flags": {
            "Quest item / Persistent reference / Show in Menu": true
        }, 
        "FormID": "0184BDD9", 
        "Version Control Info": "00 00 00 00"
    }, 
    "NAME - Base": "0inUhUtrapdoorU01 [DOOR:0120006A]", 
    "XTEL - Teleport Destination": {
        "Door": "[REFR:0184BDDA]", 
        "Position/Rotation": {
            "Position": {
                "X": 1105.919067000000000, 
                "Y": 491.408783000000000, 
                "Z": -339.883331000000000
            }, 
            "Rotation": {
                "X": 0.000000000000000, 
                "Y": 0.000000000000000, 
                "Z": 270.000000000000000
            }
        }
    }, 
    "DATA - Position/Rotation": {
        "Position": {
            "X": 1280.000000000000000, 
            "Y": 512.000000000000000, 
            "Z": -404.640991000000000
        }, 
        "Rotation": {
            "X": 0.000000000000000, 
            "Y": 0.000000000000000, 
            "Z": 0.000000000000000
        }
    }
}
