{
    "Cell": "PelagiadVSNorthSWall [CELL:014802E2]", 
    "Record Header": {
        "Signature": "REFR", 
        "Data Size": 74, 
        "Record Flags": {
            "Quest item / Persistent reference / Show in Menu": true
        }, 
        "FormID": "01805987", 
        "Version Control Info": "00 00 00 00"
    }, 
    "NAME - Base": "0inUimpsmallUtrapdoorU01a [DOOR:01200003]", 
    "XTEL - Teleport Destination": {
        "Door": "[REFR:0180593E]", 
        "Position/Rotation": {
            "Position": {
                "X": 6722.006836000000000, 
                "Y": -54589.101562000000000, 
                "Z": 2861.337646000000000
            }, 
            "Rotation": {
                "X": 0.000000000000000, 
                "Y": 0.000000000000000, 
                "Z": 34.377500000000000
            }
        }
    }, 
    "DATA - Position/Rotation": {
        "Position": {
            "X": 1024.000000000000000, 
            "Y": 1024.000000000000000, 
            "Z": -1024.001343000000000
        }, 
        "Rotation": {
            "X": 0.000000000000000, 
            "Y": 0.000000000000000, 
            "Z": 0.000000000000000
        }
    }
}
