{
    "Cell": " [CELL:014C0DA6]", 
    "Record Header": {
        "Signature": "REFR", 
        "Data Size": 68, 
        "Record Flags": {
            "Visible when distant": true
        }, 
        "FormID": "01836DBF", 
        "Version Control Info": "00 00 00 00"
    }, 
    "NAME - Base": "0terrainUrockUrmU17 [STAT:010C04EC]", 
    "XLOD - Distant LOD Data": {
        "Unknown #0": 0.000000000000000, 
        "Unknown #1": 0.000000000000000, 
        "Unknown #2": 1.000000000000000
    }, 
    "XSCL - Scale": 1.250000000000000, 
    "DATA - Position/Rotation": {
        "Position": {
            "X": 506.300903000000000, 
            "Y": 64248.207031000000000, 
            "Z": 4794.664551000000000
        }, 
        "Rotation": {
            "X": 22.918300000000000, 
            "Y": 5.729600000000000, 
            "Z": 348.540900000000000
        }
    }
}
