{
    "Cell": "VivecVSTheSFlowersSofSGold [CELL:01480493]", 
    "Record Header": {
        "Signature": "REFR", 
        "Data Size": 74, 
        "Record Flags": {
            "Quest item / Persistent reference / Show in Menu": true
        }, 
        "FormID": "0182E0D1", 
        "Version Control Info": "00 00 00 00"
    }, 
    "NAME - Base": "0inUvelothismallUndoorU01 [DOOR:01200043]", 
    "XTEL - Teleport Destination": {
        "Door": "[REFR:0182E187]", 
        "Position/Rotation": {
            "Position": {
                "X": 1788.592529000000000, 
                "Y": -509.503540000000000, 
                "Z": 164.606003000000000
            }, 
            "Rotation": {
                "X": 0.000000000000000, 
                "Y": 0.000000000000000, 
                "Z": 270.000000000000000
            }
        }
    }, 
    "DATA - Position/Rotation": {
        "Position": {
            "X": -576.000000000000000, 
            "Y": 512.000000000000000, 
            "Z": -128.000000000000000
        }, 
        "Rotation": {
            "X": 0.000000000000000, 
            "Y": 0.000000000000000, 
            "Z": 270.000000000000000
        }
    }
}
