{
    "Cell": " [CELL:014C081E]", 
    "Record Header": {
        "Signature": "REFR", 
        "Data Size": 68, 
        "Record Flags": {
            "Visible when distant": true
        }, 
        "FormID": "01860C8D", 
        "Version Control Info": "00 00 00 00"
    }, 
    "NAME - Base": "0terrainUrockUmaU57 [STAT:010C0870]", 
    "XLOD - Distant LOD Data": {
        "Unknown #0": 0.000000000000000, 
        "Unknown #1": 0.000000000000000, 
        "Unknown #2": 1.000000000000000
    }, 
    "XSCL - Scale": 0.930000000000000, 
    "DATA - Position/Rotation": {
        "Position": {
            "X": 67800.375000000000000, 
            "Y": 22664.835938000000000, 
            "Z": 2433.026367000000000
        }, 
        "Rotation": {
            "X": 0.000000000000000, 
            "Y": 0.000000000000000, 
            "Z": 229.211300000000000
        }
    }
}
