{
    "Cell": " [CELL:014C08B9]", 
    "Record Header": {
        "Signature": "REFR", 
        "Data Size": 68, 
        "Record Flags": {
            "Visible when distant": true
        }, 
        "FormID": "0183C47D", 
        "Version Control Info": "00 00 00 00"
    }, 
    "NAME - Base": "0terrainUrockUrmU17 [STAT:010C04EC]", 
    "XLOD - Distant LOD Data": {
        "Unknown #0": 0.000000000000000, 
        "Unknown #1": 0.000000000000000, 
        "Unknown #2": 1.000000000000000
    }, 
    "XSCL - Scale": 2.000000000000000, 
    "DATA - Position/Rotation": {
        "Position": {
            "X": 64631.679687000000000, 
            "Y": 77547.226562000000000, 
            "Z": 3677.343750000000000
        }, 
        "Rotation": {
            "X": 342.811300000000000, 
            "Y": 5.729600000000000, 
            "Z": 11.459200000000000
        }
    }
}
