{
    "Cell": " [CELL:014C124F]", 
    "Record Header": {
        "Signature": "REFR", 
        "Data Size": 68, 
        "Record Flags": {
            "Visible when distant": true
        }, 
        "FormID": "018517A6", 
        "Version Control Info": "00 00 00 00"
    }, 
    "NAME - Base": "0terrainUrockUwgU08 [STAT:010C048D]", 
    "XLOD - Distant LOD Data": {
        "Unknown #0": 0.000000000000000, 
        "Unknown #1": 0.000000000000000, 
        "Unknown #2": 1.000000000000000
    }, 
    "XSCL - Scale": 1.960000000000000, 
    "DATA - Position/Rotation": {
        "Position": {
            "X": -53109.765625000000000, 
            "Y": 45546.371094000000000, 
            "Z": 1469.052490000000000
        }, 
        "Rotation": {
            "X": 0.000000000000000, 
            "Y": 0.000000000000000, 
            "Z": 22.918300000000000
        }
    }
}
