{
    "Cell": " [CELL:014C1364]", 
    "Record Header": {
        "Signature": "REFR", 
        "Data Size": 68, 
        "Record Flags": {
            "Visible when distant": true
        }, 
        "FormID": "01873446", 
        "Version Control Info": "00 00 00 00"
    }, 
    "NAME - Base": "0terrainUrockUwgU10 [STAT:010C048F]", 
    "XLOD - Distant LOD Data": {
        "Unknown #0": 0.000000000000000, 
        "Unknown #1": 0.000000000000000, 
        "Unknown #2": 1.000000000000000
    }, 
    "XSCL - Scale": 2.000000000000000, 
    "DATA - Position/Rotation": {
        "Position": {
            "X": -70039.046875000000000, 
            "Y": 58236.847656000000000, 
            "Z": 1136.364136000000000
        }, 
        "Rotation": {
            "X": 22.918300000000000, 
            "Y": 22.918300000000000, 
            "Z": 334.698600000000000
        }
    }
}
