{
    "Cell": "VivecVSHallSofSJustice [CELL:0148041E]", 
    "Record Header": {
        "Signature": "REFR", 
        "Data Size": 74, 
        "Record Flags": {
            "Quest item / Persistent reference / Show in Menu": true
        }, 
        "FormID": "01867325", 
        "Version Control Info": "00 00 00 00"
    }, 
    "NAME - Base": "0inUvUsUtrapdoorU01 [DOOR:01200030]", 
    "XTEL - Teleport Destination": {
        "Door": "[REFR:01867331]", 
        "Position/Rotation": {
            "Position": {
                "X": 1840.000000000000000, 
                "Y": 7280.000000000000000, 
                "Z": 36.000000000000000
            }, 
            "Rotation": {
                "X": 0.000000000000000, 
                "Y": 0.000000000000000, 
                "Z": 90.000000000000000
            }
        }
    }, 
    "DATA - Position/Rotation": {
        "Position": {
            "X": -240.000000000000000, 
            "Y": 4098.705078000000000, 
            "Z": -129.396957000000000
        }, 
        "Rotation": {
            "X": 0.000000000000000, 
            "Y": 0.000000000000000, 
            "Z": 270.000000000000000
        }
    }
}
