{
    "Cell": " [CELL:014C0C64]", 
    "Record Header": {
        "Signature": "REFR", 
        "Data Size": 68, 
        "Record Flags": {
            "Visible when distant": true
        }, 
        "FormID": "01857AB6", 
        "Version Control Info": "00 00 00 00"
    }, 
    "NAME - Base": "0terrainUrockUmaU57 [STAT:010C0870]", 
    "XLOD - Distant LOD Data": {
        "Unknown #0": 0.000000000000000, 
        "Unknown #1": 0.000000000000000, 
        "Unknown #2": 1.000000000000000
    }, 
    "XSCL - Scale": 1.260000000000000, 
    "DATA - Position/Rotation": {
        "Position": {
            "X": 17400.873047000000000, 
            "Y": -21135.595703000000000, 
            "Z": 1359.658936000000000
        }, 
        "Rotation": {
            "X": 354.270400000000000, 
            "Y": 0.000000000000000, 
            "Z": 5.729600000000000
        }
    }
}
