{
    "Cell": " [CELL:014C01D9]", 
    "Record Header": {
        "Signature": "REFR", 
        "Data Size": 68, 
        "Record Flags": {
            "Visible when distant": true
        }, 
        "FormID": "0186D8FE", 
        "Version Control Info": "00 00 00 00"
    }, 
    "NAME - Base": "0ExUTUmenhirULU01 [STAT:010C0429]", 
    "XLOD - Distant LOD Data": {
        "Unknown #0": 0.000000000000000, 
        "Unknown #1": 0.000000000000000, 
        "Unknown #2": 1.000000000000000
    }, 
    "XSCL - Scale": 2.000000000000000, 
    "DATA - Position/Rotation": {
        "Position": {
            "X": 153350.875000000000000, 
            "Y": 49525.941406000000000, 
            "Z": -1721.848755000000000
        }, 
        "Rotation": {
            "X": 0.000000000000000, 
            "Y": 0.000000000000000, 
            "Z": 352.343500000000000
        }
    }
}
