{
    "Cell": "AldTruhnVSLlethriSManorSEntrance [CELL:014800A8]", 
    "Record Header": {
        "Signature": "REFR", 
        "Data Size": 74, 
        "Record Flags": {
            "Quest item / Persistent reference / Show in Menu": true
        }, 
        "FormID": "01813602", 
        "Version Control Info": "00 00 00 00"
    }, 
    "NAME - Base": "0inUrUsUdoorU01 [DOOR:01200014]", 
    "XTEL - Teleport Destination": {
        "Door": "[REFR:01813A26]", 
        "Position/Rotation": {
            "Position": {
                "X": 0.000000000000000, 
                "Y": -1151.091064000000000, 
                "Z": -614.666016000000000
            }, 
            "Rotation": {
                "X": 0.000000000000000, 
                "Y": 0.000000000000000, 
                "Z": 0.000000000000000
            }
        }
    }, 
    "DATA - Position/Rotation": {
        "Position": {
            "X": 192.000000000000000, 
            "Y": -1024.000000000000000, 
            "Z": -256.000000000000000
        }, 
        "Rotation": {
            "X": 0.000000000000000, 
            "Y": 0.000000000000000, 
            "Z": 0.000000000000000
        }
    }
}
