{
    "Cell": " [CELL:014C1142]", 
    "Record Header": {
        "Signature": "REFR", 
        "Data Size": 58, 
        "Record Flags": {
            "Visible when distant": true
        }, 
        "FormID": "01841536", 
        "Version Control Info": "00 00 00 00"
    }, 
    "NAME - Base": "0terrainUrockUbcU18 [STAT:010C08FA]", 
    "XLOD - Distant LOD Data": {
        "Unknown #0": 0.000000000000000, 
        "Unknown #1": 0.000000000000000, 
        "Unknown #2": 1.000000000000000
    }, 
    "DATA - Position/Rotation": {
        "Position": {
            "X": -40176.347656000000000, 
            "Y": -52463.964844000000000, 
            "Z": 142.174057000000000
        }, 
        "Rotation": {
            "X": 0.000000000000000, 
            "Y": 22.918300000000000, 
            "Z": 206.232500000000000
        }
    }
}
