{
    "Cell": "SkaalSVillageVSTheSBlodskaalAsSHouse [CELL:01480553]", 
    "Record Header": {
        "Signature": "REFR", 
        "Data Size": 74, 
        "Record Flags": {
            "Quest item / Persistent reference / Show in Menu": true
        }, 
        "FormID": "01F0843A", 
        "Version Control Info": "00 00 00 00"
    }, 
    "NAME - Base": "0InUSUdoor [DOOR:012000BF]", 
    "XTEL - Teleport Destination": {
        "Door": "fbmwbmBlodskalDoorREF [REFR:01F029EB]", 
        "Position/Rotation": {
            "Position": {
                "X": -157898.265625000000000, 
                "Y": 211785.906250000000000, 
                "Z": 2974.296875000000000
            }, 
            "Rotation": {
                "X": 0.000000000000000, 
                "Y": 0.000000000000000, 
                "Z": 0.000000000000000
            }
        }
    }, 
    "DATA - Position/Rotation": {
        "Position": {
            "X": 77.743752000000000, 
            "Y": 357.724823000000000, 
            "Z": 93.200378000000000
        }, 
        "Rotation": {
            "X": 0.000000000000000, 
            "Y": 0.000000000000000, 
            "Z": 180.000000000000000
        }
    }
}
