{
    "Cell": "NorenenTdurVSBasilicaSofSDivineSWhispers [CELL:014804F2]", 
    "Record Header": {
        "Signature": "REFR", 
        "Data Size": 74, 
        "Record Flags": {
            "Quest item / Persistent reference / Show in Menu": true
        }, 
        "FormID": "01F0543E", 
        "Version Control Info": "00 00 00 00"
    }, 
    "NAME - Base": "0inUdaeUdoorU01 [DOOR:01200035]", 
    "XTEL - Teleport Destination": {
        "Door": "[REFR:01F054EE]", 
        "Position/Rotation": {
            "Position": {
                "X": -2482.973877000000000, 
                "Y": 4157.309570000000000, 
                "Z": 493.111145000000000
            }, 
            "Rotation": {
                "X": 0.000000000000000, 
                "Y": 0.000000000000000, 
                "Z": 45.836600000000000
            }
        }
    }, 
    "DATA - Position/Rotation": {
        "Position": {
            "X": 2986.358643000000000, 
            "Y": 3410.807373000000000, 
            "Z": 75.813484000000000
        }, 
        "Rotation": {
            "X": 0.000000000000000, 
            "Y": 0.000000000000000, 
            "Z": 0.000000000000000
        }
    }
}
