{
    "Cell": " [CELL:014C1344]", 
    "Record Header": {
        "Signature": "REFR", 
        "Data Size": 58, 
        "Record Flags": {
            "Visible when distant": true
        }, 
        "FormID": "01809745", 
        "Version Control Info": "00 00 00 00"
    }, 
    "NAME - Base": "0terrainUrockUwgU08 [STAT:010C048D]", 
    "XLOD - Distant LOD Data": {
        "Unknown #0": 0.000000000000000, 
        "Unknown #1": 0.000000000000000, 
        "Unknown #2": 1.000000000000000
    }, 
    "DATA - Position/Rotation": {
        "Position": {
            "X": -71763.515625000000000, 
            "Y": 126118.234375000000000, 
            "Z": 836.199158000000000
        }, 
        "Rotation": {
            "X": 0.000000000000000, 
            "Y": 17.188700000000000, 
            "Z": 0.000000000000000
        }
    }
}
