{
    "Cell": " [CELL:014C12F1]", 
    "Record Header": {
        "Signature": "REFR", 
        "Data Size": 58, 
        "Record Flags": {
            "Visible when distant": true
        }, 
        "FormID": "01838797", 
        "Version Control Info": "00 00 00 00"
    }, 
    "NAME - Base": "0terrainUrockUbcU18 [STAT:010C08FA]", 
    "XLOD - Distant LOD Data": {
        "Unknown #0": 0.000000000000000, 
        "Unknown #1": 0.000000000000000, 
        "Unknown #2": 1.000000000000000
    }, 
    "DATA - Position/Rotation": {
        "Position": {
            "X": -61225.746094000000000, 
            "Y": 9730.810547000000000, 
            "Z": 22.346878000000000
        }, 
        "Rotation": {
            "X": 348.540900000000000, 
            "Y": 11.459200000000000, 
            "Z": 91.673300000000000
        }
    }
}
