{
    "Cell": "VivecVSForeignSQuarterSPlaza [CELL:01480418]", 
    "Record Header": {
        "Signature": "REFR", 
        "Data Size": 74, 
        "Record Flags": {
            "Quest item / Persistent reference / Show in Menu": true
        }, 
        "FormID": "01871D92", 
        "Version Control Info": "00 00 00 00"
    }, 
    "NAME - Base": "0ExUVUcantondoorU01 [DOOR:01200083]", 
    "XTEL - Teleport Destination": {
        "Door": "[REFR:01871CF3]", 
        "Position/Rotation": {
            "Position": {
                "X": 28294.007812000000000, 
                "Y": -79745.062500000000000, 
                "Z": 3297.611572000000000
            }, 
            "Rotation": {
                "X": 0.000000000000000, 
                "Y": 0.000000000000000, 
                "Z": 270.000000000000000
            }
        }
    }, 
    "DATA - Position/Rotation": {
        "Position": {
            "X": -1605.569824000000000, 
            "Y": 128.000000000000000, 
            "Z": 414.031097000000000
        }, 
        "Rotation": {
            "X": 0.000000000000000, 
            "Y": 0.000000000000000, 
            "Z": 0.000000000000000
        }
    }
}
