{
    "Cell": " [CELL:014C11B5]", 
    "Record Header": {
        "Signature": "REFR", 
        "Data Size": 68, 
        "Record Flags": {
            "Visible when distant": true
        }, 
        "FormID": "018516B1", 
        "Version Control Info": "00 00 00 00"
    }, 
    "NAME - Base": "0terrainUrockUwgU09 [STAT:010C048E]", 
    "XLOD - Distant LOD Data": {
        "Unknown #0": 0.000000000000000, 
        "Unknown #1": 0.000000000000000, 
        "Unknown #2": 1.000000000000000
    }, 
    "XSCL - Scale": 1.830000000000000, 
    "DATA - Position/Rotation": {
        "Position": {
            "X": -41570.281250000000000, 
            "Y": 34384.664062000000000, 
            "Z": 1750.538086000000000
        }, 
        "Rotation": {
            "X": 0.000000000000000, 
            "Y": 0.000000000000000, 
            "Z": 28.647900000000000
        }
    }
}
