{
    "Cell": "VivecVSStPSDelynSPlaza [CELL:0148045E]", 
    "Record Header": {
        "Signature": "REFR", 
        "Data Size": 74, 
        "Record Flags": {
            "Quest item / Persistent reference / Show in Menu": true
        }, 
        "FormID": "01875EDF", 
        "Version Control Info": "00 00 00 00"
    }, 
    "NAME - Base": "0ExUVUcantondoorU01 [DOOR:01200083]", 
    "XTEL - Teleport Destination": {
        "Door": "[REFR:01871CF8]", 
        "Position/Rotation": {
            "Position": {
                "X": 31029.162109000000000, 
                "Y": -93308.929688000000000, 
                "Z": 2069.745605000000000
            }, 
            "Rotation": {
                "X": 0.000000000000000, 
                "Y": 0.000000000000000, 
                "Z": 90.000000000000000
            }
        }
    }, 
    "DATA - Position/Rotation": {
        "Position": {
            "X": 1803.886230000000000, 
            "Y": -96.000000000000000, 
            "Z": -1636.450073000000000
        }, 
        "Rotation": {
            "X": 0.000000000000000, 
            "Y": 0.000000000000000, 
            "Z": 180.000000000000000
        }
    }
}
