{
    "Cell": "ShunnedSShipwreckVSUpperSLevel [CELL:01480369]", 
    "Record Header": {
        "Signature": "REFR", 
        "Data Size": 84, 
        "Record Flags": {
            "Quest item / Persistent reference / Show in Menu": true
        }, 
        "FormID": "0184DA62", 
        "Version Control Info": "00 00 00 00"
    }, 
    "NAME - Base": "0exUdeUshipUtrapdoor [DOOR:01200049]", 
    "XTEL - Teleport Destination": {
        "Door": "[REFR:0184D9E2]", 
        "Position/Rotation": {
            "Position": {
                "X": 4012.410156000000000, 
                "Y": 4760.487793000000000, 
                "Z": -455.161591000000000
            }, 
            "Rotation": {
                "X": 0.000000000000000, 
                "Y": 0.000000000000000, 
                "Z": 266.700000000000000
            }
        }
    }, 
    "XSCL - Scale": 1.050000000000000, 
    "DATA - Position/Rotation": {
        "Position": {
            "X": 4608.101074000000000, 
            "Y": 4066.645020000000000, 
            "Z": -199.048004000000000
        }, 
        "Rotation": {
            "X": 350.000000000000000, 
            "Y": 0.000000000000000, 
            "Z": 270.000000000000000
        }
    }
}
