{
    "Cell": " [CELL:014C0D78]", 
    "Record Header": {
        "Signature": "REFR", 
        "Data Size": 68, 
        "Record Flags": {
            "Visible when distant": true
        }, 
        "FormID": "018486FA", 
        "Version Control Info": "00 00 00 00"
    }, 
    "NAME - Base": "0terrainUrockUrmU17 [STAT:010C04EC]", 
    "XLOD - Distant LOD Data": {
        "Unknown #0": 0.000000000000000, 
        "Unknown #1": 0.000000000000000, 
        "Unknown #2": 1.000000000000000
    }, 
    "XSCL - Scale": 1.390000000000000, 
    "DATA - Position/Rotation": {
        "Position": {
            "X": 3856.413086000000000, 
            "Y": 150573.406250000000000, 
            "Z": 1174.153687000000000
        }, 
        "Rotation": {
            "X": 5.729600000000000, 
            "Y": 354.270400000000000, 
            "Z": 136.546600000000000
        }
    }
}
