{
    "Cell": " [CELL:014C126B]", 
    "Record Header": {
        "Signature": "REFR", 
        "Data Size": 58, 
        "Record Flags": {
            "Visible when distant": true
        }, 
        "FormID": "01839E6B", 
        "Version Control Info": "00 00 00 00"
    }, 
    "NAME - Base": "0terrainUrockUbcU18 [STAT:010C08FA]", 
    "XLOD - Distant LOD Data": {
        "Unknown #0": 0.000000000000000, 
        "Unknown #1": 0.000000000000000, 
        "Unknown #2": 1.000000000000000
    }, 
    "DATA - Position/Rotation": {
        "Position": {
            "X": -51972.679687000000000, 
            "Y": -8392.073242000000000, 
            "Z": 85.361252000000000
        }, 
        "Rotation": {
            "X": 17.188700000000000, 
            "Y": 22.918300000000000, 
            "Z": 121.252200000000000
        }
    }
}
