{
    "Cell": "Nissintu [CELL:014802BF]", 
    "Record Header": {
        "Signature": "REFR", 
        "Data Size": 74, 
        "Record Flags": {
            "Quest item / Persistent reference / Show in Menu": true
        }, 
        "FormID": "0184982B", 
        "Version Control Info": "00 00 00 00"
    }, 
    "NAME - Base": "0exUcaveUdoorU01 [DOOR:0120002F]", 
    "XTEL - Teleport Destination": {
        "Door": "[REFR:0182808C]", 
        "Position/Rotation": {
            "Position": {
                "X": 14581.230469000000000, 
                "Y": -17301.869141000000000, 
                "Z": 951.252014000000000
            }, 
            "Rotation": {
                "X": 0.000000000000000, 
                "Y": 0.000000000000000, 
                "Z": 182.356400000000000
            }
        }
    }, 
    "DATA - Position/Rotation": {
        "Position": {
            "X": -1976.886963000000000, 
            "Y": 4993.998047000000000, 
            "Z": -29.775999000000000
        }, 
        "Rotation": {
            "X": 0.000000000000000, 
            "Y": 0.000000000000000, 
            "Z": 268.300000000000000
        }
    }
}
