{
    "Cell": "DissaplaSMine [CELL:01480186]", 
    "Record Header": {
        "Signature": "REFR", 
        "Data Size": 84, 
        "Record Flags": {
            "Quest item / Persistent reference / Show in Menu": true
        }, 
        "FormID": "0183F253", 
        "Version Control Info": "00 00 00 00"
    }, 
    "NAME - Base": "0doorUcavernUdoors10 [DOOR:01200013]", 
    "XTEL - Teleport Destination": {
        "Door": "[REFR:0181A4F5]", 
        "Position/Rotation": {
            "Position": {
                "X": 80024.171875000000000, 
                "Y": 58826.585937000000000, 
                "Z": 1166.473022000000000
            }, 
            "Rotation": {
                "X": 0.000000000000000, 
                "Y": 0.000000000000000, 
                "Z": 233.900000000000000
            }
        }
    }, 
    "XSCL - Scale": 1.040000000000000, 
    "DATA - Position/Rotation": {
        "Position": {
            "X": -2814.784912000000000, 
            "Y": -1215.756958000000000, 
            "Z": 222.942001000000000
        }, 
        "Rotation": {
            "X": 0.000000000000000, 
            "Y": 0.000000000000000, 
            "Z": 270.000000000000000
        }
    }
}
