{
    "Cell": "VivecVSForeignSQuarterSCanalworks [CELL:01480416]", 
    "Record Header": {
        "Signature": "REFR", 
        "Data Size": 74, 
        "Record Flags": {
            "Quest item / Persistent reference / Show in Menu": true
        }, 
        "FormID": "01867318", 
        "Version Control Info": "00 00 00 00"
    }, 
    "NAME - Base": "0inUvUsUtrapdoorU01 [DOOR:01200030]", 
    "XTEL - Teleport Destination": {
        "Door": "[REFR:0186731E]", 
        "Position/Rotation": {
            "Position": {
                "X": 6448.000000000000000, 
                "Y": 1008.000000000000000, 
                "Z": 36.000000000000000
            }, 
            "Rotation": {
                "X": 0.000000000000000, 
                "Y": 0.000000000000000, 
                "Z": 270.000000000000000
            }
        }
    }, 
    "DATA - Position/Rotation": {
        "Position": {
            "X": 2813.559326000000000, 
            "Y": 159.762115000000000, 
            "Z": -256.648224000000000
        }, 
        "Rotation": {
            "X": 0.000000000000000, 
            "Y": 0.000000000000000, 
            "Z": 0.000000000000000
        }
    }
}
