{
    "Cell": "AndrethiSAncestralSTomb [CELL:014800D0]", 
    "Record Header": {
        "Signature": "REFR", 
        "Data Size": 74, 
        "Record Flags": {
            "Quest item / Persistent reference / Show in Menu": true
        }, 
        "FormID": "01828E1B", 
        "Version Control Info": "00 00 00 00"
    }, 
    "NAME - Base": "0inUvelothismallUndoorU01 [DOOR:01200043]", 
    "XTEL - Teleport Destination": {
        "Door": "[REFR:0182DC48]", 
        "Position/Rotation": {
            "Position": {
                "X": -36500.218750000000000, 
                "Y": -11449.424805000000000, 
                "Z": 33.481003000000000
            }, 
            "Rotation": {
                "X": 0.000000000000000, 
                "Y": 0.000000000000000, 
                "Z": 28.600000000000000
            }
        }
    }, 
    "DATA - Position/Rotation": {
        "Position": {
            "X": 2552.000000000000000, 
            "Y": 1308.000000000000000, 
            "Z": -896.000000000000000
        }, 
        "Rotation": {
            "X": 0.000000000000000, 
            "Y": 0.000000000000000, 
            "Z": 270.000000000000000
        }
    }
}
