{
    "Cell": "MamsharTDisamusSCampVSMaesatAsSYurt [CELL:0148027A]", 
    "Record Header": {
        "Signature": "REFR", 
        "Data Size": 74, 
        "Record Flags": {
            "Quest item / Persistent reference / Show in Menu": true
        }, 
        "FormID": "0184391F", 
        "Version Control Info": "00 00 00 00"
    }, 
    "NAME - Base": "0inUashlUdoorU02 [DOOR:0120003C]", 
    "XTEL - Teleport Destination": {
        "Door": "[REFR:0184389A]", 
        "Position/Rotation": {
            "Position": {
                "X": 13813.070312000000000, 
                "Y": 120960.414062000000000, 
                "Z": 725.013916000000000
            }, 
            "Rotation": {
                "X": 0.000000000000000, 
                "Y": 0.000000000000000, 
                "Z": 337.081700000000000
            }
        }
    }, 
    "DATA - Position/Rotation": {
        "Position": {
            "X": 17.336000000000000, 
            "Y": 10.329000000000000, 
            "Z": 0.000000000000000
        }, 
        "Rotation": {
            "X": 0.000000000000000, 
            "Y": 0.000000000000000, 
            "Z": 159.400000000000000
        }
    }
}
