{
    "Cell": "NeglectedSShipwreckVSUpperSLevel [CELL:014802BA]", 
    "Record Header": {
        "Signature": "REFR", 
        "Data Size": 74, 
        "Record Flags": {
            "Quest item / Persistent reference / Show in Menu": true
        }, 
        "FormID": "0184DA51", 
        "Version Control Info": "00 00 00 00"
    }, 
    "NAME - Base": "0exUdeUshipUtrapdoor [DOOR:01200049]", 
    "XTEL - Teleport Destination": {
        "Door": "[REFR:0183709B]", 
        "Position/Rotation": {
            "Position": {
                "X": -74114.265625000000000, 
                "Y": 39187.437500000000000, 
                "Z": -387.644012000000000
            }, 
            "Rotation": {
                "X": 0.000000000000000, 
                "Y": 0.000000000000000, 
                "Z": 35.000000000000000
            }
        }
    }, 
    "DATA - Position/Rotation": {
        "Position": {
            "X": 3835.553955000000000, 
            "Y": 3781.476074000000000, 
            "Z": -581.149414000000000
        }, 
        "Rotation": {
            "X": 135.000000000000000, 
            "Y": 1.000000000000000, 
            "Z": 133.500000000000000
        }
    }
}
