{
    "Cell": "OldSMournholdXSPalaceSSewers [CELL:01480503]", 
    "Record Header": {
        "Signature": "REFR", 
        "Data Size": 74, 
        "Record Flags": {
            "Quest item / Persistent reference / Show in Menu": true
        }, 
        "FormID": "01F0604C", 
        "Version Control Info": "00 00 00 00"
    }, 
    "NAME - Base": "0InUMUsewerUdoorU01 [DOOR:01200090]", 
    "XTEL - Teleport Destination": {
        "Door": "[REFR:01F06946]", 
        "Position/Rotation": {
            "Position": {
                "X": 5888.000000000000000, 
                "Y": 5760.000000000000000, 
                "Z": -236.000031000000000
            }, 
            "Rotation": {
                "X": 0.000000000000000, 
                "Y": 0.000000000000000, 
                "Z": 270.000000000000000
            }
        }
    }, 
    "DATA - Position/Rotation": {
        "Position": {
            "X": -4089.702393000000000, 
            "Y": 1568.490112000000000, 
            "Z": 1056.000000000000000
        }, 
        "Rotation": {
            "X": 0.000000000000000, 
            "Y": 0.000000000000000, 
            "Z": 0.000000000000000
        }
    }
}
