{
    "Cell": " [CELL:014C110D]", 
    "Record Header": {
        "Signature": "REFR", 
        "Data Size": 68, 
        "Record Flags": {
            "Visible when distant": true
        }, 
        "FormID": "0182CC70", 
        "Version Control Info": "00 00 00 00"
    }, 
    "NAME - Base": "0terrainUrockUwgU09 [STAT:010C048E]", 
    "XLOD - Distant LOD Data": {
        "Unknown #0": 0.000000000000000, 
        "Unknown #1": 0.000000000000000, 
        "Unknown #2": 1.000000000000000
    }, 
    "XSCL - Scale": 2.000000000000000, 
    "DATA - Position/Rotation": {
        "Position": {
            "X": -35425.910156000000000, 
            "Y": 51645.929687000000000, 
            "Z": 2220.233643000000000
        }, 
        "Rotation": {
            "X": 11.459200000000000, 
            "Y": 0.000000000000000, 
            "Z": 166.157800000000000
        }
    }
}
