{
    "Cell": " [CELL:014C110D]", 
    "Record Header": {
        "Signature": "REFR", 
        "Data Size": 68, 
        "Record Flags": {
            "Visible when distant": true
        }, 
        "FormID": "0182CC6D", 
        "Version Control Info": "00 00 00 00"
    }, 
    "NAME - Base": "CHRock690 [STAT:0009C72A]", 
    "XLOD - Distant LOD Data": {
        "Unknown #0": -0.102732000000000, 
        "Unknown #1": 0.711224000000000, 
        "Unknown #2": 0.695419000000000
    }, 
    "XSCL - Scale": 1.900000000000000, 
    "DATA - Position/Rotation": {
        "Position": {
            "X": -32847.335937000000000, 
            "Y": 49451.972656000000000, 
            "Z": 1505.474609000000000
        }, 
        "Rotation": {
            "X": 0.000000000000000, 
            "Y": 0.000000000000000, 
            "Z": 291.245200000000000
        }
    }
}
