{
    "Cell": "UrshilakuSCampVSSakiranAsSYurt [CELL:014803E3]", 
    "Record Header": {
        "Signature": "REFR", 
        "Data Size": 74, 
        "Record Flags": {
            "Quest item / Persistent reference / Show in Menu": true
        }, 
        "FormID": "0181FC49", 
        "Version Control Info": "00 00 00 00"
    }, 
    "NAME - Base": "0inUashlUdoorU02 [DOOR:0120003C]", 
    "XTEL - Teleport Destination": {
        "Door": "[REFR:0181FB6D]", 
        "Position/Rotation": {
            "Position": {
                "X": -28573.242187000000000, 
                "Y": 149831.078125000000000, 
                "Z": 732.624939000000000
            }, 
            "Rotation": {
                "X": 0.000000000000000, 
                "Y": 0.000000000000000, 
                "Z": 40.100000000000000
            }
        }
    }, 
    "DATA - Position/Rotation": {
        "Position": {
            "X": 26.125965000000000, 
            "Y": 470.699280000000000, 
            "Z": -142.292999000000000
        }, 
        "Rotation": {
            "X": 0.000000000000000, 
            "Y": 0.000000000000000, 
            "Z": 0.000000000000000
        }
    }
}
