{
    "Cell": " [CELL:014C0777]", 
    "Record Header": {
        "Signature": "REFR", 
        "Data Size": 68, 
        "Record Flags": {
            "Visible when distant": true
        }, 
        "FormID": "0185BC23", 
        "Version Control Info": "00 00 00 00"
    }, 
    "NAME - Base": "0terrainUrockUmaU57 [STAT:010C0870]", 
    "XLOD - Distant LOD Data": {
        "Unknown #0": 0.000000000000000, 
        "Unknown #1": 0.000000000000000, 
        "Unknown #2": 1.000000000000000
    }, 
    "XSCL - Scale": 0.980000000000000, 
    "DATA - Position/Rotation": {
        "Position": {
            "X": 79011.210938000000000, 
            "Y": -576.100708000000000, 
            "Z": 786.018982000000000
        }, 
        "Rotation": {
            "X": 22.918300000000000, 
            "Y": 0.000000000000000, 
            "Z": 279.746500000000000
        }
    }
}
