{
    "Cell": "Gnisis02 [CELL:014C13E2]", 
    "Record Header": {
        "Signature": "REFR", 
        "Data Size": 58, 
        "Record Flags": {
            "Visible when distant": true
        }, 
        "FormID": "01809A58", 
        "Version Control Info": "00 00 00 00"
    }, 
    "NAME - Base": "0terrainUrockUwgU10 [STAT:010C048F]", 
    "XLOD - Distant LOD Data": {
        "Unknown #0": 0.000000000000000, 
        "Unknown #1": 0.000000000000000, 
        "Unknown #2": 1.000000000000000
    }, 
    "DATA - Position/Rotation": {
        "Position": {
            "X": -80194.648438000000000, 
            "Y": 97568.554688000000000, 
            "Z": 2490.909668000000000
        }, 
        "Rotation": {
            "X": 34.377500000000000, 
            "Y": 0.000000000000000, 
            "Z": 216.760500000000000
        }
    }
}
