{
    "Cell": " [CELL:014C0FDB]", 
    "Record Header": {
        "Signature": "REFR", 
        "Data Size": 68, 
        "Record Flags": {
            "Visible when distant": true
        }, 
        "FormID": "018444B1", 
        "Version Control Info": "00 00 00 00"
    }, 
    "NAME - Base": "0terrainUrockUrmU17 [STAT:010C04EC]", 
    "XLOD - Distant LOD Data": {
        "Unknown #0": 0.000000000000000, 
        "Unknown #1": 0.000000000000000, 
        "Unknown #2": 1.000000000000000
    }, 
    "XSCL - Scale": 1.860000000000000, 
    "DATA - Position/Rotation": {
        "Position": {
            "X": -18169.171875000000000, 
            "Y": -3216.800293000000000, 
            "Z": 3107.124512000000000
        }, 
        "Rotation": {
            "X": 348.540800000000000, 
            "Y": 0.000000000000000, 
            "Z": 319.893000000000000
        }
    }
}
