{
    "Cell": "VivecVSRedoranSCanalworks [CELL:01480448]", 
    "Record Header": {
        "Signature": "REFR", 
        "Data Size": 74, 
        "Record Flags": {
            "Quest item / Persistent reference / Show in Menu": true
        }, 
        "FormID": "018674D9", 
        "Version Control Info": "00 00 00 00"
    }, 
    "NAME - Base": "0inUvUsUtrapdoorU01 [DOOR:01200030]", 
    "XTEL - Teleport Destination": {
        "Door": "[REFR:018675E2]", 
        "Position/Rotation": {
            "Position": {
                "X": 6432.000000000000000, 
                "Y": 7280.000000000000000, 
                "Z": 36.000000000000000
            }, 
            "Rotation": {
                "X": 0.000000000000000, 
                "Y": 0.000000000000000, 
                "Z": 270.000000000000000
            }
        }
    }, 
    "DATA - Position/Rotation": {
        "Position": {
            "X": -640.000000000000000, 
            "Y": 160.000000000000000, 
            "Z": -256.746857000000000
        }, 
        "Rotation": {
            "X": 0.000000000000000, 
            "Y": 0.000000000000000, 
            "Z": 0.000000000000000
        }
    }
}
