{
    "Cell": "AshunartesVSShrine [CELL:014800F6]", 
    "Record Header": {
        "Signature": "REFR", 
        "Data Size": 74, 
        "Record Flags": {
            "Quest item / Persistent reference / Show in Menu": true
        }, 
        "FormID": "018432C4", 
        "Version Control Info": "00 00 00 00"
    }, 
    "NAME - Base": "0exUdaeUdoorUloadUoval [DOOR:01200037]", 
    "XTEL - Teleport Destination": {
        "Door": "[REFR:01843249]", 
        "Position/Rotation": {
            "Position": {
                "X": 30201.083984000000000, 
                "Y": -22259.109375000000000, 
                "Z": 1627.537964000000000
            }, 
            "Rotation": {
                "X": 0.000000000000000, 
                "Y": 0.000000000000000, 
                "Z": 205.301400000000000
            }
        }
    }, 
    "DATA - Position/Rotation": {
        "Position": {
            "X": 512.000000000000000, 
            "Y": 2592.000000000000000, 
            "Z": 640.000000000000000
        }, 
        "Rotation": {
            "X": 0.000000000000000, 
            "Y": 0.000000000000000, 
            "Z": 0.000000000000000
        }
    }
}
