{
    "Cell": "SothaSSilVSHallSofSSallaemu [CELL:0148051C]", 
    "Record Header": {
        "Signature": "REFR", 
        "Data Size": 74, 
        "Record Flags": {
            "Quest item / Persistent reference / Show in Menu": true
        }, 
        "FormID": "01F06E00", 
        "Version Control Info": "00 00 00 00"
    }, 
    "NAME - Base": "0doorUsothaUload [DOOR:01200094]", 
    "XTEL - Teleport Destination": {
        "Door": "[REFR:01F06BEA]", 
        "Position/Rotation": {
            "Position": {
                "X": 3968.000000000000000, 
                "Y": 3264.000000000000000, 
                "Z": 12324.000000000000000
            }, 
            "Rotation": {
                "X": 0.000000000000000, 
                "Y": 0.000000000000000, 
                "Z": 0.000000000000000
            }
        }
    }, 
    "DATA - Position/Rotation": {
        "Position": {
            "X": 2752.000000000000000, 
            "Y": 3136.000000000000000, 
            "Z": 13216.000000000000000
        }, 
        "Rotation": {
            "X": 0.000000000000000, 
            "Y": 0.000000000000000, 
            "Z": 90.000000000000000
        }
    }
}
