{
    "Cell": "FiremothVSDungeon [CELL:01480593]", 
    "Record Header": {
        "Signature": "REFR", 
        "Data Size": 84, 
        "Record Flags": {
            "Quest item / Persistent reference / Show in Menu": true
        }, 
        "FormID": "01F0A7DD", 
        "Version Control Info": "00 00 00 00"
    }, 
    "NAME - Base": "0inUimpsmallUdoorU01 [DOOR:01200002]", 
    "XTEL - Teleport Destination": {
        "Door": "[REFR:01F0ABBE]", 
        "Position/Rotation": {
            "Position": {
                "X": 703.183533000000000, 
                "Y": 175.962204000000000, 
                "Z": -2373.227783000000000
            }, 
            "Rotation": {
                "X": 0.000000000000000, 
                "Y": 0.000000000000000, 
                "Z": 180.000000000000000
            }
        }
    }, 
    "XSCL - Scale": 1.030000000000000, 
    "DATA - Position/Rotation": {
        "Position": {
            "X": 61.240044000000000, 
            "Y": -1528.444336000000000, 
            "Z": -542.621826000000000
        }, 
        "Rotation": {
            "X": 0.000000000000000, 
            "Y": 0.000000000000000, 
            "Z": 90.000000000000000
        }
    }
}
