{
    "Cell": "AshaTAhheSEggSMine [CELL:014800E9]", 
    "Record Header": {
        "Signature": "REFR", 
        "Data Size": 74, 
        "Record Flags": {
            "Quest item / Persistent reference / Show in Menu": true
        }, 
        "FormID": "018069D1", 
        "Version Control Info": "00 00 00 00"
    }, 
    "NAME - Base": "0doorUcavernUdoors10 [DOOR:01200013]", 
    "XTEL - Teleport Destination": {
        "Door": "[REFR:0180975A]", 
        "Position/Rotation": {
            "Position": {
                "X": -67322.671875000000000, 
                "Y": 128589.960937000000000, 
                "Z": 1648.504517000000000
            }, 
            "Rotation": {
                "X": 0.000000000000000, 
                "Y": 0.000000000000000, 
                "Z": 85.900000000000000
            }
        }
    }, 
    "DATA - Position/Rotation": {
        "Position": {
            "X": 384.000000000000000, 
            "Y": 0.000000000000000, 
            "Z": -161.871002000000000
        }, 
        "Rotation": {
            "X": 0.000000000000000, 
            "Y": 0.000000000000000, 
            "Z": 180.000000000000000
        }
    }
}
