{
    "Cell": " [CELL:014C12B0]", 
    "Record Header": {
        "Signature": "REFR", 
        "Data Size": 68, 
        "Record Flags": {
            "Visible when distant": true
        }, 
        "FormID": "01810911", 
        "Version Control Info": "00 00 00 00"
    }, 
    "NAME - Base": "0terrainUrockUwgU06 [STAT:010C048B]", 
    "XLOD - Distant LOD Data": {
        "Unknown #0": 0.000000000000000, 
        "Unknown #1": 0.000000000000000, 
        "Unknown #2": 1.000000000000000
    }, 
    "XSCL - Scale": 1.370000000000000, 
    "DATA - Position/Rotation": {
        "Position": {
            "X": -64585.449219000000000, 
            "Y": 139365.093750000000000, 
            "Z": -526.971619000000000
        }, 
        "Rotation": {
            "X": 0.000000000000000, 
            "Y": 0.000000000000000, 
            "Z": 198.608400000000000
        }
    }
}
