{
    "Cell": "FairSHelasVSUpperSLevel [CELL:014801C6]", 
    "Record Header": {
        "Signature": "REFR", 
        "Data Size": 74, 
        "Record Flags": {
            "Quest item / Persistent reference / Show in Menu": true
        }, 
        "FormID": "0184DB30", 
        "Version Control Info": "00 00 00 00"
    }, 
    "NAME - Base": "0inUdeUshipdoorUtoplevel [DOOR:0120006F]", 
    "XTEL - Teleport Destination": {
        "Door": "[REFR:0184DB63]", 
        "Position/Rotation": {
            "Position": {
                "X": -10.361678000000000, 
                "Y": 508.053986000000000, 
                "Z": -260.343506000000000
            }, 
            "Rotation": {
                "X": 0.000000000000000, 
                "Y": 0.000000000000000, 
                "Z": 183.300000000000000
            }
        }
    }, 
    "DATA - Position/Rotation": {
        "Position": {
            "X": -4.296000000000000, 
            "Y": 804.513000000000000, 
            "Z": -114.264999000000000
        }, 
        "Rotation": {
            "X": 0.000000000000000, 
            "Y": 0.000000000000000, 
            "Z": 0.000000000000000
        }
    }
}
