{
    "Cell": "VivecVSRedoranSPlaza [CELL:01480449]", 
    "Record Header": {
        "Signature": "REFR", 
        "Data Size": 74, 
        "Record Flags": {
            "Quest item / Persistent reference / Show in Menu": true
        }, 
        "FormID": "01871F29", 
        "Version Control Info": "00 00 00 00"
    }, 
    "NAME - Base": "0exUvelothiUloaddoorU01 [DOOR:01200034]", 
    "XTEL - Teleport Destination": {
        "Door": "[REFR:0182DFD3]", 
        "Position/Rotation": {
            "Position": {
                "X": -351.488159000000000, 
                "Y": 284.293488000000000, 
                "Z": -268.006287000000000
            }, 
            "Rotation": {
                "X": 0.000000000000000, 
                "Y": 0.000000000000000, 
                "Z": 180.000000000000000
            }
        }
    }, 
    "DATA - Position/Rotation": {
        "Position": {
            "X": -1468.105469000000000, 
            "Y": -354.421875000000000, 
            "Z": 1599.174072000000000
        }, 
        "Rotation": {
            "X": 0.000000000000000, 
            "Y": 0.000000000000000, 
            "Z": 90.000000000000000
        }
    }
}
