{
    "Cell": "PelagiadVSErvalAsSHouse [CELL:014802D9]", 
    "Record Header": {
        "Signature": "REFR", 
        "Data Size": 74, 
        "Record Flags": {
            "Quest item / Persistent reference / Show in Menu": true
        }, 
        "FormID": "01801AA6", 
        "Version Control Info": "00 00 00 00"
    }, 
    "NAME - Base": "0exUnordUdoorU01 [DOOR:01200007]", 
    "XTEL - Teleport Destination": {
        "Door": "[REFR:018019CF]", 
        "Position/Rotation": {
            "Position": {
                "X": 1150.735962000000000, 
                "Y": -53022.167969000000000, 
                "Z": 564.130981000000000
            }, 
            "Rotation": {
                "X": 0.000000000000000, 
                "Y": 0.000000000000000, 
                "Z": 185.700000000000000
            }
        }
    }, 
    "DATA - Position/Rotation": {
        "Position": {
            "X": 9.391000000000000, 
            "Y": -126.009003000000000, 
            "Z": 113.983002000000000
        }, 
        "Rotation": {
            "X": 0.000000000000000, 
            "Y": 0.000000000000000, 
            "Z": 180.000000000000000
        }
    }
}
