{
    "Cell": "OldSMournholdXSTempleSSewers [CELL:0148050A]", 
    "Record Header": {
        "Signature": "REFR", 
        "Data Size": 74, 
        "Record Flags": {
            "Quest item / Persistent reference / Show in Menu": true
        }, 
        "FormID": "01F0659F", 
        "Version Control Info": "00 00 00 00"
    }, 
    "NAME - Base": "0InUMUsewerUdoorU01 [DOOR:01200090]", 
    "XTEL - Teleport Destination": {
        "Door": "[REFR:01F066CC]", 
        "Position/Rotation": {
            "Position": {
                "X": -181.519989000000000, 
                "Y": 356.991333000000000, 
                "Z": -236.000031000000000
            }, 
            "Rotation": {
                "X": 0.000000000000000, 
                "Y": 0.000000000000000, 
                "Z": 270.000000000000000
            }
        }
    }, 
    "DATA - Position/Rotation": {
        "Position": {
            "X": 4.154818000000000, 
            "Y": 5537.744629000000000, 
            "Z": 415.999603000000000
        }, 
        "Rotation": {
            "X": 0.000000000000000, 
            "Y": 0.000000000000000, 
            "Z": 0.000000000000000
        }
    }
}
