{
    "Cell": " [CELL:014C0AE6]", 
    "Record Header": {
        "Signature": "REFR", 
        "Data Size": 58, 
        "Record Flags": {
            "Visible when distant": true
        }, 
        "FormID": "0183C97B", 
        "Version Control Info": "00 00 00 00"
    }, 
    "NAME - Base": "mwGGFence01 [ACTI:01F8EC4D]", 
    "XLOD - Distant LOD Data": {
        "Unknown #0": 0.000000000000000, 
        "Unknown #1": 0.000000000000000, 
        "Unknown #2": 1.000000000000000
    }, 
    "DATA - Position/Rotation": {
        "Position": {
            "X": 34541.207031000000000, 
            "Y": 45718.089844000000000, 
            "Z": 5888.000000000000000
        }, 
        "Rotation": {
            "X": 0.000000000000000, 
            "Y": 0.000000000000000, 
            "Z": 289.800000000000000
        }
    }
}
