{
    "Cell": "ShulkSEggSMine [CELL:01480364]", 
    "Record Header": {
        "Signature": "REFR", 
        "Data Size": 74, 
        "Record Flags": {
            "Quest item / Persistent reference / Show in Menu": true
        }, 
        "FormID": "01841A7D", 
        "Version Control Info": "00 00 00 00"
    }, 
    "NAME - Base": "0exUcaveUdoorU01 [DOOR:0120002F]", 
    "XTEL - Teleport Destination": {
        "Door": "[REFR:018420D8]", 
        "Position/Rotation": {
            "Position": {
                "X": 5619.209473000000000, 
                "Y": 3552.000000000000000, 
                "Z": 13086.537109000000000
            }, 
            "Rotation": {
                "X": 0.000000000000000, 
                "Y": 0.000000000000000, 
                "Z": 0.000000000000000
            }
        }
    }, 
    "DATA - Position/Rotation": {
        "Position": {
            "X": -384.000000000000000, 
            "Y": -1184.000000000000000, 
            "Z": -1312.000000000000000
        }, 
        "Rotation": {
            "X": 0.000000000000000, 
            "Y": 0.000000000000000, 
            "Z": 0.000000000000000
        }
    }
}
