{
    "Cell": "SothaSSilVSCentralSGearworks [CELL:01480513]", 
    "Record Header": {
        "Signature": "REFR", 
        "Data Size": 74, 
        "Record Flags": {
            "Quest item / Persistent reference / Show in Menu": true
        }, 
        "FormID": "01F06A5A", 
        "Version Control Info": "00 00 00 00"
    }, 
    "NAME - Base": "0doorUsothaUload [DOOR:01200094]", 
    "XTEL - Teleport Destination": {
        "Door": "[REFR:01F06A84]", 
        "Position/Rotation": {
            "Position": {
                "X": 128.000000000000000, 
                "Y": 16.000000000000000, 
                "Z": 148.000000000000000
            }, 
            "Rotation": {
                "X": 0.000000000000000, 
                "Y": 0.000000000000000, 
                "Z": 0.000000000000000
            }
        }
    }, 
    "DATA - Position/Rotation": {
        "Position": {
            "X": -480.000000000000000, 
            "Y": 736.000000000000000, 
            "Z": 12736.000000000000000
        }, 
        "Rotation": {
            "X": 0.000000000000000, 
            "Y": 0.000000000000000, 
            "Z": 315.000000000000000
        }
    }
}
