{
    "Cell": "MoonmothSLegionSFortVSInterior [CELL:014802A0]", 
    "Record Header": {
        "Signature": "REFR", 
        "Data Size": 74, 
        "Record Flags": {
            "Quest item / Persistent reference / Show in Menu": true
        }, 
        "FormID": "018564CC", 
        "Version Control Info": "00 00 00 00"
    }, 
    "NAME - Base": "0ExUimpUloaddoorU02 [DOOR:0120000B]", 
    "XTEL - Teleport Destination": {
        "Door": "[REFR:01872493]", 
        "Position/Rotation": {
            "Position": {
                "X": -11.780116000000000, 
                "Y": 4.533873000000000, 
                "Z": -105.514999000000000
            }, 
            "Rotation": {
                "X": 0.000000000000000, 
                "Y": 0.000000000000000, 
                "Z": 90.000000000000000
            }
        }
    }, 
    "DATA - Position/Rotation": {
        "Position": {
            "X": 272.000000000000000, 
            "Y": 1280.000000000000000, 
            "Z": -544.000000000000000
        }, 
        "Rotation": {
            "X": 0.000000000000000, 
            "Y": 0.000000000000000, 
            "Z": 90.000000000000000
        }
    }
}
