{
    "Cell": "VivecVSTelvanniSUnderworks [CELL:0148048C]", 
    "Record Header": {
        "Signature": "REFR", 
        "Data Size": 74, 
        "Record Flags": {
            "Quest item / Persistent reference / Show in Menu": true
        }, 
        "FormID": "0186C69D", 
        "Version Control Info": "00 00 00 00"
    }, 
    "NAME - Base": "0VelothiUSewerUDoor [DOOR:0120007F]", 
    "XTEL - Teleport Destination": {
        "Door": "[REFR:0186C459]", 
        "Position/Rotation": {
            "Position": {
                "X": -640.000000000000000, 
                "Y": -592.000000000000000, 
                "Z": -220.000000000000000
            }, 
            "Rotation": {
                "X": 0.000000000000000, 
                "Y": 0.000000000000000, 
                "Z": 0.000000000000000
            }
        }
    }, 
    "DATA - Position/Rotation": {
        "Position": {
            "X": 6576.000000000000000, 
            "Y": 1168.000000000000000, 
            "Z": 288.000000000000000
        }, 
        "Rotation": {
            "X": 0.000000000000000, 
            "Y": 0.000000000000000, 
            "Z": 90.000000000000000
        }
    }
}
