{
    "Cell": " [CELL:014C0FE6]", 
    "Record Header": {
        "Signature": "REFR", 
        "Data Size": 68, 
        "Record Flags": {
            "Visible when distant": true
        }, 
        "FormID": "018537AB", 
        "Version Control Info": "00 00 00 00"
    }, 
    "NAME - Base": "0terrainUrockUwgU09 [STAT:010C048E]", 
    "XLOD - Distant LOD Data": {
        "Unknown #0": 0.000000000000000, 
        "Unknown #1": 0.000000000000000, 
        "Unknown #2": 1.000000000000000
    }, 
    "XSCL - Scale": 1.450000000000000, 
    "DATA - Position/Rotation": {
        "Position": {
            "X": -23596.935547000000000, 
            "Y": -28472.150391000000000, 
            "Z": 1444.967041000000000
        }, 
        "Rotation": {
            "X": 0.000000000000000, 
            "Y": 0.000000000000000, 
            "Z": 176.653600000000000
        }
    }
}
