{
    "Cell": " [CELL:014C11DF]", 
    "Record Header": {
        "Signature": "REFR", 
        "Data Size": 58, 
        "Record Flags": {
            "Visible when distant": true
        }, 
        "FormID": "0183E68F", 
        "Version Control Info": "00 00 00 00"
    }, 
    "NAME - Base": "0terrainUrockUbcU18 [STAT:010C08FA]", 
    "XLOD - Distant LOD Data": {
        "Unknown #0": 0.000000000000000, 
        "Unknown #1": 0.000000000000000, 
        "Unknown #2": 1.000000000000000
    }, 
    "DATA - Position/Rotation": {
        "Position": {
            "X": -42440.613281000000000, 
            "Y": -44942.910156000000000, 
            "Z": 31.010056000000000
        }, 
        "Rotation": {
            "X": 345.194400000000000, 
            "Y": 42.490100000000000, 
            "Z": 283.100100000000000
        }
    }
}
