{
    "Cell": " [CELL:014C11DF]", 
    "Record Header": {
        "Signature": "REFR", 
        "Data Size": 58, 
        "Record Flags": {
            "Visible when distant": true
        }, 
        "FormID": "0183E6DA", 
        "Version Control Info": "00 00 00 00"
    }, 
    "NAME - Base": "0terrainUrockUbcU18 [STAT:010C08FA]", 
    "XLOD - Distant LOD Data": {
        "Unknown #0": 0.000000000000000, 
        "Unknown #1": 0.000000000000000, 
        "Unknown #2": 1.000000000000000
    }, 
    "DATA - Position/Rotation": {
        "Position": {
            "X": -43726.601562000000000, 
            "Y": -41732.902344000000000, 
            "Z": 448.584900000000000
        }, 
        "Rotation": {
            "X": 5.729600000000000, 
            "Y": 11.459200000000000, 
            "Z": 217.724000000000000
        }
    }
}
