{
    "Cell": " [CELL:01380001]", 
    "Record Header": {
        "Signature": "REFR", 
        "Data Size": 74, 
        "Record Flags": {
            "Quest item / Persistent reference / Show in Menu": true
        }, 
        "FormID": "010084AE", 
        "Version Control Info": "00 00 00 00"
    }, 
    "NAME - Base": "PrisonMarker [DOOR:00000004]", 
    "XTEL - Teleport Destination": {
        "Door": "[REFR:01F8EB5D]", 
        "Position/Rotation": {
            "Position": {
                "X": 1238.061523000000000, 
                "Y": -469.622101000000000, 
                "Z": 397.373291000000000
            }, 
            "Rotation": {
                "X": 0.000000000000000, 
                "Y": 0.000000000000000, 
                "Z": 0.000000000000000
            }
        }
    }, 
    "DATA - Position/Rotation": {
        "Position": {
            "X": 127423.218750000000000, 
            "Y": -101559.000000000000000, 
            "Z": 1317.284546000000000
        }, 
        "Rotation": {
            "X": 0.000000000000000, 
            "Y": 0.000000000000000, 
            "Z": 0.000000000000000
        }
    }
}
