{
    "Cell": " [CELL:01380001]", 
    "Record Header": {
        "Signature": "REFR", 
        "Data Size": 74, 
        "Record Flags": {
            "Quest item / Persistent reference / Show in Menu": true
        }, 
        "FormID": "01026292", 
        "Version Control Info": "00 00 00 00"
    }, 
    "NAME - Base": "PrisonMarker [DOOR:00000004]", 
    "XTEL - Teleport Destination": {
        "Door": "[REFR:01006035]", 
        "Position/Rotation": {
            "Position": {
                "X": 503.183777000000000, 
                "Y": -417.053772000000000, 
                "Z": -1472.000000000000000
            }, 
            "Rotation": {
                "X": 0.000000000000000, 
                "Y": 0.000000000000000, 
                "Z": 90.000000000000000
            }
        }
    }, 
    "DATA - Position/Rotation": {
        "Position": {
            "X": 5890.836426000000000, 
            "Y": -56093.890625000000000, 
            "Z": 1931.092773000000000
        }, 
        "Rotation": {
            "X": 0.000000000000000, 
            "Y": 0.000000000000000, 
            "Z": 0.000000000000000
        }
    }
}
