{
    "Cell": " [CELL:01380001]", 
    "Record Header": {
        "Signature": "REFR", 
        "Data Size": 74, 
        "Record Flags": {
            "Quest item / Persistent reference / Show in Menu": true
        }, 
        "FormID": "01801FDD", 
        "Version Control Info": "00 00 00 00"
    }, 
    "NAME - Base": "0ExUredoranUhutU01Ua [DOOR:01200001]", 
    "XTEL - Teleport Destination": {
        "Door": "[REFR:0182CCBB]", 
        "Position/Rotation": {
            "Position": {
                "X": 121.614037000000000, 
                "Y": 202.539246000000000, 
                "Z": -155.006653000000000
            }, 
            "Rotation": {
                "X": 0.000000000000000, 
                "Y": 0.000000000000000, 
                "Z": 182.383100000000000
            }
        }
    }, 
    "DATA - Position/Rotation": {
        "Position": {
            "X": -14650.643555000000000, 
            "Y": 51751.273437000000000, 
            "Z": 2155.135986000000000
        }, 
        "Rotation": {
            "X": 0.000000000000000, 
            "Y": 0.000000000000000, 
            "Z": 177.000000000000000
        }
    }
}
