{
    "Cell": " [CELL:01380001]", 
    "Record Header": {
        "Signature": "REFR", 
        "Data Size": 74, 
        "Record Flags": {
            "Quest item / Persistent reference / Show in Menu": true
        }, 
        "FormID": "01802758", 
        "Version Control Info": "00 00 00 00"
    }, 
    "NAME - Base": "0ExUredoranUhutU01Ua [DOOR:01200001]", 
    "XTEL - Teleport Destination": {
        "Door": "[REFR:0180368C]", 
        "Position/Rotation": {
            "Position": {
                "X": 1.000000000000000, 
                "Y": -246.000000000000000, 
                "Z": -233.000000000000000
            }, 
            "Rotation": {
                "X": 0.000000000000000, 
                "Y": 0.000000000000000, 
                "Z": 0.000000000000000
            }
        }
    }, 
    "DATA - Position/Rotation": {
        "Position": {
            "X": -13216.289062000000000, 
            "Y": 56720.343750000000000, 
            "Z": 2652.960938000000000
        }, 
        "Rotation": {
            "X": 0.000000000000000, 
            "Y": 0.000000000000000, 
            "Z": 245.700000000000000
        }
    }
}
