{
    "Cell": " [CELL:01380001]", 
    "Record Header": {
        "Signature": "REFR", 
        "Data Size": 74, 
        "Record Flags": {
            "Quest item / Persistent reference / Show in Menu": true
        }, 
        "FormID": "01808032", 
        "Version Control Info": "00 00 00 00"
    }, 
    "NAME - Base": "0hlaaluUloaddoorUS02 [DOOR:0120001C]", 
    "XTEL - Teleport Destination": {
        "Door": "[REFR:0180A2F9]", 
        "Position/Rotation": {
            "Position": {
                "X": 4.079894000000000, 
                "Y": -193.049866000000000, 
                "Z": 158.823120000000000
            }, 
            "Rotation": {
                "X": 0.000000000000000, 
                "Y": 0.000000000000000, 
                "Z": 90.000000000000000
            }
        }
    }, 
    "DATA - Position/Rotation": {
        "Position": {
            "X": -22920.595703000000000, 
            "Y": -13115.864258000000000, 
            "Z": 931.627991000000000
        }, 
        "Rotation": {
            "X": 0.000000000000000, 
            "Y": 0.000000000000000, 
            "Z": 268.300000000000000
        }
    }
}
