{
    "Cell": " [CELL:01380001]", 
    "Record Header": {
        "Signature": "REFR", 
        "Data Size": 74, 
        "Record Flags": {
            "Quest item / Persistent reference / Show in Menu": true
        }, 
        "FormID": "0180802C", 
        "Version Control Info": "00 00 00 00"
    }, 
    "NAME - Base": "0hlaaluUloaddoorUS02 [DOOR:0120001C]", 
    "XTEL - Teleport Destination": {
        "Door": "[REFR:01810818]", 
        "Position/Rotation": {
            "Position": {
                "X": -91.802109000000000, 
                "Y": -289.704681000000000, 
                "Z": -188.000000000000000
            }, 
            "Rotation": {
                "X": 0.000000000000000, 
                "Y": 0.000000000000000, 
                "Z": 90.000000000000000
            }
        }
    }, 
    "DATA - Position/Rotation": {
        "Position": {
            "X": -21619.681641000000000, 
            "Y": -12081.488281000000000, 
            "Z": 634.237793000000000
        }, 
        "Rotation": {
            "X": 0.000000000000000, 
            "Y": 0.000000000000000, 
            "Z": 90.199800000000000
        }
    }
}
