{
    "Cell": " [CELL:01380001]", 
    "Record Header": {
        "Signature": "REFR", 
        "Data Size": 74, 
        "Record Flags": {
            "Quest item / Persistent reference / Show in Menu": true
        }, 
        "FormID": "018022A3", 
        "Version Control Info": "00 00 00 00"
    }, 
    "NAME - Base": "0exUtUdoorU02 [DOOR:0120001F]", 
    "XTEL - Teleport Destination": {
        "Door": "[REFR:01812DBC]", 
        "Position/Rotation": {
            "Position": {
                "X": 188.178543000000000, 
                "Y": -8.368063000000000, 
                "Z": 177.784271000000000
            }, 
            "Rotation": {
                "X": 0.000000000000000, 
                "Y": 0.000000000000000, 
                "Z": 262.597200000000000
            }
        }
    }, 
    "DATA - Position/Rotation": {
        "Position": {
            "X": 147199.765625000000000, 
            "Y": 34789.304688000000000, 
            "Z": 889.487976000000000
        }, 
        "Rotation": {
            "X": 0.000000000000000, 
            "Y": 0.000000000000000, 
            "Z": 0.000000000000000
        }
    }
}
