{
    "Cell": " [CELL:01380001]", 
    "Record Header": {
        "Signature": "REFR", 
        "Data Size": 74, 
        "Record Flags": {
            "Quest item / Persistent reference / Show in Menu": true
        }, 
        "FormID": "01808021", 
        "Version Control Info": "00 00 00 00"
    }, 
    "NAME - Base": "0hlaaluUloaddoorUS02 [DOOR:0120001C]", 
    "XTEL - Teleport Destination": {
        "Door": "[REFR:01859C82]", 
        "Position/Rotation": {
            "Position": {
                "X": 257.144012000000000, 
                "Y": 264.653015000000000, 
                "Z": 288.656006000000000
            }, 
            "Rotation": {
                "X": 0.000000000000000, 
                "Y": 0.000000000000000, 
                "Z": 0.000000000000000
            }
        }
    }, 
    "DATA - Position/Rotation": {
        "Position": {
            "X": -16403.673828000000000, 
            "Y": -16047.667969000000000, 
            "Z": 582.778992000000000
        }, 
        "Rotation": {
            "X": 0.000000000000000, 
            "Y": 0.000000000000000, 
            "Z": 88.799900000000000
        }
    }
}
