{
    "Cell": " [CELL:01380001]", 
    "Record Header": {
        "Signature": "REFR", 
        "Data Size": 74, 
        "Record Flags": {
            "Quest item / Persistent reference / Show in Menu": true
        }, 
        "FormID": "01801604", 
        "Version Control Info": "00 00 00 00"
    }, 
    "NAME - Base": "0inUstrongUvaultdoor00 [DOOR:0120000F]", 
    "XTEL - Teleport Destination": {
        "Door": "[REFR:01804F30]", 
        "Position/Rotation": {
            "Position": {
                "X": 1146.000000000000000, 
                "Y": -1347.000000000000000, 
                "Z": 272.000000000000000
            }, 
            "Rotation": {
                "X": 0.000000000000000, 
                "Y": 0.000000000000000, 
                "Z": 180.000000000000000
            }
        }
    }, 
    "DATA - Position/Rotation": {
        "Position": {
            "X": -45312.000000000000000, 
            "Y": -2869.000000000000000, 
            "Z": 3040.000000000000000
        }, 
        "Rotation": {
            "X": 0.000000000000000, 
            "Y": 0.000000000000000, 
            "Z": 270.000000000000000
        }
    }
}
