{
    "Cell": " [CELL:01380001]", 
    "Record Header": {
        "Signature": "REFR", 
        "Data Size": 74, 
        "Record Flags": {
            "Quest item / Persistent reference / Show in Menu": true
        }, 
        "FormID": "0180227F", 
        "Version Control Info": "00 00 00 00"
    }, 
    "NAME - Base": "0exUtUdoorU02 [DOOR:0120001F]", 
    "XTEL - Teleport Destination": {
        "Door": "[REFR:018468DF]", 
        "Position/Rotation": {
            "Position": {
                "X": 148.800415000000000, 
                "Y": -7.782483000000000, 
                "Z": 179.412415000000000
            }, 
            "Rotation": {
                "X": 0.000000000000000, 
                "Y": 0.000000000000000, 
                "Z": 268.326700000000000
            }
        }
    }, 
    "DATA - Position/Rotation": {
        "Position": {
            "X": 149832.609375000000000, 
            "Y": 40339.839844000000000, 
            "Z": 1046.738037000000000
        }, 
        "Rotation": {
            "X": 0.000000000000000, 
            "Y": 0.000000000000000, 
            "Z": 31.535200000000000
        }
    }
}
