{
    "Cell": " [CELL:01380001]", 
    "Record Header": {
        "Signature": "REFR", 
        "Data Size": 84, 
        "Record Flags": {
            "Quest item / Persistent reference / Show in Menu": true
        }, 
        "FormID": "01800CBD", 
        "Version Control Info": "00 00 00 00"
    }, 
    "NAME - Base": "0exUvelothicaveUdoorU01 [DOOR:01200004]", 
    "XTEL - Teleport Destination": {
        "Door": "[REFR:01809508]", 
        "Position/Rotation": {
            "Position": {
                "X": 45.679314000000000, 
                "Y": -355.889069000000000, 
                "Z": -136.884903000000000
            }, 
            "Rotation": {
                "X": 0.000000000000000, 
                "Y": 0.000000000000000, 
                "Z": 0.000000000000000
            }
        }
    }, 
    "XSCL - Scale": 1.020000000000000, 
    "DATA - Position/Rotation": {
        "Position": {
            "X": -85953.296875000000000, 
            "Y": 96998.929688000000000, 
            "Z": 1693.968506000000000
        }, 
        "Rotation": {
            "X": 0.000000000000000, 
            "Y": 0.000000000000000, 
            "Z": 17.200000000000000
        }
    }
}
