{
    "Cell": " [CELL:01380001]", 
    "Record Header": {
        "Signature": "REFR", 
        "Data Size": 74, 
        "Record Flags": {
            "Quest item / Persistent reference / Show in Menu": true
        }, 
        "FormID": "01803E7D", 
        "Version Control Info": "00 00 00 00"
    }, 
    "NAME - Base": "0exUtUdoorU02 [DOOR:0120001F]", 
    "XTEL - Teleport Destination": {
        "Door": "[REFR:0185A063]", 
        "Position/Rotation": {
            "Position": {
                "X": 225.910141000000000, 
                "Y": -0.679980000000000, 
                "Z": 173.050659000000000
            }, 
            "Rotation": {
                "X": 0.000000000000000, 
                "Y": 0.000000000000000, 
                "Z": 268.326900000000000
            }
        }
    }, 
    "DATA - Position/Rotation": {
        "Position": {
            "X": 149527.312500000000000, 
            "Y": 32305.789062000000000, 
            "Z": 889.325012000000000
        }, 
        "Rotation": {
            "X": 0.000000000000000, 
            "Y": 0.000000000000000, 
            "Z": 0.000000000000000
        }
    }
}
