{
    "Cell": " [CELL:01380001]", 
    "Record Header": {
        "Signature": "REFR", 
        "Data Size": 84, 
        "Record Flags": {
            "Quest item / Persistent reference / Show in Menu": true
        }, 
        "FormID": "01800F0A", 
        "Version Control Info": "00 00 00 00"
    }, 
    "NAME - Base": "0exUimpUloaddoorU03 [DOOR:0120000C]", 
    "XTEL - Teleport Destination": {
        "Door": "[REFR:01802105]", 
        "Position/Rotation": {
            "Position": {
                "X": 1094.652832000000000, 
                "Y": 9.517819000000000, 
                "Z": 148.267502000000000
            }, 
            "Rotation": {
                "X": 0.000000000000000, 
                "Y": 0.000000000000000, 
                "Z": 90.000000000000000
            }
        }
    }, 
    "XSCL - Scale": 1.010000000000000, 
    "DATA - Position/Rotation": {
        "Position": {
            "X": 6200.567871000000000, 
            "Y": -56062.996094000000000, 
            "Z": 1858.772095000000000
        }, 
        "Rotation": {
            "X": 0.000000000000000, 
            "Y": 0.000000000000000, 
            "Z": 90.000000000000000
        }
    }
}
