{
    "Cell": " [CELL:01380001]", 
    "Record Header": {
        "Signature": "REFR", 
        "Data Size": 74, 
        "Record Flags": {
            "Quest item / Persistent reference / Show in Menu": true
        }, 
        "FormID": "01800CBE", 
        "Version Control Info": "00 00 00 00"
    }, 
    "NAME - Base": "0exUvelothicaveUdoorU03 [DOOR:01200005]", 
    "XTEL - Teleport Destination": {
        "Door": "[REFR:018083DB]", 
        "Position/Rotation": {
            "Position": {
                "X": -10.331000000000000, 
                "Y": -127.781998000000000, 
                "Z": -147.531998000000000
            }, 
            "Rotation": {
                "X": 0.000000000000000, 
                "Y": 0.000000000000000, 
                "Z": 0.000000000000000
            }
        }
    }, 
    "DATA - Position/Rotation": {
        "Position": {
            "X": -85744.054688000000000, 
            "Y": 95337.203125000000000, 
            "Z": 1111.607056000000000
        }, 
        "Rotation": {
            "X": 0.000000000000000, 
            "Y": 0.000000000000000, 
            "Z": 337.100000000000000
        }
    }
}
