{
    "Cell": " [CELL:01380001]", 
    "Record Header": {
        "Signature": "REFR", 
        "Data Size": 74, 
        "Record Flags": {
            "Quest item / Persistent reference / Show in Menu": true
        }, 
        "FormID": "01801F09", 
        "Version Control Info": "00 00 00 00"
    }, 
    "NAME - Base": "0hlaaluUloaddoorUS02 [DOOR:0120001C]", 
    "XTEL - Teleport Destination": {
        "Door": "[REFR:0180E433]", 
        "Position/Rotation": {
            "Position": {
                "X": -26.787001000000000, 
                "Y": 182.440002000000000, 
                "Z": 285.880005000000000
            }, 
            "Rotation": {
                "X": 0.000000000000000, 
                "Y": 0.000000000000000, 
                "Z": 158.800000000000000
            }
        }
    }, 
    "DATA - Position/Rotation": {
        "Position": {
            "X": -20982.695312000000000, 
            "Y": -14493.162109000000000, 
            "Z": 628.979980000000000
        }, 
        "Rotation": {
            "X": 0.000000000000000, 
            "Y": 0.000000000000000, 
            "Z": 1.700000000000000
        }
    }
}
