{
    "Cell": " [CELL:01380001]", 
    "Record Header": {
        "Signature": "REFR", 
        "Data Size": 74, 
        "Record Flags": {
            "Quest item / Persistent reference / Show in Menu": true
        }, 
        "FormID": "01800441", 
        "Version Control Info": "00 00 00 00"
    }, 
    "NAME - Base": "0ExUredoranUhutU01Ua [DOOR:01200001]", 
    "XTEL - Teleport Destination": {
        "Door": "[REFR:018021E8]", 
        "Position/Rotation": {
            "Position": {
                "X": 135.947952000000000, 
                "Y": -248.464142000000000, 
                "Z": -222.196899000000000
            }, 
            "Rotation": {
                "X": 0.000000000000000, 
                "Y": 0.000000000000000, 
                "Z": 0.000000000000000
            }
        }
    }, 
    "DATA - Position/Rotation": {
        "Position": {
            "X": -88391.992188000000000, 
            "Y": 92366.195312000000000, 
            "Z": 1115.761230000000000
        }, 
        "Rotation": {
            "X": 0.000000000000000, 
            "Y": 0.000000000000000, 
            "Z": 274.100000000000000
        }
    }
}
