{
    "Cell": " [CELL:01380001]", 
    "Record Header": {
        "Signature": "REFR", 
        "Data Size": 74, 
        "Record Flags": {
            "Quest item / Persistent reference / Show in Menu": true
        }, 
        "FormID": "0180BFF7", 
        "Version Control Info": "00 00 00 00"
    }, 
    "NAME - Base": "0ExUredoranUhutU01Ua [DOOR:01200001]", 
    "XTEL - Teleport Destination": {
        "Door": "[REFR:018044F3]", 
        "Position/Rotation": {
            "Position": {
                "X": -134.867004000000000, 
                "Y": -1387.573975000000000, 
                "Z": 415.579987000000000
            }, 
            "Rotation": {
                "X": 0.000000000000000, 
                "Y": 0.000000000000000, 
                "Z": 0.000000000000000
            }
        }
    }, 
    "DATA - Position/Rotation": {
        "Position": {
            "X": -8191.182129000000000, 
            "Y": 52425.785156000000000, 
            "Z": 2417.819092000000000
        }, 
        "Rotation": {
            "X": 0.000000000000000, 
            "Y": 0.000000000000000, 
            "Z": 166.500000000000000
        }
    }
}
