{
    "Cell": " [CELL:01380001]", 
    "Record Header": {
        "Signature": "REFR", 
        "Data Size": 74, 
        "Record Flags": {
            "Quest item / Persistent reference / Show in Menu": true
        }, 
        "FormID": "01800D30", 
        "Version Control Info": "00 00 00 00"
    }, 
    "NAME - Base": "0exUcommonUdoorU01 [DOOR:01200009]", 
    "XTEL - Teleport Destination": {
        "Door": "[REFR:01859EA6]", 
        "Position/Rotation": {
            "Position": {
                "X": 740.753296000000000, 
                "Y": -95.648178000000000, 
                "Z": 781.975647000000000
            }, 
            "Rotation": {
                "X": 0.000000000000000, 
                "Y": 0.000000000000000, 
                "Z": 270.000000000000000
            }
        }
    }, 
    "DATA - Position/Rotation": {
        "Position": {
            "X": 2829.197998000000000, 
            "Y": -56959.968750000000000, 
            "Z": 1644.048950000000000
        }, 
        "Rotation": {
            "X": 0.000000000000000, 
            "Y": 0.000000000000000, 
            "Z": 180.500000000000000
        }
    }
}
