{
    "Cell": " [CELL:01380001]", 
    "Record Header": {
        "Signature": "REFR", 
        "Data Size": 74, 
        "Record Flags": {
            "Quest item / Persistent reference / Show in Menu": true
        }, 
        "FormID": "018034B6", 
        "Version Control Info": "00 00 00 00"
    }, 
    "NAME - Base": "0exUtUdoorU02 [DOOR:0120001F]", 
    "XTEL - Teleport Destination": {
        "Door": "[REFR:01850E54]", 
        "Position/Rotation": {
            "Position": {
                "X": 704.000000000000000, 
                "Y": -416.000000000000000, 
                "Z": -108.000000000000000
            }, 
            "Rotation": {
                "X": 0.000000000000000, 
                "Y": 0.000000000000000, 
                "Z": 270.000000000000000
            }
        }
    }, 
    "DATA - Position/Rotation": {
        "Position": {
            "X": 144936.390625000000000, 
            "Y": 36062.531250000000000, 
            "Z": 397.502991000000000
        }, 
        "Rotation": {
            "X": 0.000000000000000, 
            "Y": 0.000000000000000, 
            "Z": 0.000000000000000
        }
    }
}
