{
    "Cell": " [CELL:01380001]", 
    "Record Header": {
        "Signature": "REFR", 
        "Data Size": 74, 
        "Record Flags": {
            "Quest item / Persistent reference / Show in Menu": true
        }, 
        "FormID": "0181B1E6", 
        "Version Control Info": "00 00 00 00"
    }, 
    "NAME - Base": "0inUstrongUvaultdoor00 [DOOR:0120000F]", 
    "XTEL - Teleport Destination": {
        "Door": "[REFR:0181F370]", 
        "Position/Rotation": {
            "Position": {
                "X": 408.371002000000000, 
                "Y": 767.138977000000000, 
                "Z": -544.567017000000000
            }, 
            "Rotation": {
                "X": 0.000000000000000, 
                "Y": 0.000000000000000, 
                "Z": 268.300000000000000
            }
        }
    }, 
    "DATA - Position/Rotation": {
        "Position": {
            "X": 77117.335938000000000, 
            "Y": -54004.042969000000000, 
            "Z": 1417.639038000000000
        }, 
        "Rotation": {
            "X": 0.000000000000000, 
            "Y": 0.000000000000000, 
            "Z": 63.000000000000000
        }
    }
}
