{
    "Cell": " [CELL:01380001]", 
    "Record Header": {
        "Signature": "REFR", 
        "Data Size": 74, 
        "Record Flags": {
            "Quest item / Persistent reference / Show in Menu": true
        }, 
        "FormID": "0181E4FC", 
        "Version Control Info": "00 00 00 00"
    }, 
    "NAME - Base": "0exUashlUdoorU02 [DOOR:01200039]", 
    "XTEL - Teleport Destination": {
        "Door": "[REFR:018201EC]", 
        "Position/Rotation": {
            "Position": {
                "X": -6.888000000000000, 
                "Y": 392.743988000000000, 
                "Z": -234.248993000000000
            }, 
            "Rotation": {
                "X": 0.000000000000000, 
                "Y": 0.000000000000000, 
                "Z": 0.000000000000000
            }
        }
    }, 
    "DATA - Position/Rotation": {
        "Position": {
            "X": 76566.390625000000000, 
            "Y": 83458.492188000000000, 
            "Z": 880.942017000000000
        }, 
        "Rotation": {
            "X": 0.000000000000000, 
            "Y": 0.000000000000000, 
            "Z": 217.700000000000000
        }
    }
}
