{
    "Cell": " [CELL:01380001]", 
    "Record Header": {
        "Signature": "REFR", 
        "Data Size": 74, 
        "Record Flags": {
            "Quest item / Persistent reference / Show in Menu": true
        }, 
        "FormID": "0181EAB9", 
        "Version Control Info": "00 00 00 00"
    }, 
    "NAME - Base": "0inUcomUtraptopU01 [DOOR:0120001A]", 
    "XTEL - Teleport Destination": {
        "Door": "[REFR:0182287F]", 
        "Position/Rotation": {
            "Position": {
                "X": -2563.141357000000000, 
                "Y": 1846.734131000000000, 
                "Z": 388.000000000000000
            }, 
            "Rotation": {
                "X": 0.000000000000000, 
                "Y": 0.000000000000000, 
                "Z": 0.000000000000000
            }
        }
    }, 
    "DATA - Position/Rotation": {
        "Position": {
            "X": 18941.302734000000000, 
            "Y": -100440.726562000000000, 
            "Z": 1188.218018000000000
        }, 
        "Rotation": {
            "X": 0.000000000000000, 
            "Y": 0.000000000000000, 
            "Z": 0.000000000000000
        }
    }
}
