{
    "Cell": " [CELL:01380001]", 
    "Record Header": {
        "Signature": "REFR", 
        "Data Size": 74, 
        "Record Flags": {
            "Quest item / Persistent reference / Show in Menu": true
        }, 
        "FormID": "018191EF", 
        "Version Control Info": "00 00 00 00"
    }, 
    "NAME - Base": "0exUtUdoorU01 [DOOR:0120001E]", 
    "XTEL - Teleport Destination": {
        "Door": "[REFR:0185A888]", 
        "Position/Rotation": {
            "Position": {
                "X": 108.000000000000000, 
                "Y": 102.000000000000000, 
                "Z": -6.000000000000000
            }, 
            "Rotation": {
                "X": 0.000000000000000, 
                "Y": 0.000000000000000, 
                "Z": 176.653600000000000
            }
        }
    }, 
    "DATA - Position/Rotation": {
        "Position": {
            "X": 124387.835937000000000, 
            "Y": 15688.698242000000000, 
            "Z": 491.737000000000000
        }, 
        "Rotation": {
            "X": 0.000000000000000, 
            "Y": 0.000000000000000, 
            "Z": 180.000000000000000
        }
    }
}
