{
    "Cell": " [CELL:01380001]", 
    "Record Header": {
        "Signature": "REFR", 
        "Data Size": 74, 
        "Record Flags": {
            "Quest item / Persistent reference / Show in Menu": true
        }, 
        "FormID": "0181095D", 
        "Version Control Info": "00 00 00 00"
    }, 
    "NAME - Base": "0ExUDeUShackUDoor [DOOR:0120002C]", 
    "XTEL - Teleport Destination": {
        "Door": "[REFR:0181BBC5]", 
        "Position/Rotation": {
            "Position": {
                "X": 4030.332031000000000, 
                "Y": 4053.451172000000000, 
                "Z": 15152.800781000000000
            }, 
            "Rotation": {
                "X": 0.000000000000000, 
                "Y": 0.000000000000000, 
                "Z": 0.000000000000000
            }
        }
    }, 
    "DATA - Position/Rotation": {
        "Position": {
            "X": -59224.347656000000000, 
            "Y": 27195.220703000000000, 
            "Z": 303.457001000000000
        }, 
        "Rotation": {
            "X": 0.000000000000000, 
            "Y": 0.000000000000000, 
            "Z": 0.000000000000000
        }
    }
}
