{
    "Cell": " [CELL:01380001]", 
    "Record Header": {
        "Signature": "REFR", 
        "Data Size": 74, 
        "Record Flags": {
            "Quest item / Persistent reference / Show in Menu": true
        }, 
        "FormID": "0181E471", 
        "Version Control Info": "00 00 00 00"
    }, 
    "NAME - Base": "0exUashlUdoorU02 [DOOR:01200039]", 
    "XTEL - Teleport Destination": {
        "Door": "[REFR:0182000C]", 
        "Position/Rotation": {
            "Position": {
                "X": -53.907001000000000, 
                "Y": 418.819000000000000, 
                "Z": -233.266998000000000
            }, 
            "Rotation": {
                "X": 0.000000000000000, 
                "Y": 0.000000000000000, 
                "Z": 319.900000000000000
            }
        }
    }, 
    "DATA - Position/Rotation": {
        "Position": {
            "X": 95974.117188000000000, 
            "Y": 135338.171875000000000, 
            "Z": 1053.630981000000000
        }, 
        "Rotation": {
            "X": 0.000000000000000, 
            "Y": 0.000000000000000, 
            "Z": 100.100000000000000
        }
    }
}
