{
    "Cell": " [CELL:01380001]", 
    "Record Header": {
        "Signature": "REFR", 
        "Data Size": 74, 
        "Record Flags": {
            "Quest item / Persistent reference / Show in Menu": true
        }, 
        "FormID": "0181095C", 
        "Version Control Info": "00 00 00 00"
    }, 
    "NAME - Base": "0ExUDeUShackUDoor [DOOR:0120002C]", 
    "XTEL - Teleport Destination": {
        "Door": "[REFR:0181BB92]", 
        "Position/Rotation": {
            "Position": {
                "X": 3979.743408000000000, 
                "Y": 4066.271973000000000, 
                "Z": 15016.643555000000000
            }, 
            "Rotation": {
                "X": 0.000000000000000, 
                "Y": 0.000000000000000, 
                "Z": 28.647900000000000
            }
        }
    }, 
    "DATA - Position/Rotation": {
        "Position": {
            "X": -60044.250000000000000, 
            "Y": 27201.445312000000000, 
            "Z": 296.136993000000000
        }, 
        "Rotation": {
            "X": 0.000000000000000, 
            "Y": 0.000000000000000, 
            "Z": 0.000000000000000
        }
    }
}
