{
    "Cell": " [CELL:01380001]", 
    "Record Header": {
        "Signature": "REFR", 
        "Data Size": 74, 
        "Record Flags": {
            "Quest item / Persistent reference / Show in Menu": true
        }, 
        "FormID": "0181CE4D", 
        "Version Control Info": "00 00 00 00"
    }, 
    "NAME - Base": "0inUstrongUvaultdoor00 [DOOR:0120000F]", 
    "XTEL - Teleport Destination": {
        "Door": "[REFR:0181F3C3]", 
        "Position/Rotation": {
            "Position": {
                "X": 410.596008000000000, 
                "Y": 898.820007000000000, 
                "Z": -556.000000000000000
            }, 
            "Rotation": {
                "X": 0.000000000000000, 
                "Y": 0.000000000000000, 
                "Z": 268.300000000000000
            }
        }
    }, 
    "DATA - Position/Rotation": {
        "Position": {
            "X": 75264.000000000000000, 
            "Y": 52736.000000000000000, 
            "Z": 1664.000000000000000
        }, 
        "Rotation": {
            "X": 0.000000000000000, 
            "Y": 0.000000000000000, 
            "Z": 270.000000000000000
        }
    }
}
