{
    "Cell": " [CELL:01380001]", 
    "Record Header": {
        "Signature": "REFR", 
        "Data Size": 74, 
        "Record Flags": {
            "Quest item / Persistent reference / Show in Menu": true
        }, 
        "FormID": "0181F222", 
        "Version Control Info": "00 00 00 00"
    }, 
    "NAME - Base": "0exUdaeUdoorUloadUoval [DOOR:01200037]", 
    "XTEL - Teleport Destination": {
        "Door": "[REFR:01868A9A]", 
        "Position/Rotation": {
            "Position": {
                "X": -243.507004000000000, 
                "Y": 1702.583984000000000, 
                "Z": -354.440002000000000
            }, 
            "Rotation": {
                "X": 0.000000000000000, 
                "Y": 0.000000000000000, 
                "Z": 182.400000000000000
            }
        }
    }, 
    "DATA - Position/Rotation": {
        "Position": {
            "X": -56083.339844000000000, 
            "Y": -29913.101562000000000, 
            "Z": 147.175751000000000
        }, 
        "Rotation": {
            "X": 0.000000000000000, 
            "Y": 0.000000000000000, 
            "Z": 114.600000000000000
        }
    }
}
