{
    "Cell": " [CELL:01380001]", 
    "Record Header": {
        "Signature": "REFR", 
        "Data Size": 74, 
        "Record Flags": {
            "Quest item / Persistent reference / Show in Menu": true
        }, 
        "FormID": "01812820", 
        "Version Control Info": "00 00 00 00"
    }, 
    "NAME - Base": "0hlaalUloaddoorU01 [DOOR:0120001B]", 
    "XTEL - Teleport Destination": {
        "Door": "[REFR:0182F645]", 
        "Position/Rotation": {
            "Position": {
                "X": -247.864395000000000, 
                "Y": 690.270386000000000, 
                "Z": -605.783691000000000
            }, 
            "Rotation": {
                "X": 0.000000000000000, 
                "Y": 0.000000000000000, 
                "Z": 0.000000000000000
            }
        }
    }, 
    "DATA - Position/Rotation": {
        "Position": {
            "X": 45732.359375000000000, 
            "Y": -49486.210938000000000, 
            "Z": 1096.512939000000000
        }, 
        "Rotation": {
            "X": 0.000000000000000, 
            "Y": 0.000000000000000, 
            "Z": 205.300000000000000
        }
    }
}
