{
    "Cell": " [CELL:01380001]", 
    "Record Header": {
        "Signature": "REFR", 
        "Data Size": 74, 
        "Record Flags": {
            "Quest item / Persistent reference / Show in Menu": true
        }, 
        "FormID": "0181B23C", 
        "Version Control Info": "00 00 00 00"
    }, 
    "NAME - Base": "0inUstrongUvaultdoor00 [DOOR:0120000F]", 
    "XTEL - Teleport Destination": {
        "Door": "[REFR:0181F33A]", 
        "Position/Rotation": {
            "Position": {
                "X": 540.122009000000000, 
                "Y": 629.091003000000000, 
                "Z": -428.000000000000000
            }, 
            "Rotation": {
                "X": 0.000000000000000, 
                "Y": 0.000000000000000, 
                "Z": 268.300000000000000
            }
        }
    }, 
    "DATA - Position/Rotation": {
        "Position": {
            "X": -67571.078125000000000, 
            "Y": 47485.457031000000000, 
            "Z": 1791.036011000000000
        }, 
        "Rotation": {
            "X": 0.000000000000000, 
            "Y": 0.000000000000000, 
            "Z": 3.300000000000000
        }
    }
}
