{
    "Cell": " [CELL:01380001]", 
    "Record Header": {
        "Signature": "REFR", 
        "Data Size": 74, 
        "Record Flags": {
            "Quest item / Persistent reference / Show in Menu": true
        }, 
        "FormID": "0181BCE1", 
        "Version Control Info": "00 00 00 00"
    }, 
    "NAME - Base": "0chargenSdoorScaptain [DOOR:01200079]", 
    "XTEL - Teleport Destination": {
        "Door": "SellusGraviusOfficeInteriorDoor2 [REFR:0181D36C]", 
        "Position/Rotation": {
            "Position": {
                "X": 1162.129883000000000, 
                "Y": -307.804504000000000, 
                "Z": 192.000000000000000
            }, 
            "Rotation": {
                "X": 0.000000000000000, 
                "Y": 0.000000000000000, 
                "Z": 180.000000000000000
            }
        }
    }, 
    "DATA - Position/Rotation": {
        "Position": {
            "X": -10659.152344000000000, 
            "Y": -71944.757812000000000, 
            "Z": 272.576996000000000
        }, 
        "Rotation": {
            "X": 0.000000000000000, 
            "Y": 0.000000000000000, 
            "Z": 44.100000000000000
        }
    }
}
