{
    "Cell": " [CELL:01380001]", 
    "Record Header": {
        "Signature": "REFR", 
        "Data Size": 74, 
        "Record Flags": {
            "Quest item / Persistent reference / Show in Menu": true
        }, 
        "FormID": "018144BA", 
        "Version Control Info": "00 00 00 00"
    }, 
    "NAME - Base": "0doorUdwrvUdouble00 [DOOR:01200025]", 
    "XTEL - Teleport Destination": {
        "Door": "[REFR:01F2A4E2]", 
        "Position/Rotation": {
            "Position": {
                "X": -803.450623000000000, 
                "Y": 3612.234375000000000, 
                "Z": 1553.804810000000000
            }, 
            "Rotation": {
                "X": 0.000000000000000, 
                "Y": 0.000000000000000, 
                "Z": 177.617000000000000
            }
        }
    }, 
    "DATA - Position/Rotation": {
        "Position": {
            "X": 3360.000000000000000, 
            "Y": -15807.000000000000000, 
            "Z": 3746.000000000000000
        }, 
        "Rotation": {
            "X": 0.000000000000000, 
            "Y": 0.000000000000000, 
            "Z": 0.000000000000000
        }
    }
}
