{
    "Cell": " [CELL:01380001]", 
    "Record Header": {
        "Signature": "REFR", 
        "Data Size": 84, 
        "Record Flags": {
            "Quest item / Persistent reference / Show in Menu": true
        }, 
        "FormID": "018132A4", 
        "Version Control Info": "00 00 00 00"
    }, 
    "NAME - Base": "0exUcaveUdoorU01 [DOOR:0120002F]", 
    "XTEL - Teleport Destination": {
        "Door": "[REFR:0185AB32]", 
        "Position/Rotation": {
            "Position": {
                "X": 3072.000000000000000, 
                "Y": -1696.000000000000000, 
                "Z": 14180.000000000000000
            }, 
            "Rotation": {
                "X": 0.000000000000000, 
                "Y": 0.000000000000000, 
                "Z": 0.000000000000000
            }
        }
    }, 
    "XSCL - Scale": 1.060000000000000, 
    "DATA - Position/Rotation": {
        "Position": {
            "X": -21641.435547000000000, 
            "Y": 136255.125000000000000, 
            "Z": 863.680603000000000
        }, 
        "Rotation": {
            "X": 0.000000000000000, 
            "Y": 0.000000000000000, 
            "Z": 183.346500000000000
        }
    }
}
