{
    "Cell": " [CELL:01380001]", 
    "Record Header": {
        "Signature": "REFR", 
        "Data Size": 74, 
        "Record Flags": {
            "Quest item / Persistent reference / Show in Menu": true
        }, 
        "FormID": "01815096", 
        "Version Control Info": "00 00 00 00"
    }, 
    "NAME - Base": "0inUcomUtraptopU01 [DOOR:0120001A]", 
    "XTEL - Teleport Destination": {
        "Door": "[REFR:018582A4]", 
        "Position/Rotation": {
            "Position": {
                "X": 4176.000000000000000, 
                "Y": 3072.000000000000000, 
                "Z": 14420.000000000000000
            }, 
            "Rotation": {
                "X": 0.000000000000000, 
                "Y": 0.000000000000000, 
                "Z": 90.000000000000000
            }
        }
    }, 
    "DATA - Position/Rotation": {
        "Position": {
            "X": 149664.000000000000000, 
            "Y": 29312.000000000000000, 
            "Z": 1712.000000000000000
        }, 
        "Rotation": {
            "X": 0.000000000000000, 
            "Y": 0.000000000000000, 
            "Z": 0.000000000000000
        }
    }
}
