{
    "Cell": " [CELL:01380001]", 
    "Record Header": {
        "Signature": "REFR", 
        "Data Size": 74, 
        "Record Flags": {
            "Quest item / Persistent reference / Show in Menu": true
        }, 
        "FormID": "0181EABA", 
        "Version Control Info": "00 00 00 00"
    }, 
    "NAME - Base": "0inUcomUtraptopU01 [DOOR:0120001A]", 
    "XTEL - Teleport Destination": {
        "Door": "[REFR:0182286A]", 
        "Position/Rotation": {
            "Position": {
                "X": 14.662813000000000, 
                "Y": -3676.944580000000000, 
                "Z": 548.000000000000000
            }, 
            "Rotation": {
                "X": 0.000000000000000, 
                "Y": 0.000000000000000, 
                "Z": 0.000000000000000
            }
        }
    }, 
    "DATA - Position/Rotation": {
        "Position": {
            "X": 18169.878906000000000, 
            "Y": -103034.015625000000000, 
            "Z": 1301.267944000000000
        }, 
        "Rotation": {
            "X": 0.000000000000000, 
            "Y": 0.000000000000000, 
            "Z": 0.000000000000000
        }
    }
}
