{
    "Cell": " [CELL:01380001]", 
    "Record Header": {
        "Signature": "REFR", 
        "Data Size": 74, 
        "Record Flags": {
            "Quest item / Persistent reference / Show in Menu": true
        }, 
        "FormID": "0181E616", 
        "Version Control Info": "00 00 00 00"
    }, 
    "NAME - Base": "0ExUimpUloaddoorU02 [DOOR:0120000B]", 
    "XTEL - Teleport Destination": {
        "Door": "[REFR:01822882]", 
        "Position/Rotation": {
            "Position": {
                "X": -2563.141357000000000, 
                "Y": 1830.734131000000000, 
                "Z": -124.000000000000000
            }, 
            "Rotation": {
                "X": 0.000000000000000, 
                "Y": 0.000000000000000, 
                "Z": 0.000000000000000
            }
        }
    }, 
    "DATA - Position/Rotation": {
        "Position": {
            "X": 18654.939453000000000, 
            "Y": -100442.015625000000000, 
            "Z": 576.000000000000000
        }, 
        "Rotation": {
            "X": 0.000000000000000, 
            "Y": 0.000000000000000, 
            "Z": 90.000000000000000
        }
    }
}
