{
    "Cell": " [CELL:01380001]", 
    "Record Header": {
        "Signature": "REFR", 
        "Data Size": 74, 
        "Record Flags": {
            "Quest item / Persistent reference / Show in Menu": true
        }, 
        "FormID": "01827BB8", 
        "Version Control Info": "00 00 00 00"
    }, 
    "NAME - Base": "0exUtUdoorU02 [DOOR:0120001F]", 
    "XTEL - Teleport Destination": {
        "Door": "[REFR:0182E870]", 
        "Position/Rotation": {
            "Position": {
                "X": 213.130127000000000, 
                "Y": 6.950046000000000, 
                "Z": 142.818024000000000
            }, 
            "Rotation": {
                "X": 0.000000000000000, 
                "Y": 0.000000000000000, 
                "Z": 268.326800000000000
            }
        }
    }, 
    "DATA - Position/Rotation": {
        "Position": {
            "X": 127566.156250000000000, 
            "Y": -103427.906250000000000, 
            "Z": 818.437988000000000
        }, 
        "Rotation": {
            "X": 0.000000000000000, 
            "Y": 0.000000000000000, 
            "Z": 226.900000000000000
        }
    }
}
