{
    "Cell": " [CELL:01380001]", 
    "Record Header": {
        "Signature": "REFR", 
        "Data Size": 74, 
        "Record Flags": {
            "Quest item / Persistent reference / Show in Menu": true
        }, 
        "FormID": "01827BB0", 
        "Version Control Info": "00 00 00 00"
    }, 
    "NAME - Base": "0exUtUdoorU01 [DOOR:0120001E]", 
    "XTEL - Teleport Destination": {
        "Door": "[REFR:0182EBAC]", 
        "Position/Rotation": {
            "Position": {
                "X": -667.204102000000000, 
                "Y": -5.928223000000000, 
                "Z": 680.358398000000000
            }, 
            "Rotation": {
                "X": 0.000000000000000, 
                "Y": 0.000000000000000, 
                "Z": 91.700000000000000
            }
        }
    }, 
    "DATA - Position/Rotation": {
        "Position": {
            "X": 126306.742187000000000, 
            "Y": -102201.687500000000000, 
            "Z": 1724.691040000000000
        }, 
        "Rotation": {
            "X": 0.000000000000000, 
            "Y": 0.000000000000000, 
            "Z": 87.700000000000000
        }
    }
}
