{
    "Cell": " [CELL:01380001]", 
    "Record Header": {
        "Signature": "REFR", 
        "Data Size": 74, 
        "Record Flags": {
            "Quest item / Persistent reference / Show in Menu": true
        }, 
        "FormID": "0182CE20", 
        "Version Control Info": "00 00 00 00"
    }, 
    "NAME - Base": "0hlaalUloaddoorU01 [DOOR:0120001B]", 
    "XTEL - Teleport Destination": {
        "Door": "[REFR:0182D066]", 
        "Position/Rotation": {
            "Position": {
                "X": 5753.180176000000000, 
                "Y": 5994.233398000000000, 
                "Z": 14493.611328000000000
            }, 
            "Rotation": {
                "X": 0.000000000000000, 
                "Y": 0.000000000000000, 
                "Z": 176.653500000000000
            }
        }
    }, 
    "DATA - Position/Rotation": {
        "Position": {
            "X": 37222.437500000000000, 
            "Y": -60303.625000000000000, 
            "Z": 947.708008000000000
        }, 
        "Rotation": {
            "X": 0.000000000000000, 
            "Y": 0.000000000000000, 
            "Z": 348.500000000000000
        }
    }
}
