{
    "Cell": " [CELL:01380001]", 
    "Record Header": {
        "Signature": "REFR", 
        "Data Size": 74, 
        "Record Flags": {
            "Quest item / Persistent reference / Show in Menu": true
        }, 
        "FormID": "01824517", 
        "Version Control Info": "00 00 00 00"
    }, 
    "NAME - Base": "0exUvelothiUloaddoorU01 [DOOR:01200034]", 
    "XTEL - Teleport Destination": {
        "Door": "[REFR:01824540]", 
        "Position/Rotation": {
            "Position": {
                "X": 1056.000000000000000, 
                "Y": -4588.149414000000000, 
                "Z": 1956.000000000000000
            }, 
            "Rotation": {
                "X": 0.000000000000000, 
                "Y": 0.000000000000000, 
                "Z": 180.000000000000000
            }
        }
    }, 
    "DATA - Position/Rotation": {
        "Position": {
            "X": -70985.531250000000000, 
            "Y": 67683.125000000000000, 
            "Z": 1434.136963000000000
        }, 
        "Rotation": {
            "X": 0.000000000000000, 
            "Y": 0.000000000000000, 
            "Z": 100.600000000000000
        }
    }
}
