{
    "Cell": " [CELL:01380001]", 
    "Record Header": {
        "Signature": "REFR", 
        "Data Size": 74, 
        "Record Flags": {
            "Quest item / Persistent reference / Show in Menu": true
        }, 
        "FormID": "01827C41", 
        "Version Control Info": "00 00 00 00"
    }, 
    "NAME - Base": "0exUtUdoorU01 [DOOR:0120001E]", 
    "XTEL - Teleport Destination": {
        "Door": "[REFR:01858779]", 
        "Position/Rotation": {
            "Position": {
                "X": -645.127991000000000, 
                "Y": 110.684998000000000, 
                "Z": 101.164993000000000
            }, 
            "Rotation": {
                "X": 0.000000000000000, 
                "Y": 0.000000000000000, 
                "Z": 126.100000000000000
            }
        }
    }, 
    "DATA - Position/Rotation": {
        "Position": {
            "X": 107520.296875000000000, 
            "Y": 119064.000000000000000, 
            "Z": 1921.913940000000000
        }, 
        "Rotation": {
            "X": 0.000000000000000, 
            "Y": 0.000000000000000, 
            "Z": 110.900000000000000
        }
    }
}
