{
    "Cell": " [CELL:01380001]", 
    "Record Header": {
        "Signature": "REFR", 
        "Data Size": 74, 
        "Record Flags": {
            "Quest item / Persistent reference / Show in Menu": true
        }, 
        "FormID": "0182DC29", 
        "Version Control Info": "00 00 00 00"
    }, 
    "NAME - Base": "0inUvelothismallUndoorU01 [DOOR:01200043]", 
    "XTEL - Teleport Destination": {
        "Door": "[REFR:0182A184]", 
        "Position/Rotation": {
            "Position": {
                "X": -319.902588000000000, 
                "Y": -1467.572021000000000, 
                "Z": 1844.000000000000000
            }, 
            "Rotation": {
                "X": 0.000000000000000, 
                "Y": 0.000000000000000, 
                "Z": 178.326800000000000
            }
        }
    }, 
    "DATA - Position/Rotation": {
        "Position": {
            "X": 60429.304687000000000, 
            "Y": 64167.054687000000000, 
            "Z": 1267.763062000000000
        }, 
        "Rotation": {
            "X": 0.000000000000000, 
            "Y": 0.000000000000000, 
            "Z": 207.000000000000000
        }
    }
}
