{
    "Cell": " [CELL:01380001]", 
    "Record Header": {
        "Signature": "REFR", 
        "Data Size": 74, 
        "Record Flags": {
            "Quest item / Persistent reference / Show in Menu": true
        }, 
        "FormID": "01824519", 
        "Version Control Info": "00 00 00 00"
    }, 
    "NAME - Base": "0exUvelothiUloaddoorU01 [DOOR:01200034]", 
    "XTEL - Teleport Destination": {
        "Door": "[REFR:01824530]", 
        "Position/Rotation": {
            "Position": {
                "X": 3590.927734000000000, 
                "Y": 6713.245117000000000, 
                "Z": 128.000000000000000
            }, 
            "Rotation": {
                "X": 0.000000000000000, 
                "Y": 0.000000000000000, 
                "Z": 181.673300000000000
            }
        }
    }, 
    "DATA - Position/Rotation": {
        "Position": {
            "X": -87845.437500000000000, 
            "Y": 95615.539062000000000, 
            "Z": 1412.416138000000000
        }, 
        "Rotation": {
            "X": 0.000000000000000, 
            "Y": 0.000000000000000, 
            "Z": 223.600000000000000
        }
    }
}
