{
    "Cell": " [CELL:01380001]", 
    "Record Header": {
        "Signature": "REFR", 
        "Data Size": 74, 
        "Record Flags": {
            "Quest item / Persistent reference / Show in Menu": true
        }, 
        "FormID": "0182FF40", 
        "Version Control Info": "00 00 00 00"
    }, 
    "NAME - Base": "0inUcomUtraptopU01 [DOOR:0120001A]", 
    "XTEL - Teleport Destination": {
        "Door": "[REFR:0184C6DF]", 
        "Position/Rotation": {
            "Position": {
                "X": 4274.406738000000000, 
                "Y": 4275.624512000000000, 
                "Z": 16340.000000000000000
            }, 
            "Rotation": {
                "X": 0.000000000000000, 
                "Y": 0.000000000000000, 
                "Z": 270.000000000000000
            }
        }
    }, 
    "DATA - Position/Rotation": {
        "Position": {
            "X": 85155.640625000000000, 
            "Y": 120368.648437000000000, 
            "Z": 4291.375000000000000
        }, 
        "Rotation": {
            "X": 0.000000000000000, 
            "Y": 0.000000000000000, 
            "Z": 45.000000000000000
        }
    }
}
