{
    "Cell": " [CELL:01380001]", 
    "Record Header": {
        "Signature": "REFR", 
        "Data Size": 74, 
        "Record Flags": {
            "Quest item / Persistent reference / Show in Menu": true
        }, 
        "FormID": "0182D932", 
        "Version Control Info": "00 00 00 00"
    }, 
    "NAME - Base": "0exUvivecUgrateU01 [DOOR:01200040]", 
    "XTEL - Teleport Destination": {
        "Door": "[REFR:018441A1]", 
        "Position/Rotation": {
            "Position": {
                "X": 2059.046387000000000, 
                "Y": 7640.635254000000000, 
                "Z": -218.048813000000000
            }, 
            "Rotation": {
                "X": 0.000000000000000, 
                "Y": 0.000000000000000, 
                "Z": 180.481700000000000
            }
        }
    }, 
    "DATA - Position/Rotation": {
        "Position": {
            "X": 25698.296875000000000, 
            "Y": -95239.492188000000000, 
            "Z": -247.164001000000000
        }, 
        "Rotation": {
            "X": 0.000000000000000, 
            "Y": 0.000000000000000, 
            "Z": 359.500000000000000
        }
    }
}
