{
    "Cell": " [CELL:01380001]", 
    "Record Header": {
        "Signature": "REFR", 
        "Data Size": 74, 
        "Record Flags": {
            "Quest item / Persistent reference / Show in Menu": true
        }, 
        "FormID": "0182D885", 
        "Version Control Info": "00 00 00 00"
    }, 
    "NAME - Base": "0exUvivecUgrateU01 [DOOR:01200040]", 
    "XTEL - Teleport Destination": {
        "Door": "[REFR:0184419C]", 
        "Position/Rotation": {
            "Position": {
                "X": 6137.937988000000000, 
                "Y": 550.895081000000000, 
                "Z": -174.310028000000000
            }, 
            "Rotation": {
                "X": 0.000000000000000, 
                "Y": 0.000000000000000, 
                "Z": 0.000000000000000
            }
        }
    }, 
    "DATA - Position/Rotation": {
        "Position": {
            "X": 33308.937500000000000, 
            "Y": -77937.578125000000000, 
            "Z": -247.164001000000000
        }, 
        "Rotation": {
            "X": 0.000000000000000, 
            "Y": 0.000000000000000, 
            "Z": 179.500000000000000
        }
    }
}
