{
    "Cell": " [CELL:01380001]", 
    "Record Header": {
        "Signature": "REFR", 
        "Data Size": 74, 
        "Record Flags": {
            "Quest item / Persistent reference / Show in Menu": true
        }, 
        "FormID": "0182B566", 
        "Version Control Info": "00 00 00 00"
    }, 
    "NAME - Base": "0ExUimpUloaddoorU02 [DOOR:0120000B]", 
    "XTEL - Teleport Destination": {
        "Door": "[REFR:0184C58E]", 
        "Position/Rotation": {
            "Position": {
                "X": 4863.978027000000000, 
                "Y": 3063.012939000000000, 
                "Z": 14676.000000000000000
            }, 
            "Rotation": {
                "X": 0.000000000000000, 
                "Y": 0.000000000000000, 
                "Z": 90.000000000000000
            }
        }
    }, 
    "DATA - Position/Rotation": {
        "Position": {
            "X": 87292.210938000000000, 
            "Y": 119874.367187000000000, 
            "Z": 4997.775391000000000
        }, 
        "Rotation": {
            "X": 0.000000000000000, 
            "Y": 0.000000000000000, 
            "Z": 45.000000000000000
        }
    }
}
