{
    "Cell": " [CELL:01380001]", 
    "Record Header": {
        "Signature": "REFR", 
        "Data Size": 74, 
        "Record Flags": {
            "Quest item / Persistent reference / Show in Menu": true
        }, 
        "FormID": "0182B436", 
        "Version Control Info": "00 00 00 00"
    }, 
    "NAME - Base": "0exUtUdoorU02 [DOOR:0120001F]", 
    "XTEL - Teleport Destination": {
        "Door": "[REFR:0185845C]", 
        "Position/Rotation": {
            "Position": {
                "X": 175.728668000000000, 
                "Y": -1.613839000000000, 
                "Z": 148.169876000000000
            }, 
            "Rotation": {
                "X": 0.000000000000000, 
                "Y": 0.000000000000000, 
                "Z": 268.326800000000000
            }
        }
    }, 
    "DATA - Position/Rotation": {
        "Position": {
            "X": 110229.843750000000000, 
            "Y": 118860.046875000000000, 
            "Z": 638.455017000000000
        }, 
        "Rotation": {
            "X": 0.000000000000000, 
            "Y": 0.000000000000000, 
            "Z": 149.500000000000000
        }
    }
}
