{
    "Cell": " [CELL:01380001]", 
    "Record Header": {
        "Signature": "REFR", 
        "Data Size": 74, 
        "Record Flags": {
            "Quest item / Persistent reference / Show in Menu": true
        }, 
        "FormID": "0182BB7A", 
        "Version Control Info": "00 00 00 00"
    }, 
    "NAME - Base": "0ExUDeUShackUDoor [DOOR:0120002C]", 
    "XTEL - Teleport Destination": {
        "Door": "[REFR:0182BBFF]", 
        "Position/Rotation": {
            "Position": {
                "X": 4081.249023000000000, 
                "Y": 4219.594238000000000, 
                "Z": 14599.648437000000000
            }, 
            "Rotation": {
                "X": 0.000000000000000, 
                "Y": 0.000000000000000, 
                "Z": 270.000000000000000
            }
        }
    }, 
    "DATA - Position/Rotation": {
        "Position": {
            "X": 20292.517578000000000, 
            "Y": -54263.347656000000000, 
            "Z": 722.114014000000000
        }, 
        "Rotation": {
            "X": 0.000000000000000, 
            "Y": 0.000000000000000, 
            "Z": 180.000000000000000
        }
    }
}
