{
    "Cell": " [CELL:01380001]", 
    "Record Header": {
        "Signature": "REFR", 
        "Data Size": 74, 
        "Record Flags": {
            "Quest item / Persistent reference / Show in Menu": true
        }, 
        "FormID": "0182265C", 
        "Version Control Info": "00 00 00 00"
    }, 
    "NAME - Base": "0ExUimpUloaddoorU02 [DOOR:0120000B]", 
    "XTEL - Teleport Destination": {
        "Door": "[REFR:01824DB8]", 
        "Position/Rotation": {
            "Position": {
                "X": -2071.021729000000000, 
                "Y": -179.842194000000000, 
                "Z": 420.000000000000000
            }, 
            "Rotation": {
                "X": 0.000000000000000, 
                "Y": 0.000000000000000, 
                "Z": 270.000000000000000
            }
        }
    }, 
    "DATA - Position/Rotation": {
        "Position": {
            "X": 13577.251953000000000, 
            "Y": -102070.304688000000000, 
            "Z": 842.789978000000000
        }, 
        "Rotation": {
            "X": 0.000000000000000, 
            "Y": 0.000000000000000, 
            "Z": 180.000000000000000
        }
    }
}
