{
    "Cell": " [CELL:01380001]", 
    "Record Header": {
        "Signature": "REFR", 
        "Data Size": 74, 
        "Record Flags": {
            "Quest item / Persistent reference / Show in Menu": true
        }, 
        "FormID": "01823CCB", 
        "Version Control Info": "00 00 00 00"
    }, 
    "NAME - Base": "0exUnordUdoorU01 [DOOR:01200007]", 
    "XTEL - Teleport Destination": {
        "Door": "[REFR:0182B1E6]", 
        "Position/Rotation": {
            "Position": {
                "X": 18.746803000000000, 
                "Y": -248.441803000000000, 
                "Z": 179.452347000000000
            }, 
            "Rotation": {
                "X": 0.000000000000000, 
                "Y": 0.000000000000000, 
                "Z": 90.000000000000000
            }
        }
    }, 
    "DATA - Position/Rotation": {
        "Position": {
            "X": -23098.400391000000000, 
            "Y": 13267.875000000000000, 
            "Z": 1834.676025000000000
        }, 
        "Rotation": {
            "X": 0.000000000000000, 
            "Y": 0.000000000000000, 
            "Z": 300.400000000000000
        }
    }
}
