{
    "Cell": " [CELL:01380001]", 
    "Record Header": {
        "Signature": "REFR", 
        "Data Size": 74, 
        "Record Flags": {
            "Quest item / Persistent reference / Show in Menu": true
        }, 
        "FormID": "018214E9", 
        "Version Control Info": "00 00 00 00"
    }, 
    "NAME - Base": "0exUdaeUdoorUloadUoval [DOOR:01200037]", 
    "XTEL - Teleport Destination": {
        "Door": "[REFR:01821557]", 
        "Position/Rotation": {
            "Position": {
                "X": 249.457001000000000, 
                "Y": 4157.349121000000000, 
                "Z": -887.226013000000000
            }, 
            "Rotation": {
                "X": 0.000000000000000, 
                "Y": 0.000000000000000, 
                "Z": 182.400000000000000
            }
        }
    }, 
    "DATA - Position/Rotation": {
        "Position": {
            "X": -63540.308594000000000, 
            "Y": -9504.671875000000000, 
            "Z": 333.661682000000000
        }, 
        "Rotation": {
            "X": 0.000000000000000, 
            "Y": 0.000000000000000, 
            "Z": 5.729600000000000
        }
    }
}
