{
    "Cell": " [CELL:01380001]", 
    "Record Header": {
        "Signature": "REFR", 
        "Data Size": 74, 
        "Record Flags": {
            "Quest item / Persistent reference / Show in Menu": true
        }, 
        "FormID": "0182B437", 
        "Version Control Info": "00 00 00 00"
    }, 
    "NAME - Base": "0exUtUdoorU02 [DOOR:0120001F]", 
    "XTEL - Teleport Destination": {
        "Door": "[REFR:018585E3]", 
        "Position/Rotation": {
            "Position": {
                "X": 208.185547000000000, 
                "Y": -8.471294000000000, 
                "Z": 149.047073000000000
            }, 
            "Rotation": {
                "X": 0.000000000000000, 
                "Y": 0.000000000000000, 
                "Z": 268.326800000000000
            }
        }
    }, 
    "DATA - Position/Rotation": {
        "Position": {
            "X": 110622.515625000000000, 
            "Y": 119758.945312000000000, 
            "Z": 660.497009000000000
        }, 
        "Rotation": {
            "X": 0.000000000000000, 
            "Y": 0.000000000000000, 
            "Z": 40.400000000000000
        }
    }
}
