{
    "Cell": " [CELL:01380001]", 
    "Record Header": {
        "Signature": "REFR", 
        "Data Size": 74, 
        "Record Flags": {
            "Quest item / Persistent reference / Show in Menu": true
        }, 
        "FormID": "0182D8DE", 
        "Version Control Info": "00 00 00 00"
    }, 
    "NAME - Base": "0exUvivecUgrateU01 [DOOR:01200040]", 
    "XTEL - Teleport Destination": {
        "Door": "[REFR:018333D7]", 
        "Position/Rotation": {
            "Position": {
                "X": 6144.000000000000000, 
                "Y": 3599.036377000000000, 
                "Z": -60.000000000000000
            }, 
            "Rotation": {
                "X": 0.000000000000000, 
                "Y": 0.000000000000000, 
                "Z": 180.000000000000000
            }
        }
    }, 
    "DATA - Position/Rotation": {
        "Position": {
            "X": 34175.613281000000000, 
            "Y": -104451.265625000000000, 
            "Z": -278.683014000000000
        }, 
        "Rotation": {
            "X": 0.000000000000000, 
            "Y": 0.000000000000000, 
            "Z": 89.499900000000000
        }
    }
}
