{
    "Cell": " [CELL:01380001]", 
    "Record Header": {
        "Signature": "REFR", 
        "Data Size": 84, 
        "Record Flags": {
            "Quest item / Persistent reference / Show in Menu": true
        }, 
        "FormID": "0182808C", 
        "Version Control Info": "00 00 00 00"
    }, 
    "NAME - Base": "0exUcaveUdoorU01 [DOOR:0120002F]", 
    "XTEL - Teleport Destination": {
        "Door": "[REFR:0184982B]", 
        "Position/Rotation": {
            "Position": {
                "X": -1836.650024000000000, 
                "Y": 4989.004883000000000, 
                "Z": -95.899002000000000
            }, 
            "Rotation": {
                "X": 0.000000000000000, 
                "Y": 0.000000000000000, 
                "Z": 91.700000000000000
            }
        }
    }, 
    "XSCL - Scale": 1.080000000000000, 
    "DATA - Position/Rotation": {
        "Position": {
            "X": 14587.319336000000000, 
            "Y": -17130.171875000000000, 
            "Z": 1011.252014000000000
        }, 
        "Rotation": {
            "X": 0.000000000000000, 
            "Y": 0.000000000000000, 
            "Z": 5.685900000000000
        }
    }
}
