{
    "Cell": " [CELL:01380001]", 
    "Record Header": {
        "Signature": "REFR", 
        "Data Size": 74, 
        "Record Flags": {
            "Quest item / Persistent reference / Show in Menu": true
        }, 
        "FormID": "01823CC6", 
        "Version Control Info": "00 00 00 00"
    }, 
    "NAME - Base": "0ExUDeUShackUDoor [DOOR:0120002C]", 
    "XTEL - Teleport Destination": {
        "Door": "[REFR:0182A42E]", 
        "Position/Rotation": {
            "Position": {
                "X": 51.257000000000000, 
                "Y": -30.943001000000000, 
                "Z": 43.813004000000000
            }, 
            "Rotation": {
                "X": 0.000000000000000, 
                "Y": 0.000000000000000, 
                "Z": 280.700000000000000
            }
        }
    }, 
    "DATA - Position/Rotation": {
        "Position": {
            "X": -22582.314453000000000, 
            "Y": 9314.362305000000000, 
            "Z": 1057.348999000000000
        }, 
        "Rotation": {
            "X": 0.000000000000000, 
            "Y": 0.000000000000000, 
            "Z": 170.300000000000000
        }
    }
}
