{
    "Cell": " [CELL:01380001]", 
    "Record Header": {
        "Signature": "REFR", 
        "Data Size": 74, 
        "Record Flags": {
            "Quest item / Persistent reference / Show in Menu": true
        }, 
        "FormID": "01821056", 
        "Version Control Info": "00 00 00 00"
    }, 
    "NAME - Base": "0exUdaeUdoorUloadUoval [DOOR:01200037]", 
    "XTEL - Teleport Destination": {
        "Door": "[REFR:018210E2]", 
        "Position/Rotation": {
            "Position": {
                "X": 135.813995000000000, 
                "Y": 3987.623535000000000, 
                "Z": -748.000000000000000
            }, 
            "Rotation": {
                "X": 0.000000000000000, 
                "Y": 0.000000000000000, 
                "Z": 176.700000000000000
            }
        }
    }, 
    "DATA - Position/Rotation": {
        "Position": {
            "X": -49771.492188000000000, 
            "Y": 80505.718750000000000, 
            "Z": 1651.861572000000000
        }, 
        "Rotation": {
            "X": 0.000000000000000, 
            "Y": 0.000000000000000, 
            "Z": 63.025400000000000
        }
    }
}
