{
    "Cell": " [CELL:01380001]", 
    "Record Header": {
        "Signature": "REFR", 
        "Data Size": 74, 
        "Record Flags": {
            "Quest item / Persistent reference / Show in Menu": true
        }, 
        "FormID": "01820627", 
        "Version Control Info": "00 00 00 00"
    }, 
    "NAME - Base": "0exUcommonUdoorU01 [DOOR:01200009]", 
    "XTEL - Teleport Destination": {
        "Door": "[REFR:018284ED]", 
        "Position/Rotation": {
            "Position": {
                "X": -32.355240000000000, 
                "Y": 239.977768000000000, 
                "Z": 161.808823000000000
            }, 
            "Rotation": {
                "X": 0.000000000000000, 
                "Y": 0.000000000000000, 
                "Z": 270.000000000000000
            }
        }
    }, 
    "DATA - Position/Rotation": {
        "Position": {
            "X": -12680.135742000000000, 
            "Y": 19568.873047000000000, 
            "Z": 1631.059570000000000
        }, 
        "Rotation": {
            "X": 0.000000000000000, 
            "Y": 0.000000000000000, 
            "Z": 183.500000000000000
        }
    }
}
