{
    "Cell": " [CELL:01380001]", 
    "Record Header": {
        "Signature": "REFR", 
        "Data Size": 74, 
        "Record Flags": {
            "Quest item / Persistent reference / Show in Menu": true
        }, 
        "FormID": "01823D38", 
        "Version Control Info": "00 00 00 00"
    }, 
    "NAME - Base": "0exUdaeUdoorUloadUoval [DOOR:01200037]", 
    "XTEL - Teleport Destination": {
        "Door": "[REFR:01823DC2]", 
        "Position/Rotation": {
            "Position": {
                "X": 270.144989000000000, 
                "Y": 5317.682129000000000, 
                "Z": -730.677979000000000
            }, 
            "Rotation": {
                "X": 0.000000000000000, 
                "Y": 0.000000000000000, 
                "Z": 176.700000000000000
            }
        }
    }, 
    "DATA - Position/Rotation": {
        "Position": {
            "X": 103954.656250000000000, 
            "Y": 38081.156250000000000, 
            "Z": 515.416992000000000
        }, 
        "Rotation": {
            "X": 0.000000000000000, 
            "Y": 0.000000000000000, 
            "Z": 256.900000000000000
        }
    }
}
