{
    "Cell": " [CELL:01380001]", 
    "Record Header": {
        "Signature": "REFR", 
        "Data Size": 74, 
        "Record Flags": {
            "Quest item / Persistent reference / Show in Menu": true
        }, 
        "FormID": "0182AE22", 
        "Version Control Info": "00 00 00 00"
    }, 
    "NAME - Base": "0exUtUdoorUstoneUlarge [DOOR:01200020]", 
    "XTEL - Teleport Destination": {
        "Door": "[REFR:0182B362]", 
        "Position/Rotation": {
            "Position": {
                "X": 1030.390747000000000, 
                "Y": -3216.772461000000000, 
                "Z": 253.458649000000000
            }, 
            "Rotation": {
                "X": 0.000000000000000, 
                "Y": 0.000000000000000, 
                "Z": 0.000000000000000
            }
        }
    }, 
    "DATA - Position/Rotation": {
        "Position": {
            "X": 123712.703125000000000, 
            "Y": 48033.511719000000000, 
            "Z": 962.078979000000000
        }, 
        "Rotation": {
            "X": 0.000000000000000, 
            "Y": 0.000000000000000, 
            "Z": 18.600000000000000
        }
    }
}
