{
    "Cell": " [CELL:01380001]", 
    "Record Header": {
        "Signature": "REFR", 
        "Data Size": 74, 
        "Record Flags": {
            "Quest item / Persistent reference / Show in Menu": true
        }, 
        "FormID": "0182D963", 
        "Version Control Info": "00 00 00 00"
    }, 
    "NAME - Base": "0exUvivecUgrateU01 [DOOR:01200040]", 
    "XTEL - Teleport Destination": {
        "Door": "[REFR:018441A6]", 
        "Position/Rotation": {
            "Position": {
                "X": 6147.009277000000000, 
                "Y": 638.976562000000000, 
                "Z": -200.561935000000000
            }, 
            "Rotation": {
                "X": 0.000000000000000, 
                "Y": 0.000000000000000, 
                "Z": 0.000000000000000
            }
        }
    }, 
    "DATA - Position/Rotation": {
        "Position": {
            "X": 20242.789062000000000, 
            "Y": -80930.234375000000000, 
            "Z": -251.730591000000000
        }, 
        "Rotation": {
            "X": 0.000000000000000, 
            "Y": 0.000000000000000, 
            "Z": 89.499900000000000
        }
    }
}
