{
    "Cell": " [CELL:01380001]", 
    "Record Header": {
        "Signature": "REFR", 
        "Data Size": 74, 
        "Record Flags": {
            "Quest item / Persistent reference / Show in Menu": true
        }, 
        "FormID": "0182BAD9", 
        "Version Control Info": "00 00 00 00"
    }, 
    "NAME - Base": "0hlaalUloaddoorU01 [DOOR:0120001B]", 
    "XTEL - Teleport Destination": {
        "Door": "[REFR:0182BC50]", 
        "Position/Rotation": {
            "Position": {
                "X": 4225.161621000000000, 
                "Y": 3924.758789000000000, 
                "Z": 15076.000000000000000
            }, 
            "Rotation": {
                "X": 0.000000000000000, 
                "Y": 0.000000000000000, 
                "Z": 180.000000000000000
            }
        }
    }, 
    "DATA - Position/Rotation": {
        "Position": {
            "X": 23234.000000000000000, 
            "Y": -53556.000000000000000, 
            "Z": 1132.000000000000000
        }, 
        "Rotation": {
            "X": 0.000000000000000, 
            "Y": 0.000000000000000, 
            "Z": 180.000000000000000
        }
    }
}
