{
    "Cell": " [CELL:01380001]", 
    "Record Header": {
        "Signature": "REFR", 
        "Data Size": 74, 
        "Record Flags": {
            "Quest item / Persistent reference / Show in Menu": true
        }, 
        "FormID": "01823E5A", 
        "Version Control Info": "00 00 00 00"
    }, 
    "NAME - Base": "0exUdaeUdoorUloadUoval [DOOR:01200037]", 
    "XTEL - Teleport Destination": {
        "Door": "[REFR:01823E72]", 
        "Position/Rotation": {
            "Position": {
                "X": 254.215881000000000, 
                "Y": 4036.634766000000000, 
                "Z": -231.203995000000000
            }, 
            "Rotation": {
                "X": 0.000000000000000, 
                "Y": 0.000000000000000, 
                "Z": 176.700000000000000
            }
        }
    }, 
    "DATA - Position/Rotation": {
        "Position": {
            "X": -76278.781250000000000, 
            "Y": 124863.453125000000000, 
            "Z": 1504.241089000000000
        }, 
        "Rotation": {
            "X": 0.000000000000000, 
            "Y": 0.000000000000000, 
            "Z": 348.500000000000000
        }
    }
}
