{
    "Cell": " [CELL:01380001]", 
    "Record Header": {
        "Signature": "REFR", 
        "Data Size": 74, 
        "Record Flags": {
            "Quest item / Persistent reference / Show in Menu": true
        }, 
        "FormID": "01821828", 
        "Version Control Info": "00 00 00 00"
    }, 
    "NAME - Base": "0exUvelothiUloaddoorU01 [DOOR:01200034]", 
    "XTEL - Teleport Destination": {
        "Door": "[REFR:01826EAE]", 
        "Position/Rotation": {
            "Position": {
                "X": 49.623371000000000, 
                "Y": 52.535679000000000, 
                "Z": -66.532997000000000
            }, 
            "Rotation": {
                "X": 0.000000000000000, 
                "Y": 0.000000000000000, 
                "Z": 157.081700000000000
            }
        }
    }, 
    "DATA - Position/Rotation": {
        "Position": {
            "X": 30241.359375000000000, 
            "Y": -95569.617188000000000, 
            "Z": 671.088013000000000
        }, 
        "Rotation": {
            "X": 0.000000000000000, 
            "Y": 0.000000000000000, 
            "Z": 270.000000000000000
        }
    }
}
