{
    "Cell": " [CELL:01380001]", 
    "Record Header": {
        "Signature": "REFR", 
        "Data Size": 74, 
        "Record Flags": {
            "Quest item / Persistent reference / Show in Menu": true
        }, 
        "FormID": "01823CC9", 
        "Version Control Info": "00 00 00 00"
    }, 
    "NAME - Base": "0exUnordUdoorU01 [DOOR:01200007]", 
    "XTEL - Teleport Destination": {
        "Door": "[REFR:0182A3FC]", 
        "Position/Rotation": {
            "Position": {
                "X": -154.744156000000000, 
                "Y": -603.429688000000000, 
                "Z": 489.054932000000000
            }, 
            "Rotation": {
                "X": 0.000000000000000, 
                "Y": 0.000000000000000, 
                "Z": 160.400000000000000
            }
        }
    }, 
    "DATA - Position/Rotation": {
        "Position": {
            "X": -23298.808594000000000, 
            "Y": 10474.875000000000000, 
            "Z": 1356.873047000000000
        }, 
        "Rotation": {
            "X": 0.000000000000000, 
            "Y": 0.000000000000000, 
            "Z": 116.000000000000000
        }
    }
}
