{
    "Cell": " [CELL:01380001]", 
    "Record Header": {
        "Signature": "REFR", 
        "Data Size": 74, 
        "Record Flags": {
            "Quest item / Persistent reference / Show in Menu": true
        }, 
        "FormID": "0182BADA", 
        "Version Control Info": "00 00 00 00"
    }, 
    "NAME - Base": "0hlaalUloaddoorU01 [DOOR:0120001B]", 
    "XTEL - Teleport Destination": {
        "Door": "[REFR:0182BC6B]", 
        "Position/Rotation": {
            "Position": {
                "X": 4008.000000000000000, 
                "Y": 2680.000000000000000, 
                "Z": 15076.000000000000000
            }, 
            "Rotation": {
                "X": 0.000000000000000, 
                "Y": 0.000000000000000, 
                "Z": 90.000000000000000
            }
        }
    }, 
    "DATA - Position/Rotation": {
        "Position": {
            "X": 22912.000000000000000, 
            "Y": -54582.000000000000000, 
            "Z": 1044.000000000000000
        }, 
        "Rotation": {
            "X": 0.000000000000000, 
            "Y": 0.000000000000000, 
            "Z": 90.000000000000000
        }
    }
}
