{
    "Cell": " [CELL:01380001]", 
    "Record Header": {
        "Signature": "REFR", 
        "Data Size": 74, 
        "Record Flags": {
            "Quest item / Persistent reference / Show in Menu": true
        }, 
        "FormID": "0182B43F", 
        "Version Control Info": "00 00 00 00"
    }, 
    "NAME - Base": "0exUtUdoorU02 [DOOR:0120001F]", 
    "XTEL - Teleport Destination": {
        "Door": "[REFR:018583CB]", 
        "Position/Rotation": {
            "Position": {
                "X": 164.116531000000000, 
                "Y": -12.773953000000000, 
                "Z": 148.000000000000000
            }, 
            "Rotation": {
                "X": 0.000000000000000, 
                "Y": 0.000000000000000, 
                "Z": 268.326700000000000
            }
        }
    }, 
    "DATA - Position/Rotation": {
        "Position": {
            "X": 109225.828125000000000, 
            "Y": 116456.039062000000000, 
            "Z": 635.419006000000000
        }, 
        "Rotation": {
            "X": 12.900000000000000, 
            "Y": 0.000000000000000, 
            "Z": 224.300000000000000
        }
    }
}
