{
    "Cell": " [CELL:01380001]", 
    "Record Header": {
        "Signature": "REFR", 
        "Data Size": 74, 
        "Record Flags": {
            "Quest item / Persistent reference / Show in Menu": true
        }, 
        "FormID": "01820633", 
        "Version Control Info": "00 00 00 00"
    }, 
    "NAME - Base": "0exUnordUdoorU01 [DOOR:01200007]", 
    "XTEL - Teleport Destination": {
        "Door": "[REFR:01824D84]", 
        "Position/Rotation": {
            "Position": {
                "X": -464.000000000000000, 
                "Y": -12.000000000000000, 
                "Z": 164.000000000000000
            }, 
            "Rotation": {
                "X": 0.000000000000000, 
                "Y": 0.000000000000000, 
                "Z": 90.000000000000000
            }
        }
    }, 
    "DATA - Position/Rotation": {
        "Position": {
            "X": -9888.000000000000000, 
            "Y": 18736.000000000000000, 
            "Z": 1471.988037000000000
        }, 
        "Rotation": {
            "X": 0.000000000000000, 
            "Y": 0.000000000000000, 
            "Z": 0.300000000000000
        }
    }
}
