{
    "Cell": " [CELL:01380001]", 
    "Record Header": {
        "Signature": "REFR", 
        "Data Size": 74, 
        "Record Flags": {
            "Quest item / Persistent reference / Show in Menu": true
        }, 
        "FormID": "0182DC2E", 
        "Version Control Info": "00 00 00 00"
    }, 
    "NAME - Base": "0inUvelothismallUndoorU01 [DOOR:01200043]", 
    "XTEL - Teleport Destination": {
        "Door": "[REFR:0182A305]", 
        "Position/Rotation": {
            "Position": {
                "X": -2840.583984000000000, 
                "Y": -3487.175293000000000, 
                "Z": 1236.000000000000000
            }, 
            "Rotation": {
                "X": 0.000000000000000, 
                "Y": 0.000000000000000, 
                "Z": 357.670500000000000
            }
        }
    }, 
    "DATA - Position/Rotation": {
        "Position": {
            "X": 47229.113281000000000, 
            "Y": 161394.031250000000000, 
            "Z": 387.317322000000000
        }, 
        "Rotation": {
            "X": 0.000000000000000, 
            "Y": 0.000000000000000, 
            "Z": 319.918300000000000
        }
    }
}
