{
    "Cell": " [CELL:01380001]", 
    "Record Header": {
        "Signature": "REFR", 
        "Data Size": 74, 
        "Record Flags": {
            "Quest item / Persistent reference / Show in Menu": true
        }, 
        "FormID": "0182B439", 
        "Version Control Info": "00 00 00 00"
    }, 
    "NAME - Base": "0exUtUdoorU02 [DOOR:0120001F]", 
    "XTEL - Teleport Destination": {
        "Door": "[REFR:018584D5]", 
        "Position/Rotation": {
            "Position": {
                "X": 168.145996000000000, 
                "Y": 39.999001000000000, 
                "Z": 140.000000000000000
            }, 
            "Rotation": {
                "X": 0.000000000000000, 
                "Y": 0.000000000000000, 
                "Z": 292.100000000000000
            }
        }
    }, 
    "DATA - Position/Rotation": {
        "Position": {
            "X": 109917.914062000000000, 
            "Y": 119772.492187000000000, 
            "Z": 601.549011000000000
        }, 
        "Rotation": {
            "X": 0.000000000000000, 
            "Y": 346.200000000000000, 
            "Z": 276.600000000000000
        }
    }
}
