{
    "Cell": " [CELL:01380001]", 
    "Record Header": {
        "Signature": "REFR", 
        "Data Size": 74, 
        "Record Flags": {
            "Quest item / Persistent reference / Show in Menu": true
        }, 
        "FormID": "01823CCA", 
        "Version Control Info": "00 00 00 00"
    }, 
    "NAME - Base": "0exUnordUdoorU01 [DOOR:01200007]", 
    "XTEL - Teleport Destination": {
        "Door": "[REFR:0182A3CF]", 
        "Position/Rotation": {
            "Position": {
                "X": -43.262413000000000, 
                "Y": -756.299561000000000, 
                "Z": 56.960800000000000
            }, 
            "Rotation": {
                "X": 0.000000000000000, 
                "Y": 0.000000000000000, 
                "Z": 51.600000000000000
            }
        }
    }, 
    "DATA - Position/Rotation": {
        "Position": {
            "X": -23031.958984000000000, 
            "Y": 10162.190430000000000, 
            "Z": 1080.052979000000000
        }, 
        "Rotation": {
            "X": 0.000000000000000, 
            "Y": 0.000000000000000, 
            "Z": 27.500000000000000
        }
    }
}
