{
    "Cell": " [CELL:01380001]", 
    "Record Header": {
        "Signature": "REFR", 
        "Data Size": 74, 
        "Record Flags": {
            "Quest item / Persistent reference / Show in Menu": true
        }, 
        "FormID": "0183693A", 
        "Version Control Info": "00 00 00 00"
    }, 
    "NAME - Base": "0doorUcavernUdoors10 [DOOR:01200013]", 
    "XTEL - Teleport Destination": {
        "Door": "[REFR:0183F1E1]", 
        "Position/Rotation": {
            "Position": {
                "X": -1055.723022000000000, 
                "Y": -391.519012000000000, 
                "Z": 300.373993000000000
            }, 
            "Rotation": {
                "X": 0.000000000000000, 
                "Y": 0.000000000000000, 
                "Z": 85.900000000000000
            }
        }
    }, 
    "DATA - Position/Rotation": {
        "Position": {
            "X": 21513.097656000000000, 
            "Y": 51506.023437000000000, 
            "Z": 6668.208008000000000
        }, 
        "Rotation": {
            "X": 0.000000000000000, 
            "Y": 0.000000000000000, 
            "Z": 97.400000000000000
        }
    }
}
