{
    "Cell": " [CELL:01380001]", 
    "Record Header": {
        "Signature": "REFR", 
        "Data Size": 74, 
        "Record Flags": {
            "Quest item / Persistent reference / Show in Menu": true
        }, 
        "FormID": "01830A16", 
        "Version Control Info": "00 00 00 00"
    }, 
    "NAME - Base": "0hlaaluUloaddoorUS02 [DOOR:0120001C]", 
    "XTEL - Teleport Destination": {
        "Door": "[REFR:01840492]", 
        "Position/Rotation": {
            "Position": {
                "X": 0.000000000000000, 
                "Y": 0.000000000000000, 
                "Z": 24.919785000000000
            }, 
            "Rotation": {
                "X": 0.000000000000000, 
                "Y": 0.000000000000000, 
                "Z": 90.000000000000000
            }
        }
    }, 
    "DATA - Position/Rotation": {
        "Position": {
            "X": 55710.121094000000000, 
            "Y": -53393.792969000000000, 
            "Z": 1029.772949000000000
        }, 
        "Rotation": {
            "X": 0.000000000000000, 
            "Y": 0.000000000000000, 
            "Z": 133.300000000000000
        }
    }
}
