{
    "Cell": " [CELL:01380001]", 
    "Record Header": {
        "Signature": "REFR", 
        "Data Size": 74, 
        "Record Flags": {
            "Quest item / Persistent reference / Show in Menu": true
        }, 
        "FormID": "0183025D", 
        "Version Control Info": "00 00 00 00"
    }, 
    "NAME - Base": "0exUvelothiUloaddoorU01 [DOOR:01200034]", 
    "XTEL - Teleport Destination": {
        "Door": "[REFR:0182468E]", 
        "Position/Rotation": {
            "Position": {
                "X": 119.629997000000000, 
                "Y": 2951.137939000000000, 
                "Z": -1004.000000000000000
            }, 
            "Rotation": {
                "X": 0.000000000000000, 
                "Y": 0.000000000000000, 
                "Z": 269.800000000000000
            }
        }
    }, 
    "DATA - Position/Rotation": {
        "Position": {
            "X": 79134.296875000000000, 
            "Y": 161404.421875000000000, 
            "Z": 348.903015000000000
        }, 
        "Rotation": {
            "X": 0.000000000000000, 
            "Y": 0.000000000000000, 
            "Z": 236.800000000000000
        }
    }
}
