{
    "Cell": " [CELL:01380001]", 
    "Record Header": {
        "Signature": "REFR", 
        "Data Size": 74, 
        "Record Flags": {
            "Quest item / Persistent reference / Show in Menu": true
        }, 
        "FormID": "01830292", 
        "Version Control Info": "00 00 00 00"
    }, 
    "NAME - Base": "0exUdeUshipUtrapdoor [DOOR:01200049]", 
    "XTEL - Teleport Destination": {
        "Door": "[REFR:0184C85B]", 
        "Position/Rotation": {
            "Position": {
                "X": 3922.602783000000000, 
                "Y": 4156.418945000000000, 
                "Z": -273.424316000000000
            }, 
            "Rotation": {
                "X": 0.000000000000000, 
                "Y": 0.000000000000000, 
                "Z": 177.629600000000000
            }
        }
    }, 
    "DATA - Position/Rotation": {
        "Position": {
            "X": 74499.140625000000000, 
            "Y": -86132.375000000000000, 
            "Z": -78.408913000000000
        }, 
        "Rotation": {
            "X": 348.500000000000000, 
            "Y": 22.900000000000000, 
            "Z": 182.400000000000000
        }
    }
}
