{
    "Cell": " [CELL:01380001]", 
    "Record Header": {
        "Signature": "REFR", 
        "Data Size": 74, 
        "Record Flags": {
            "Quest item / Persistent reference / Show in Menu": true
        }, 
        "FormID": "01837047", 
        "Version Control Info": "00 00 00 00"
    }, 
    "NAME - Base": "0exUdeUshipUtrapdoor [DOOR:01200049]", 
    "XTEL - Teleport Destination": {
        "Door": "[REFR:0184C802]", 
        "Position/Rotation": {
            "Position": {
                "X": 3820.636719000000000, 
                "Y": 4785.236328000000000, 
                "Z": 14619.603516000000000
            }, 
            "Rotation": {
                "X": 0.000000000000000, 
                "Y": 0.000000000000000, 
                "Z": 166.200000000000000
            }
        }
    }, 
    "DATA - Position/Rotation": {
        "Position": {
            "X": 157299.437500000000000, 
            "Y": 51229.253906000000000, 
            "Z": 797.918030000000000
        }, 
        "Rotation": {
            "X": 342.800000000000000, 
            "Y": 11.400000000000000, 
            "Z": 165.200000000000000
        }
    }
}
