{
    "Cell": " [CELL:01380001]", 
    "Record Header": {
        "Signature": "REFR", 
        "Data Size": 74, 
        "Record Flags": {
            "Quest item / Persistent reference / Show in Menu": true
        }, 
        "FormID": "01832CEC", 
        "Version Control Info": "00 00 00 00"
    }, 
    "NAME - Base": "0ExUredoranUhutU01Ua [DOOR:01200001]", 
    "XTEL - Teleport Destination": {
        "Door": "[REFR:01853050]", 
        "Position/Rotation": {
            "Position": {
                "X": -2176.000000000000000, 
                "Y": 1792.000000000000000, 
                "Z": 932.000000000000000
            }, 
            "Rotation": {
                "X": 0.000000000000000, 
                "Y": 0.000000000000000, 
                "Z": 180.000000000000000
            }
        }
    }, 
    "DATA - Position/Rotation": {
        "Position": {
            "X": -18488.306641000000000, 
            "Y": 102849.406250000000000, 
            "Z": 2433.871094000000000
        }, 
        "Rotation": {
            "X": 0.000000000000000, 
            "Y": 0.000000000000000, 
            "Z": 65.600000000000000
        }
    }
}
