{
    "Cell": " [CELL:01380001]", 
    "Record Header": {
        "Signature": "REFR", 
        "Data Size": 74, 
        "Record Flags": {
            "Quest item / Persistent reference / Show in Menu": true
        }, 
        "FormID": "0183C425", 
        "Version Control Info": "00 00 00 00"
    }, 
    "NAME - Base": "0doorUcavernUdoors10 [DOOR:01200013]", 
    "XTEL - Teleport Destination": {
        "Door": "[REFR:0183652F]", 
        "Position/Rotation": {
            "Position": {
                "X": 2013.957031000000000, 
                "Y": 2309.413086000000000, 
                "Z": -25.075001000000000
            }, 
            "Rotation": {
                "X": 0.000000000000000, 
                "Y": 0.000000000000000, 
                "Z": 274.100000000000000
            }
        }
    }, 
    "DATA - Position/Rotation": {
        "Position": {
            "X": 58258.117187000000000, 
            "Y": 84702.132812000000000, 
            "Z": 1044.094971000000000
        }, 
        "Rotation": {
            "X": 0.000000000000000, 
            "Y": 0.000000000000000, 
            "Z": 68.800000000000000
        }
    }
}
