{
    "Cell": " [CELL:01380001]", 
    "Record Header": {
        "Signature": "REFR", 
        "Data Size": 84, 
        "Record Flags": {
            "Quest item / Persistent reference / Show in Menu": true
        }, 
        "FormID": "01837076", 
        "Version Control Info": "00 00 00 00"
    }, 
    "NAME - Base": "0ExUDEUshipUcabindoor [DOOR:01200070]", 
    "XTEL - Teleport Destination": {
        "Door": "[REFR:0184DACC]", 
        "Position/Rotation": {
            "Position": {
                "X": 4077.923340000000000, 
                "Y": 4173.256348000000000, 
                "Z": 15363.949219000000000
            }, 
            "Rotation": {
                "X": 34.000000000000000, 
                "Y": 0.000000000000000, 
                "Z": 100.000000000000000
            }
        }
    }, 
    "XSCL - Scale": 1.030000000000000, 
    "DATA - Position/Rotation": {
        "Position": {
            "X": 36090.832031000000000, 
            "Y": -119573.960937000000000, 
            "Z": 393.106934000000000
        }, 
        "Rotation": {
            "X": 17.800000000000000, 
            "Y": 0.000000000000000, 
            "Z": 90.000000000000000
        }
    }
}
