{
    "Cell": " [CELL:01380001]", 
    "Record Header": {
        "Signature": "REFR", 
        "Data Size": 74, 
        "Record Flags": {
            "Quest item / Persistent reference / Show in Menu": true
        }, 
        "FormID": "01830154", 
        "Version Control Info": "00 00 00 00"
    }, 
    "NAME - Base": "0ExUVUpalaceUgrateU02 [DOOR:0120007E]", 
    "XTEL - Teleport Destination": {
        "Door": "[REFR:01833426]", 
        "Position/Rotation": {
            "Position": {
                "X": 4640.000000000000000, 
                "Y": 3605.826904000000000, 
                "Z": -60.000000000000000
            }, 
            "Rotation": {
                "X": 0.000000000000000, 
                "Y": 0.000000000000000, 
                "Z": 180.000000000000000
            }
        }
    }, 
    "DATA - Position/Rotation": {
        "Position": {
            "X": 33751.914062000000000, 
            "Y": -106273.804687000000000, 
            "Z": 1332.282593000000000
        }, 
        "Rotation": {
            "X": 0.000000000000000, 
            "Y": 0.000000000000000, 
            "Z": 90.000000000000000
        }
    }
}
