{
    "Cell": " [CELL:01380001]", 
    "Record Header": {
        "Signature": "REFR", 
        "Data Size": 74, 
        "Record Flags": {
            "Quest item / Persistent reference / Show in Menu": true
        }, 
        "FormID": "0183B8FA", 
        "Version Control Info": "00 00 00 00"
    }, 
    "NAME - Base": "0doorUdwrvUload00 [DOOR:01200033]", 
    "XTEL - Teleport Destination": {
        "Door": "[REFR:0183EFCD]", 
        "Position/Rotation": {
            "Position": {
                "X": 0.000000000000000, 
                "Y": 0.000000000000000, 
                "Z": 4.000000000000000
            }, 
            "Rotation": {
                "X": 0.000000000000000, 
                "Y": 0.000000000000000, 
                "Z": 182.400000000000000
            }
        }
    }, 
    "DATA - Position/Rotation": {
        "Position": {
            "X": 26300.132812000000000, 
            "Y": 60943.171875000000000, 
            "Z": 11267.700195000000000
        }, 
        "Rotation": {
            "X": 0.000000000000000, 
            "Y": 0.000000000000000, 
            "Z": 351.400000000000000
        }
    }
}
