{
    "Cell": " [CELL:01380001]", 
    "Record Header": {
        "Signature": "REFR", 
        "Data Size": 74, 
        "Record Flags": {
            "Quest item / Persistent reference / Show in Menu": true
        }, 
        "FormID": "018329AC", 
        "Version Control Info": "00 00 00 00"
    }, 
    "NAME - Base": "0doorUdwrvUload00 [DOOR:01200033]", 
    "XTEL - Teleport Destination": {
        "Door": "[REFR:01832236]", 
        "Position/Rotation": {
            "Position": {
                "X": 560.000000000000000, 
                "Y": 1632.000000000000000, 
                "Z": -188.000000000000000
            }, 
            "Rotation": {
                "X": 0.000000000000000, 
                "Y": 0.000000000000000, 
                "Z": 270.000000000000000
            }
        }
    }, 
    "DATA - Position/Rotation": {
        "Position": {
            "X": -12009.479492000000000, 
            "Y": 88253.039062000000000, 
            "Z": 3671.313721000000000
        }, 
        "Rotation": {
            "X": 0.000000000000000, 
            "Y": 0.000000000000000, 
            "Z": 48.219800000000000
        }
    }
}
