{
    "Cell": " [CELL:01380001]", 
    "Record Header": {
        "Signature": "REFR", 
        "Data Size": 74, 
        "Record Flags": {
            "Quest item / Persistent reference / Show in Menu": true
        }, 
        "FormID": "0183709B", 
        "Version Control Info": "00 00 00 00"
    }, 
    "NAME - Base": "0exUdeUshipUtrapdoor [DOOR:01200049]", 
    "XTEL - Teleport Destination": {
        "Door": "[REFR:0184DA51]", 
        "Position/Rotation": {
            "Position": {
                "X": 4052.889893000000000, 
                "Y": 3998.216064000000000, 
                "Z": -599.070984000000000
            }, 
            "Rotation": {
                "X": 0.000000000000000, 
                "Y": 0.000000000000000, 
                "Z": 39.200000000000000
            }
        }
    }, 
    "DATA - Position/Rotation": {
        "Position": {
            "X": -74240.406250000000000, 
            "Y": 39160.722656000000000, 
            "Z": -493.825012000000000
        }, 
        "Rotation": {
            "X": 314.200000000000000, 
            "Y": 0.000000000000000, 
            "Z": 45.000000000000000
        }
    }
}
