{
    "Cell": " [CELL:01380001]", 
    "Record Header": {
        "Signature": "REFR", 
        "Data Size": 74, 
        "Record Flags": {
            "Quest item / Persistent reference / Show in Menu": true
        }, 
        "FormID": "01832CE9", 
        "Version Control Info": "00 00 00 00"
    }, 
    "NAME - Base": "0exUredoranUbarracksUdoor [DOOR:0120000D]", 
    "XTEL - Teleport Destination": {
        "Door": "[REFR:01839045]", 
        "Position/Rotation": {
            "Position": {
                "X": -54.316002000000000, 
                "Y": 0.121000000000000, 
                "Z": 20.000000000000000
            }, 
            "Rotation": {
                "X": 0.000000000000000, 
                "Y": 0.000000000000000, 
                "Z": 91.700000000000000
            }
        }
    }, 
    "DATA - Position/Rotation": {
        "Position": {
            "X": -22676.359375000000000, 
            "Y": 102663.703125000000000, 
            "Z": 2064.337891000000000
        }, 
        "Rotation": {
            "X": 0.000000000000000, 
            "Y": 0.000000000000000, 
            "Z": 244.900000000000000
        }
    }
}
