{
    "Cell": " [CELL:01380001]", 
    "Record Header": {
        "Signature": "REFR", 
        "Data Size": 74, 
        "Record Flags": {
            "Quest item / Persistent reference / Show in Menu": true
        }, 
        "FormID": "01830A25", 
        "Version Control Info": "00 00 00 00"
    }, 
    "NAME - Base": "0hlaalUloaddoorU01 [DOOR:0120001B]", 
    "XTEL - Teleport Destination": {
        "Door": "[REFR:018400E4]", 
        "Position/Rotation": {
            "Position": {
                "X": -1.792999000000000, 
                "Y": -252.036987000000000, 
                "Z": 25.660004000000000
            }, 
            "Rotation": {
                "X": 0.000000000000000, 
                "Y": 0.000000000000000, 
                "Z": 90.000000000000000
            }
        }
    }, 
    "DATA - Position/Rotation": {
        "Position": {
            "X": 54271.132812000000000, 
            "Y": -56132.921875000000000, 
            "Z": 1326.610962000000000
        }, 
        "Rotation": {
            "X": 0.000000000000000, 
            "Y": 0.000000000000000, 
            "Z": 230.700000000000000
        }
    }
}
