{
    "Cell": " [CELL:01380001]", 
    "Record Header": {
        "Signature": "REFR", 
        "Data Size": 84, 
        "Record Flags": {
            "Quest item / Persistent reference / Show in Menu": true
        }, 
        "FormID": "018497E8", 
        "Version Control Info": "00 00 00 00"
    }, 
    "NAME - Base": "0exUcaveUdoorU01 [DOOR:0120002F]", 
    "XTEL - Teleport Destination": {
        "Door": "[REFR:01849839]", 
        "Position/Rotation": {
            "Position": {
                "X": 5700.845215000000000, 
                "Y": 6356.055176000000000, 
                "Z": 8836.693359000000000
            }, 
            "Rotation": {
                "X": 0.000000000000000, 
                "Y": 0.000000000000000, 
                "Z": 0.000000000000000
            }
        }
    }, 
    "XSCL - Scale": 1.040000000000000, 
    "DATA - Position/Rotation": {
        "Position": {
            "X": -80357.164062000000000, 
            "Y": 99163.835938000000000, 
            "Z": 1394.402954000000000
        }, 
        "Rotation": {
            "X": 0.000000000000000, 
            "Y": 0.000000000000000, 
            "Z": 182.400000000000000
        }
    }
}
