{
    "Cell": " [CELL:01380001]", 
    "Record Header": {
        "Signature": "REFR", 
        "Data Size": 74, 
        "Record Flags": {
            "Quest item / Persistent reference / Show in Menu": true
        }, 
        "FormID": "0184984D", 
        "Version Control Info": "00 00 00 00"
    }, 
    "NAME - Base": "0inUvelothismallUndoorU01 [DOOR:01200043]", 
    "XTEL - Teleport Destination": {
        "Door": "[REFR:0182A2CF]", 
        "Position/Rotation": {
            "Position": {
                "X": 3065.649658000000000, 
                "Y": 2881.765137000000000, 
                "Z": 443.394989000000000
            }, 
            "Rotation": {
                "X": 0.000000000000000, 
                "Y": 0.000000000000000, 
                "Z": 180.026800000000000
            }
        }
    }, 
    "DATA - Position/Rotation": {
        "Position": {
            "X": 102741.273438000000000, 
            "Y": 78719.218750000000000, 
            "Z": 705.739136000000000
        }, 
        "Rotation": {
            "X": 0.000000000000000, 
            "Y": 0.000000000000000, 
            "Z": 268.370500000000000
        }
    }
}
