{
    "Cell": " [CELL:01380001]", 
    "Record Header": {
        "Signature": "REFR", 
        "Data Size": 84, 
        "Record Flags": {
            "Quest item / Persistent reference / Show in Menu": true
        }, 
        "FormID": "01846F49", 
        "Version Control Info": "00 00 00 00"
    }, 
    "NAME - Base": "0exUcaveUdoorU01 [DOOR:0120002F]", 
    "XTEL - Teleport Destination": {
        "Door": "[REFR:01846F6A]", 
        "Position/Rotation": {
            "Position": {
                "X": 42.290001000000000, 
                "Y": -4092.991943000000000, 
                "Z": 1052.844971000000000
            }, 
            "Rotation": {
                "X": 0.000000000000000, 
                "Y": 0.000000000000000, 
                "Z": 270.000000000000000
            }
        }
    }, 
    "XSCL - Scale": 1.050000000000000, 
    "DATA - Position/Rotation": {
        "Position": {
            "X": 127036.750000000000000, 
            "Y": -4564.619141000000000, 
            "Z": 906.545471000000000
        }, 
        "Rotation": {
            "X": 0.000000000000000, 
            "Y": 0.000000000000000, 
            "Z": 97.400000000000000
        }
    }
}
