{
    "Cell": " [CELL:01380001]", 
    "Record Header": {
        "Signature": "REFR", 
        "Data Size": 74, 
        "Record Flags": {
            "Quest item / Persistent reference / Show in Menu": true
        }, 
        "FormID": "01844D1F", 
        "Version Control Info": "00 00 00 00"
    }, 
    "NAME - Base": "0doorUcavernUdoors10 [DOOR:01200013]", 
    "XTEL - Teleport Destination": {
        "Door": "[REFR:018362FE]", 
        "Position/Rotation": {
            "Position": {
                "X": -1522.968018000000000, 
                "Y": 3034.895996000000000, 
                "Z": -476.579987000000000
            }, 
            "Rotation": {
                "X": 0.000000000000000, 
                "Y": 0.000000000000000, 
                "Z": 0.000000000000000
            }
        }
    }, 
    "DATA - Position/Rotation": {
        "Position": {
            "X": -721.270020000000000, 
            "Y": 28947.843750000000000, 
            "Z": 1471.767578000000000
        }, 
        "Rotation": {
            "X": 0.000000000000000, 
            "Y": 0.000000000000000, 
            "Z": 258.500000000000000
        }
    }
}
