{
    "Cell": " [CELL:01380001]", 
    "Record Header": {
        "Signature": "REFR", 
        "Data Size": 74, 
        "Record Flags": {
            "Quest item / Persistent reference / Show in Menu": true
        }, 
        "FormID": "0184984B", 
        "Version Control Info": "00 00 00 00"
    }, 
    "NAME - Base": "0exUvelothiUloaddoorU01 [DOOR:01200034]", 
    "XTEL - Teleport Destination": {
        "Door": "[REFR:0182DC70]", 
        "Position/Rotation": {
            "Position": {
                "X": 864.039551000000000, 
                "Y": 2112.658691000000000, 
                "Z": -684.346436000000000
            }, 
            "Rotation": {
                "X": 0.000000000000000, 
                "Y": 0.000000000000000, 
                "Z": 177.626800000000000
            }
        }
    }, 
    "DATA - Position/Rotation": {
        "Position": {
            "X": 123564.648437000000000, 
            "Y": -114633.796875000000000, 
            "Z": 320.855011000000000
        }, 
        "Rotation": {
            "X": 0.000000000000000, 
            "Y": 0.000000000000000, 
            "Z": 272.100000000000000
        }
    }
}
