{
    "Cell": " [CELL:01380001]", 
    "Record Header": {
        "Signature": "REFR", 
        "Data Size": 84, 
        "Record Flags": {
            "Quest item / Persistent reference / Show in Menu": true
        }, 
        "FormID": "01846F56", 
        "Version Control Info": "00 00 00 00"
    }, 
    "NAME - Base": "0exUcaveUdoorU01 [DOOR:0120002F]", 
    "XTEL - Teleport Destination": {
        "Door": "[REFR:01846F65]", 
        "Position/Rotation": {
            "Position": {
                "X": -3113.155518000000000, 
                "Y": 2057.590576000000000, 
                "Z": 679.189026000000000
            }, 
            "Rotation": {
                "X": 0.000000000000000, 
                "Y": 0.000000000000000, 
                "Z": 90.000000000000000
            }
        }
    }, 
    "XSCL - Scale": 1.020000000000000, 
    "DATA - Position/Rotation": {
        "Position": {
            "X": -28622.568359000000000, 
            "Y": -51326.917969000000000, 
            "Z": 1180.599365000000000
        }, 
        "Rotation": {
            "X": 355.702800000000000, 
            "Y": 2.864800000000000, 
            "Z": 25.735200000000000
        }
    }
}
