{
    "Cell": " [CELL:01380001]", 
    "Record Header": {
        "Signature": "REFR", 
        "Data Size": 74, 
        "Record Flags": {
            "Quest item / Persistent reference / Show in Menu": true
        }, 
        "FormID": "018430A8", 
        "Version Control Info": "00 00 00 00"
    }, 
    "NAME - Base": "0exUashlUdoorU02 [DOOR:01200039]", 
    "XTEL - Teleport Destination": {
        "Door": "[REFR:01843141]", 
        "Position/Rotation": {
            "Position": {
                "X": 4164.781250000000000, 
                "Y": 3979.441162000000000, 
                "Z": 15730.269531000000000
            }, 
            "Rotation": {
                "X": 0.000000000000000, 
                "Y": 0.000000000000000, 
                "Z": 0.000000000000000
            }
        }
    }, 
    "DATA - Position/Rotation": {
        "Position": {
            "X": 109216.000000000000000, 
            "Y": 70432.000000000000000, 
            "Z": 1336.847046000000000
        }, 
        "Rotation": {
            "X": 0.000000000000000, 
            "Y": 0.000000000000000, 
            "Z": 22.900000000000000
        }
    }
}
