{
    "Cell": " [CELL:01380001]", 
    "Record Header": {
        "Signature": "REFR", 
        "Data Size": 74, 
        "Record Flags": {
            "Quest item / Persistent reference / Show in Menu": true
        }, 
        "FormID": "0184C6ED", 
        "Version Control Info": "00 00 00 00"
    }, 
    "NAME - Base": "0exUdeUshipUtrapdoor [DOOR:01200049]", 
    "XTEL - Teleport Destination": {
        "Door": "[REFR:0184C7D5]", 
        "Position/Rotation": {
            "Position": {
                "X": 57.789932000000000, 
                "Y": -141.849594000000000, 
                "Z": -129.851608000000000
            }, 
            "Rotation": {
                "X": 0.000000000000000, 
                "Y": 0.000000000000000, 
                "Z": 6.692900000000000
            }
        }
    }, 
    "DATA - Position/Rotation": {
        "Position": {
            "X": 63129.230469000000000, 
            "Y": 184751.375000000000000, 
            "Z": 177.059006000000000
        }, 
        "Rotation": {
            "X": 0.000000000000000, 
            "Y": 0.000000000000000, 
            "Z": 315.000000000000000
        }
    }
}
