{
    "Cell": " [CELL:01380001]", 
    "Record Header": {
        "Signature": "REFR", 
        "Data Size": 74, 
        "Record Flags": {
            "Quest item / Persistent reference / Show in Menu": true
        }, 
        "FormID": "018430DA", 
        "Version Control Info": "00 00 00 00"
    }, 
    "NAME - Base": "0exUashlUdoorU02 [DOOR:01200039]", 
    "XTEL - Teleport Destination": {
        "Door": "[REFR:018431E5]", 
        "Position/Rotation": {
            "Position": {
                "X": -57.538200000000000, 
                "Y": 171.938675000000000, 
                "Z": -83.942436000000000
            }, 
            "Rotation": {
                "X": 0.000000000000000, 
                "Y": 0.000000000000000, 
                "Z": 174.752100000000000
            }
        }
    }, 
    "DATA - Position/Rotation": {
        "Position": {
            "X": 86793.921875000000000, 
            "Y": 101368.710938000000000, 
            "Z": 698.898254000000000
        }, 
        "Rotation": {
            "X": 0.000000000000000, 
            "Y": 0.000000000000000, 
            "Z": 231.570400000000000
        }
    }
}
