{
    "Cell": " [CELL:01380001]", 
    "Record Header": {
        "Signature": "REFR", 
        "Data Size": 74, 
        "Record Flags": {
            "Quest item / Persistent reference / Show in Menu": true
        }, 
        "FormID": "018496A5", 
        "Version Control Info": "00 00 00 00"
    }, 
    "NAME - Base": "0exUcaveUdoorU01 [DOOR:0120002F]", 
    "XTEL - Teleport Destination": {
        "Door": "[REFR:018496AD]", 
        "Position/Rotation": {
            "Position": {
                "X": -1782.135986000000000, 
                "Y": -1954.852051000000000, 
                "Z": -446.725006000000000
            }, 
            "Rotation": {
                "X": 0.000000000000000, 
                "Y": 0.000000000000000, 
                "Z": 0.000000000000000
            }
        }
    }, 
    "DATA - Position/Rotation": {
        "Position": {
            "X": -105985.140625000000000, 
            "Y": 94365.375000000000000, 
            "Z": -99.250999000000000
        }, 
        "Rotation": {
            "X": 0.000000000000000, 
            "Y": 348.500000000000000, 
            "Z": 86.000000000000000
        }
    }
}
