{
    "Cell": " [CELL:01380001]", 
    "Record Header": {
        "Signature": "REFR", 
        "Data Size": 74, 
        "Record Flags": {
            "Quest item / Persistent reference / Show in Menu": true
        }, 
        "FormID": "01840C70", 
        "Version Control Info": "00 00 00 00"
    }, 
    "NAME - Base": "0doorUcavernUdoors10 [DOOR:01200013]", 
    "XTEL - Teleport Destination": {
        "Door": "[REFR:01836460]", 
        "Position/Rotation": {
            "Position": {
                "X": -164.725906000000000, 
                "Y": 6843.934570000000000, 
                "Z": -853.476257000000000
            }, 
            "Rotation": {
                "X": 0.000000000000000, 
                "Y": 0.000000000000000, 
                "Z": 268.353600000000000
            }
        }
    }, 
    "DATA - Position/Rotation": {
        "Position": {
            "X": 34533.910156000000000, 
            "Y": 62323.632812000000000, 
            "Z": 9319.508789000000000
        }, 
        "Rotation": {
            "X": 0.000000000000000, 
            "Y": 0.000000000000000, 
            "Z": 11.500000000000000
        }
    }
}
