{
    "Cell": " [CELL:01380001]", 
    "Record Header": {
        "Signature": "REFR", 
        "Data Size": 74, 
        "Record Flags": {
            "Quest item / Persistent reference / Show in Menu": true
        }, 
        "FormID": "01843927", 
        "Version Control Info": "00 00 00 00"
    }, 
    "NAME - Base": "0ExUDeUShackUDoor [DOOR:0120002C]", 
    "XTEL - Teleport Destination": {
        "Door": "[REFR:01838D5C]", 
        "Position/Rotation": {
            "Position": {
                "X": -140.751007000000000, 
                "Y": -64.920998000000000, 
                "Z": 46.210999000000000
            }, 
            "Rotation": {
                "X": 0.000000000000000, 
                "Y": 0.000000000000000, 
                "Z": 1.700000000000000
            }
        }
    }, 
    "DATA - Position/Rotation": {
        "Position": {
            "X": 60390.652344000000000, 
            "Y": 184257.125000000000000, 
            "Z": 312.480988000000000
        }, 
        "Rotation": {
            "X": 0.000000000000000, 
            "Y": 0.000000000000000, 
            "Z": 90.000000000000000
        }
    }
}
