{
    "Cell": " [CELL:01380001]", 
    "Record Header": {
        "Signature": "REFR", 
        "Data Size": 74, 
        "Record Flags": {
            "Quest item / Persistent reference / Show in Menu": true
        }, 
        "FormID": "01849855", 
        "Version Control Info": "00 00 00 00"
    }, 
    "NAME - Base": "0exUvelothiUloaddoorU01 [DOOR:01200034]", 
    "XTEL - Teleport Destination": {
        "Door": "[REFR:0182A174]", 
        "Position/Rotation": {
            "Position": {
                "X": -391.125122000000000, 
                "Y": 511.601318000000000, 
                "Z": 475.955444000000000
            }, 
            "Rotation": {
                "X": 0.000000000000000, 
                "Y": 0.000000000000000, 
                "Z": 91.673300000000000
            }
        }
    }, 
    "DATA - Position/Rotation": {
        "Position": {
            "X": 7049.886230000000000, 
            "Y": 52293.562500000000000, 
            "Z": 9032.053711000000000
        }, 
        "Rotation": {
            "X": 0.000000000000000, 
            "Y": 0.000000000000000, 
            "Z": 5.766200000000000
        }
    }
}
