{
    "Cell": " [CELL:01380001]", 
    "Record Header": {
        "Signature": "REFR", 
        "Data Size": 74, 
        "Record Flags": {
            "Quest item / Persistent reference / Show in Menu": true
        }, 
        "FormID": "0184002E", 
        "Version Control Info": "00 00 00 00"
    }, 
    "NAME - Base": "0hlaaluUloaddoorUS02 [DOOR:0120001C]", 
    "XTEL - Teleport Destination": {
        "Door": "[REFR:018756FE]", 
        "Position/Rotation": {
            "Position": {
                "X": -18.211296000000000, 
                "Y": 68.175156000000000, 
                "Z": 24.919769000000000
            }, 
            "Rotation": {
                "X": 0.000000000000000, 
                "Y": 0.000000000000000, 
                "Z": 51.566200000000000
            }
        }
    }, 
    "DATA - Position/Rotation": {
        "Position": {
            "X": 53473.003906000000000, 
            "Y": -51821.011719000000000, 
            "Z": 314.759430000000000
        }, 
        "Rotation": {
            "X": 0.000000000000000, 
            "Y": 0.000000000000000, 
            "Z": 181.400000000000000
        }
    }
}
