{
    "Cell": " [CELL:01380001]", 
    "Record Header": {
        "Signature": "REFR", 
        "Data Size": 74, 
        "Record Flags": {
            "Quest item / Persistent reference / Show in Menu": true
        }, 
        "FormID": "0184389A", 
        "Version Control Info": "00 00 00 00"
    }, 
    "NAME - Base": "0exUashlUdoorU02 [DOOR:01200039]", 
    "XTEL - Teleport Destination": {
        "Door": "[REFR:0184391F]", 
        "Position/Rotation": {
            "Position": {
                "X": -30.838390000000000, 
                "Y": 133.754944000000000, 
                "Z": -83.818138000000000
            }, 
            "Rotation": {
                "X": 0.000000000000000, 
                "Y": 0.000000000000000, 
                "Z": 160.428200000000000
            }
        }
    }, 
    "DATA - Position/Rotation": {
        "Position": {
            "X": 13962.338867000000000, 
            "Y": 120589.601562000000000, 
            "Z": 805.281982000000000
        }, 
        "Rotation": {
            "X": 0.000000000000000, 
            "Y": 0.000000000000000, 
            "Z": 157.900000000000000
        }
    }
}
