{
    "Cell": " [CELL:01380001]", 
    "Record Header": {
        "Signature": "REFR", 
        "Data Size": 84, 
        "Record Flags": {
            "Quest item / Persistent reference / Show in Menu": true
        }, 
        "FormID": "018497E5", 
        "Version Control Info": "00 00 00 00"
    }, 
    "NAME - Base": "0exUcaveUdoorU01 [DOOR:0120002F]", 
    "XTEL - Teleport Destination": {
        "Door": "[REFR:018497F4]", 
        "Position/Rotation": {
            "Position": {
                "X": 647.803345000000000, 
                "Y": -1533.442383000000000, 
                "Z": -100.512718000000000
            }, 
            "Rotation": {
                "X": 0.000000000000000, 
                "Y": 0.000000000000000, 
                "Z": 269.316900000000000
            }
        }
    }, 
    "XSCL - Scale": 1.030000000000000, 
    "DATA - Position/Rotation": {
        "Position": {
            "X": 12709.854492000000000, 
            "Y": -53707.960937000000000, 
            "Z": 214.118378000000000
        }, 
        "Rotation": {
            "X": 0.000000000000000, 
            "Y": 0.000000000000000, 
            "Z": 193.800000000000000
        }
    }
}
