{
    "Cell": " [CELL:01380001]", 
    "Record Header": {
        "Signature": "REFR", 
        "Data Size": 74, 
        "Record Flags": {
            "Quest item / Persistent reference / Show in Menu": true
        }, 
        "FormID": "01849852", 
        "Version Control Info": "00 00 00 00"
    }, 
    "NAME - Base": "0inUvelothismallUndoorU01 [DOOR:01200043]", 
    "XTEL - Teleport Destination": {
        "Door": "[REFR:01828EC8]", 
        "Position/Rotation": {
            "Position": {
                "X": -2354.736084000000000, 
                "Y": 5113.247070000000000, 
                "Z": -166.917999000000000
            }, 
            "Rotation": {
                "X": 0.000000000000000, 
                "Y": 0.000000000000000, 
                "Z": 177.600000000000000
            }
        }
    }, 
    "DATA - Position/Rotation": {
        "Position": {
            "X": 63694.578125000000000, 
            "Y": -8016.881836000000000, 
            "Z": 946.999084000000000
        }, 
        "Rotation": {
            "X": 0.000000000000000, 
            "Y": 0.000000000000000, 
            "Z": 74.466200000000000
        }
    }
}
