{
    "Cell": " [CELL:01380001]", 
    "Record Header": {
        "Signature": "REFR", 
        "Data Size": 84, 
        "Record Flags": {
            "Quest item / Persistent reference / Show in Menu": true
        }, 
        "FormID": "01847571", 
        "Version Control Info": "00 00 00 00"
    }, 
    "NAME - Base": "0exUcaveUdoorU01 [DOOR:0120002F]", 
    "XTEL - Teleport Destination": {
        "Door": "[REFR:018475B3]", 
        "Position/Rotation": {
            "Position": {
                "X": -544.380432000000000, 
                "Y": -1840.175415000000000, 
                "Z": 548.000000000000000
            }, 
            "Rotation": {
                "X": 0.000000000000000, 
                "Y": 0.000000000000000, 
                "Z": 268.300000000000000
            }
        }
    }, 
    "XSCL - Scale": 1.040000000000000, 
    "DATA - Position/Rotation": {
        "Position": {
            "X": 85803.875000000000000, 
            "Y": -94978.757812000000000, 
            "Z": 335.210083000000000
        }, 
        "Rotation": {
            "X": 0.000000000000000, 
            "Y": 0.000000000000000, 
            "Z": 170.970400000000000
        }
    }
}
