{
    "Cell": " [CELL:01380001]", 
    "Record Header": {
        "Signature": "REFR", 
        "Data Size": 74, 
        "Record Flags": {
            "Quest item / Persistent reference / Show in Menu": true
        }, 
        "FormID": "01856F87", 
        "Version Control Info": "00 00 00 00"
    }, 
    "NAME - Base": "0exUvelothiUloaddoorU01 [DOOR:01200034]", 
    "XTEL - Teleport Destination": {
        "Door": "[REFR:0182A112]", 
        "Position/Rotation": {
            "Position": {
                "X": -0.579143000000000, 
                "Y": 2051.092773000000000, 
                "Z": 175.390930000000000
            }, 
            "Rotation": {
                "X": 0.000000000000000, 
                "Y": 0.000000000000000, 
                "Z": 88.326800000000000
            }
        }
    }, 
    "DATA - Position/Rotation": {
        "Position": {
            "X": 96742.523438000000000, 
            "Y": -59223.054687000000000, 
            "Z": 818.213989000000000
        }, 
        "Rotation": {
            "X": 0.000000000000000, 
            "Y": 0.000000000000000, 
            "Z": 0.000000000000000
        }
    }
}
