{
    "Cell": " [CELL:01380001]", 
    "Record Header": {
        "Signature": "REFR", 
        "Data Size": 74, 
        "Record Flags": {
            "Quest item / Persistent reference / Show in Menu": true
        }, 
        "FormID": "01854387", 
        "Version Control Info": "00 00 00 00"
    }, 
    "NAME - Base": "0exUvelothiUloaddoorU01 [DOOR:01200034]", 
    "XTEL - Teleport Destination": {
        "Door": "[REFR:018545F6]", 
        "Position/Rotation": {
            "Position": {
                "X": 2295.654541000000000, 
                "Y": -638.831177000000000, 
                "Z": -934.282227000000000
            }, 
            "Rotation": {
                "X": 0.000000000000000, 
                "Y": 0.000000000000000, 
                "Z": 270.000000000000000
            }
        }
    }, 
    "DATA - Position/Rotation": {
        "Position": {
            "X": 113141.640625000000000, 
            "Y": -62456.390625000000000, 
            "Z": 1885.728027000000000
        }, 
        "Rotation": {
            "X": 0.000000000000000, 
            "Y": 0.000000000000000, 
            "Z": 180.000000000000000
        }
    }
}
