{
    "Cell": " [CELL:01380001]", 
    "Record Header": {
        "Signature": "REFR", 
        "Data Size": 74, 
        "Record Flags": {
            "Quest item / Persistent reference / Show in Menu": true
        }, 
        "FormID": "01856C61", 
        "Version Control Info": "00 00 00 00"
    }, 
    "NAME - Base": "0ExUimpUloaddoorU02 [DOOR:0120000B]", 
    "XTEL - Teleport Destination": {
        "Door": "[REFR:0184C12D]", 
        "Position/Rotation": {
            "Position": {
                "X": -1608.427124000000000, 
                "Y": 1278.501709000000000, 
                "Z": -2279.456299000000000
            }, 
            "Rotation": {
                "X": 0.000000000000000, 
                "Y": 0.000000000000000, 
                "Z": 271.191500000000000
            }
        }
    }, 
    "DATA - Position/Rotation": {
        "Position": {
            "X": 78243.421875000000000, 
            "Y": 116066.679687000000000, 
            "Z": 835.932739000000000
        }, 
        "Rotation": {
            "X": 0.000000000000000, 
            "Y": 0.000000000000000, 
            "Z": 110.300000000000000
        }
    }
}
