{
    "Cell": " [CELL:01380001]", 
    "Record Header": {
        "Signature": "REFR", 
        "Data Size": 74, 
        "Record Flags": {
            "Quest item / Persistent reference / Show in Menu": true
        }, 
        "FormID": "0185E67C", 
        "Version Control Info": "00 00 00 00"
    }, 
    "NAME - Base": "0exUdaeUdoorUloadUoval [DOOR:01200037]", 
    "XTEL - Teleport Destination": {
        "Door": "[REFR:0185E7DF]", 
        "Position/Rotation": {
            "Position": {
                "X": 4280.187012000000000, 
                "Y": 4680.812012000000000, 
                "Z": 13014.276367000000000
            }, 
            "Rotation": {
                "X": 0.000000000000000, 
                "Y": 0.000000000000000, 
                "Z": 174.800000000000000
            }
        }
    }, 
    "DATA - Position/Rotation": {
        "Position": {
            "X": -41279.496094000000000, 
            "Y": 108708.820312000000000, 
            "Z": 3510.534912000000000
        }, 
        "Rotation": {
            "X": 0.000000000000000, 
            "Y": 0.000000000000000, 
            "Z": 83.100000000000000
        }
    }
}
