{
    "Cell": " [CELL:01380001]", 
    "Record Header": {
        "Signature": "REFR", 
        "Data Size": 74, 
        "Record Flags": {
            "Quest item / Persistent reference / Show in Menu": true
        }, 
        "FormID": "01871CE5", 
        "Version Control Info": "00 00 00 00"
    }, 
    "NAME - Base": "0exUvelothiUloaddoorU01 [DOOR:01200034]", 
    "XTEL - Teleport Destination": {
        "Door": "[REFR:0182A2DD]", 
        "Position/Rotation": {
            "Position": {
                "X": -2613.048340000000000, 
                "Y": 2900.472412000000000, 
                "Z": -554.443237000000000
            }, 
            "Rotation": {
                "X": 0.000000000000000, 
                "Y": 0.000000000000000, 
                "Z": 137.509900000000000
            }
        }
    }, 
    "DATA - Position/Rotation": {
        "Position": {
            "X": 72653.875000000000000, 
            "Y": 117488.367187000000000, 
            "Z": 872.838867000000000
        }, 
        "Rotation": {
            "X": 0.000000000000000, 
            "Y": 0.000000000000000, 
            "Z": 5.729600000000000
        }
    }
}
