{
    "Cell": " [CELL:01380001]", 
    "Record Header": {
        "Signature": "REFR", 
        "Data Size": 84, 
        "Record Flags": {
            "Quest item / Persistent reference / Show in Menu": true
        }, 
        "FormID": "0187318E", 
        "Version Control Info": "00 00 00 00"
    }, 
    "NAME - Base": "0doorUcavernUdoors20 [DOOR:01200017]", 
    "XTEL - Teleport Destination": {
        "Door": "[REFR:018731AE]", 
        "Position/Rotation": {
            "Position": {
                "X": -112.832718000000000, 
                "Y": -4687.947754000000000, 
                "Z": -1059.387695000000000
            }, 
            "Rotation": {
                "X": 0.000000000000000, 
                "Y": 0.000000000000000, 
                "Z": 0.000000000000000
            }
        }
    }, 
    "XSCL - Scale": 1.510000000000000, 
    "DATA - Position/Rotation": {
        "Position": {
            "X": -81119.843750000000000, 
            "Y": 114027.789062000000000, 
            "Z": -12.161458000000000
        }, 
        "Rotation": {
            "X": 0.000000000000000, 
            "Y": 0.000000000000000, 
            "Z": 123.540800000000000
        }
    }
}
