{
    "Cell": " [CELL:01380001]", 
    "Record Header": {
        "Signature": "REFR", 
        "Data Size": 74, 
        "Record Flags": {
            "Quest item / Persistent reference / Show in Menu": true
        }, 
        "FormID": "01871CFA", 
        "Version Control Info": "00 00 00 00"
    }, 
    "NAME - Base": "0ExUVUcantondoorU01 [DOOR:01200083]", 
    "XTEL - Teleport Destination": {
        "Door": "[REFR:01871E5D]", 
        "Position/Rotation": {
            "Position": {
                "X": -29.021727000000000, 
                "Y": -1534.738892000000000, 
                "Z": 53.737846000000000
            }, 
            "Rotation": {
                "X": 0.000000000000000, 
                "Y": 0.000000000000000, 
                "Z": 0.000000000000000
            }
        }
    }, 
    "DATA - Position/Rotation": {
        "Position": {
            "X": 22208.000000000000000, 
            "Y": -86137.078125000000000, 
            "Z": 2233.900391000000000
        }, 
        "Rotation": {
            "X": 0.000000000000000, 
            "Y": 0.000000000000000, 
            "Z": 90.000000000000000
        }
    }
}
