{
    "Cell": " [CELL:01380001]", 
    "Record Header": {
        "Signature": "REFR", 
        "Data Size": 74, 
        "Record Flags": {
            "Quest item / Persistent reference / Show in Menu": true
        }, 
        "FormID": "01871CDE", 
        "Version Control Info": "00 00 00 00"
    }, 
    "NAME - Base": "0exUvelothiUloaddoorU01 [DOOR:01200034]", 
    "XTEL - Teleport Destination": {
        "Door": "[REFR:01829DC7]", 
        "Position/Rotation": {
            "Position": {
                "X": 1853.587280000000000, 
                "Y": 779.172241000000000, 
                "Z": 670.527344000000000
            }, 
            "Rotation": {
                "X": 0.000000000000000, 
                "Y": 0.000000000000000, 
                "Z": 233.949300000000000
            }
        }
    }, 
    "DATA - Position/Rotation": {
        "Position": {
            "X": 18321.285156000000000, 
            "Y": -70178.609375000000000, 
            "Z": 144.895538000000000
        }, 
        "Rotation": {
            "X": 0.000000000000000, 
            "Y": 0.000000000000000, 
            "Z": 285.515500000000000
        }
    }
}
