{
    "Cell": " [CELL:01380001]", 
    "Record Header": {
        "Signature": "REFR", 
        "Data Size": 84, 
        "Record Flags": {
            "Quest item / Persistent reference / Show in Menu": true
        }, 
        "FormID": "01F0118F", 
        "Version Control Info": "00 00 00 00"
    }, 
    "NAME - Base": "0BMUKAUdoorUdark [DOOR:012000E1]", 
    "XTEL - Teleport Destination": {
        "Door": "[REFR:01F088B4]", 
        "Position/Rotation": {
            "Position": {
                "X": -8595.760742000000000, 
                "Y": 7967.682617000000000, 
                "Z": -2075.656250000000000
            }, 
            "Rotation": {
                "X": 0.000000000000000, 
                "Y": 0.000000000000000, 
                "Z": 176.653600000000000
            }
        }
    }, 
    "XSCL - Scale": 0.500000000000000, 
    "DATA - Position/Rotation": {
        "Position": {
            "X": -194535.546875000000000, 
            "Y": 224777.609375000000000, 
            "Z": -506.391205000000000
        }, 
        "Rotation": {
            "X": 341.000000000000000, 
            "Y": 0.000000000000000, 
            "Z": 348.540900000000000
        }
    }
}
