{
    "Cell": " [CELL:01380001]", 
    "Record Header": {
        "Signature": "REFR", 
        "Data Size": 74, 
        "Record Flags": {
            "Quest item / Persistent reference / Show in Menu": true
        }, 
        "FormID": "01F00510", 
        "Version Control Info": "00 00 00 00"
    }, 
    "NAME - Base": "0BMUICUdoorUpelt [DOOR:012000E9]", 
    "XTEL - Teleport Destination": {
        "Door": "[REFR:01F0A199]", 
        "Position/Rotation": {
            "Position": {
                "X": 1.600626000000000, 
                "Y": 443.140289000000000, 
                "Z": 201.948303000000000
            }, 
            "Rotation": {
                "X": 0.000000000000000, 
                "Y": 0.000000000000000, 
                "Z": 183.346500000000000
            }
        }
    }, 
    "DATA - Position/Rotation": {
        "Position": {
            "X": -208056.843750000000000, 
            "Y": 199495.609375000000000, 
            "Z": 112.059921000000000
        }, 
        "Rotation": {
            "X": 0.000000000000000, 
            "Y": 0.000000000000000, 
            "Z": 103.132400000000000
        }
    }
}
