{
    "Cell": " [CELL:01380001]", 
    "Record Header": {
        "Signature": "REFR", 
        "Data Size": 74, 
        "Record Flags": {
            "Quest item / Persistent reference / Show in Menu": true
        }, 
        "FormID": "01F00DEC", 
        "Version Control Info": "00 00 00 00"
    }, 
    "NAME - Base": "0ExUcolonyUdoor05cU4 [DOOR:012000D9]", 
    "XTEL - Teleport Destination": {
        "Door": "[REFR:01F07AE9]", 
        "Position/Rotation": {
            "Position": {
                "X": 575.080688000000000, 
                "Y": 162.568649000000000, 
                "Z": 27.212921000000000
            }, 
            "Rotation": {
                "X": 0.000000000000000, 
                "Y": 0.000000000000000, 
                "Z": 0.000000000000000
            }
        }
    }, 
    "DATA - Position/Rotation": {
        "Position": {
            "X": -193865.718750000000000, 
            "Y": 158911.421875000000000, 
            "Z": 875.363647000000000
        }, 
        "Rotation": {
            "X": 0.000000000000000, 
            "Y": 0.000000000000000, 
            "Z": 270.000000000000000
        }
    }
}
