{
    "Cell": " [CELL:01380001]", 
    "Record Header": {
        "Signature": "REFR", 
        "Data Size": 84, 
        "Record Flags": {
            "Quest item / Persistent reference / Show in Menu": true
        }, 
        "FormID": "01F002E5", 
        "Version Control Info": "00 00 00 00"
    }, 
    "NAME - Base": "0ExUBMUtombUdoorU02 [DOOR:012000CD]", 
    "XTEL - Teleport Destination": {
        "Door": "[REFR:01F0872A]", 
        "Position/Rotation": {
            "Position": {
                "X": 1.280300000000000, 
                "Y": -7.542447000000000, 
                "Z": -25.618507000000000
            }, 
            "Rotation": {
                "X": 0.000000000000000, 
                "Y": 0.000000000000000, 
                "Z": 183.346500000000000
            }
        }
    }, 
    "XSCL - Scale": 1.030000000000000, 
    "DATA - Position/Rotation": {
        "Position": {
            "X": -205811.156250000000000, 
            "Y": 169229.562500000000000, 
            "Z": 940.751953000000000
        }, 
        "Rotation": {
            "X": 0.000000000000000, 
            "Y": 0.000000000000000, 
            "Z": 143.239400000000000
        }
    }
}
