{
    "Cell": " [CELL:01380001]", 
    "Record Header": {
        "Signature": "REFR", 
        "Data Size": 74, 
        "Record Flags": {
            "Quest item / Persistent reference / Show in Menu": true
        }, 
        "FormID": "01F01A8D", 
        "Version Control Info": "00 00 00 00"
    }, 
    "NAME - Base": "0BMUICUdoorUpeltUdark [DOOR:012000EA]", 
    "XTEL - Teleport Destination": {
        "Door": "[REFR:01F092AB]", 
        "Position/Rotation": {
            "Position": {
                "X": -18.840851000000000, 
                "Y": -428.655273000000000, 
                "Z": -27.032974000000000
            }, 
            "Rotation": {
                "X": 0.000000000000000, 
                "Y": 0.000000000000000, 
                "Z": 0.000000000000000
            }
        }
    }, 
    "DATA - Position/Rotation": {
        "Position": {
            "X": -173345.265625000000000, 
            "Y": 187353.828125000000000, 
            "Z": 907.058044000000000
        }, 
        "Rotation": {
            "X": 0.000000000000000, 
            "Y": 0.000000000000000, 
            "Z": 180.000000000000000
        }
    }
}
