{
    "Cell": " [CELL:01380001]", 
    "Record Header": {
        "Signature": "REFR", 
        "Data Size": 74, 
        "Record Flags": {
            "Quest item / Persistent reference / Show in Menu": true
        }, 
        "FormID": "01F02E83", 
        "Version Control Info": "00 00 00 00"
    }, 
    "NAME - Base": "0ExUBMUtombUdoorU03 [DOOR:012000CC]", 
    "XTEL - Teleport Destination": {
        "Door": "[REFR:01F0919C]", 
        "Position/Rotation": {
            "Position": {
                "X": 9.768230000000000, 
                "Y": 21.016800000000000, 
                "Z": -32.791328000000000
            }, 
            "Rotation": {
                "X": 0.000000000000000, 
                "Y": 0.000000000000000, 
                "Z": 177.616900000000000
            }
        }
    }, 
    "DATA - Position/Rotation": {
        "Position": {
            "X": -149466.562500000000000, 
            "Y": 184518.359375000000000, 
            "Z": 1632.545898000000000
        }, 
        "Rotation": {
            "X": 0.000000000000000, 
            "Y": 0.000000000000000, 
            "Z": 308.433900000000000
        }
    }
}
