{
    "Cell": " [CELL:01380001]", 
    "Record Header": {
        "Signature": "REFR", 
        "Data Size": 84, 
        "Record Flags": {
            "Quest item / Persistent reference / Show in Menu": true
        }, 
        "FormID": "01F02700", 
        "Version Control Info": "00 00 00 00"
    }, 
    "NAME - Base": "0BMUKAUdoorUdark [DOOR:012000E1]", 
    "XTEL - Teleport Destination": {
        "Door": "[REFR:01F08AAC]", 
        "Position/Rotation": {
            "Position": {
                "X": -127.657364000000000, 
                "Y": -336.940491000000000, 
                "Z": -60.000000000000000
            }, 
            "Rotation": {
                "X": 0.000000000000000, 
                "Y": 0.000000000000000, 
                "Z": 342.811300000000000
            }
        }
    }, 
    "XSCL - Scale": 0.500000000000000, 
    "DATA - Position/Rotation": {
        "Position": {
            "X": -163212.343750000000000, 
            "Y": 193267.640625000000000, 
            "Z": -1117.466187000000000
        }, 
        "Rotation": {
            "X": 0.000000000000000, 
            "Y": 0.000000000000000, 
            "Z": 279.786000000000000
        }
    }
}
