{
    "Cell": " [CELL:01380001]", 
    "Record Header": {
        "Signature": "REFR", 
        "Data Size": 74, 
        "Record Flags": {
            "Quest item / Persistent reference / Show in Menu": true
        }, 
        "FormID": "01F00F3D", 
        "Version Control Info": "00 00 00 00"
    }, 
    "NAME - Base": "0BMUICUdoorUpeltUdark [DOOR:012000EA]", 
    "XTEL - Teleport Destination": {
        "Door": "[REFR:01F09660]", 
        "Position/Rotation": {
            "Position": {
                "X": -20.127003000000000, 
                "Y": -350.820770000000000, 
                "Z": -51.846100000000000
            }, 
            "Rotation": {
                "X": 0.000000000000000, 
                "Y": 0.000000000000000, 
                "Z": 0.000000000000000
            }
        }
    }, 
    "DATA - Position/Rotation": {
        "Position": {
            "X": -193185.171875000000000, 
            "Y": 177926.484375000000000, 
            "Z": 1186.342651000000000
        }, 
        "Rotation": {
            "X": 11.459200000000000, 
            "Y": 0.000000000000000, 
            "Z": 274.056400000000000
        }
    }
}
