{
    "Cell": " [CELL:01380001]", 
    "Record Header": {
        "Signature": "REFR", 
        "Data Size": 84, 
        "Record Flags": {
            "Quest item / Persistent reference / Show in Menu": true
        }, 
        "FormID": "01F01BF3", 
        "Version Control Info": "00 00 00 00"
    }, 
    "NAME - Base": "0BMUKAUdoorUdark [DOOR:012000E1]", 
    "XTEL - Teleport Destination": {
        "Door": "[REFR:01F0980D]", 
        "Position/Rotation": {
            "Position": {
                "X": -169.285263000000000, 
                "Y": -272.556183000000000, 
                "Z": -60.000000000000000
            }, 
            "Rotation": {
                "X": 0.000000000000000, 
                "Y": 0.000000000000000, 
                "Z": 0.000000000000000
            }
        }
    }, 
    "XSCL - Scale": 0.510000000000000, 
    "DATA - Position/Rotation": {
        "Position": {
            "X": -173547.000000000000000, 
            "Y": 205876.687500000000000, 
            "Z": 55.160622000000000
        }, 
        "Rotation": {
            "X": 354.270400000000000, 
            "Y": 17.188700000000000, 
            "Z": 270.000000000000000
        }
    }
}
