{
    "Cell": " [CELL:01380001]", 
    "Record Header": {
        "Signature": "REFR", 
        "Data Size": 84, 
        "Record Flags": {
            "Quest item / Persistent reference / Show in Menu": true
        }, 
        "FormID": "01F026FF", 
        "Version Control Info": "00 00 00 00"
    }, 
    "NAME - Base": "0BMUKAUdoorUdarkUudyr [DOOR:012000F6]", 
    "XTEL - Teleport Destination": {
        "Door": "[REFR:01F0979E]", 
        "Position/Rotation": {
            "Position": {
                "X": -102.985909000000000, 
                "Y": -354.810944000000000, 
                "Z": -47.744545000000000
            }, 
            "Rotation": {
                "X": 0.000000000000000, 
                "Y": 0.000000000000000, 
                "Z": 0.000000000000000
            }
        }
    }, 
    "XSCL - Scale": 0.500000000000000, 
    "DATA - Position/Rotation": {
        "Position": {
            "X": -158864.187500000000000, 
            "Y": 189515.390625000000000, 
            "Z": 43.307800000000000
        }, 
        "Rotation": {
            "X": 5.729600000000000, 
            "Y": 342.811300000000000, 
            "Z": 257.000000000000000
        }
    }
}
