{
    "Cell": " [CELL:01380001]", 
    "Record Header": {
        "Signature": "REFR", 
        "Data Size": 84, 
        "Record Flags": {
            "Quest item / Persistent reference / Show in Menu": true
        }, 
        "FormID": "01F018D3", 
        "Version Control Info": "00 00 00 00"
    }, 
    "NAME - Base": "0BMUKAUdoorUdark [DOOR:012000E1]", 
    "XTEL - Teleport Destination": {
        "Door": "[REFR:01F0944B]", 
        "Position/Rotation": {
            "Position": {
                "X": -240.709671000000000, 
                "Y": -403.981842000000000, 
                "Z": -60.000000000000000
            }, 
            "Rotation": {
                "X": 0.000000000000000, 
                "Y": 0.000000000000000, 
                "Z": 331.352100000000000
            }
        }
    }, 
    "XSCL - Scale": 0.500000000000000, 
    "DATA - Position/Rotation": {
        "Position": {
            "X": -177495.015625000000000, 
            "Y": 159693.875000000000000, 
            "Z": 649.727661000000000
        }, 
        "Rotation": {
            "X": 348.500000000000000, 
            "Y": 21.500000000000000, 
            "Z": 268.326900000000000
        }
    }
}
