{
    "Cell": " [CELL:01380001]", 
    "Record Header": {
        "Signature": "REFR", 
        "Data Size": 74, 
        "Record Flags": {
            "Quest item / Persistent reference / Show in Menu": true
        }, 
        "FormID": "01F00745", 
        "Version Control Info": "00 00 00 00"
    }, 
    "NAME - Base": "0ExUcolonyUdoor02U2 [DOOR:012000D3]", 
    "XTEL - Teleport Destination": {
        "Door": "[REFR:01F0800D]", 
        "Position/Rotation": {
            "Position": {
                "X": 90.589119000000000, 
                "Y": -160.853790000000000, 
                "Z": 28.543701000000000
            }, 
            "Rotation": {
                "X": 0.000000000000000, 
                "Y": 0.000000000000000, 
                "Z": 0.000000000000000
            }
        }
    }, 
    "DATA - Position/Rotation": {
        "Position": {
            "X": -200126.203125000000000, 
            "Y": 161244.171875000000000, 
            "Z": 1091.471313000000000
        }, 
        "Rotation": {
            "X": 0.000000000000000, 
            "Y": 0.000000000000000, 
            "Z": 0.000000000000000
        }
    }
}
