{
    "Cell": " [CELL:01380001]", 
    "Record Header": {
        "Signature": "REFR", 
        "Data Size": 74, 
        "Record Flags": {
            "Quest item / Persistent reference / Show in Menu": true
        }, 
        "FormID": "01F024A8", 
        "Version Control Info": "00 00 00 00"
    }, 
    "NAME - Base": "0ExUBMUtombUdoorU01 [DOOR:012000CE]", 
    "XTEL - Teleport Destination": {
        "Door": "[REFR:01F09C64]", 
        "Position/Rotation": {
            "Position": {
                "X": 21.271238000000000, 
                "Y": 51.430611000000000, 
                "Z": -81.246567000000000
            }, 
            "Rotation": {
                "X": 0.000000000000000, 
                "Y": 0.000000000000000, 
                "Z": 177.616900000000000
            }
        }
    }, 
    "DATA - Position/Rotation": {
        "Position": {
            "X": -161876.750000000000000, 
            "Y": 161820.250000000000000, 
            "Z": 1158.902466000000000
        }, 
        "Rotation": {
            "X": 0.000000000000000, 
            "Y": 0.000000000000000, 
            "Z": 177.616900000000000
        }
    }
}
