{
    "Cell": " [CELL:01380001]", 
    "Record Header": {
        "Signature": "REFR", 
        "Data Size": 84, 
        "Record Flags": {
            "Quest item / Persistent reference / Show in Menu": true
        }, 
        "FormID": "01F02AB2", 
        "Version Control Info": "00 00 00 00"
    }, 
    "NAME - Base": "0ExUSUdoorUdouble [DOOR:012000C0]", 
    "XTEL - Teleport Destination": {
        "Door": "[REFR:01F0846A]", 
        "Position/Rotation": {
            "Position": {
                "X": -10.122254000000000, 
                "Y": 777.457825000000000, 
                "Z": -232.676575000000000
            }, 
            "Rotation": {
                "X": 0.000000000000000, 
                "Y": 0.000000000000000, 
                "Z": 180.000000000000000
            }
        }
    }, 
    "XSCL - Scale": 0.950000000000000, 
    "DATA - Position/Rotation": {
        "Position": {
            "X": -159149.562500000000000, 
            "Y": 213432.968750000000000, 
            "Z": 3045.127441000000000
        }, 
        "Rotation": {
            "X": 0.000000000000000, 
            "Y": 0.000000000000000, 
            "Z": 180.000000000000000
        }
    }
}
