{
    "Cell": " [CELL:01380001]", 
    "Record Header": {
        "Signature": "REFR", 
        "Data Size": 74, 
        "Record Flags": {
            "Quest item / Persistent reference / Show in Menu": true
        }, 
        "FormID": "01F00DE2", 
        "Version Control Info": "00 00 00 00"
    }, 
    "NAME - Base": "0ExUcolonyUdoor04U2 [DOOR:012000D0]", 
    "XTEL - Teleport Destination": {
        "Door": "[REFR:01F07E46]", 
        "Position/Rotation": {
            "Position": {
                "X": -40.753498000000000, 
                "Y": 115.741013000000000, 
                "Z": 54.140724000000000
            }, 
            "Rotation": {
                "X": 0.000000000000000, 
                "Y": 0.000000000000000, 
                "Z": 180.000000000000000
            }
        }
    }, 
    "DATA - Position/Rotation": {
        "Position": {
            "X": -196533.765625000000000, 
            "Y": 159346.437500000000000, 
            "Z": 751.510620000000000
        }, 
        "Rotation": {
            "X": 0.000000000000000, 
            "Y": 0.000000000000000, 
            "Z": 135.000000000000000
        }
    }
}
