{
    "Cell": " [CELL:01380001]", 
    "Record Header": {
        "Signature": "REFR", 
        "Data Size": 84, 
        "Record Flags": {
            "Quest item / Persistent reference / Show in Menu": true
        }, 
        "FormID": "01F029E5", 
        "Version Control Info": "00 00 00 00"
    }, 
    "NAME - Base": "0exUSUdoorUrounded [DOOR:012000C1]", 
    "XTEL - Teleport Destination": {
        "Door": "[REFR:01F08206]", 
        "Position/Rotation": {
            "Position": {
                "X": -202.278946000000000, 
                "Y": -331.664490000000000, 
                "Z": -241.550217000000000
            }, 
            "Rotation": {
                "X": 0.000000000000000, 
                "Y": 0.000000000000000, 
                "Z": 28.647900000000000
            }
        }
    }, 
    "XSCL - Scale": 1.050000000000000, 
    "DATA - Position/Rotation": {
        "Position": {
            "X": -160810.421875000000000, 
            "Y": 212151.671875000000000, 
            "Z": 3080.237305000000000
        }, 
        "Rotation": {
            "X": 0.000000000000000, 
            "Y": 0.000000000000000, 
            "Z": 211.031000000000000
        }
    }
}
