{
    "Cell": " [CELL:01380001]", 
    "Record Header": {
        "Signature": "REFR", 
        "Data Size": 74, 
        "Record Flags": {
            "Quest item / Persistent reference / Show in Menu": true
        }, 
        "FormID": "01F8EB67", 
        "Version Control Info": "00 00 00 00"
    }, 
    "NAME - Base": "PrisonMarker [DOOR:00000004]", 
    "XTEL - Teleport Destination": {
        "Door": "[REFR:01F8EB50]", 
        "Position/Rotation": {
            "Position": {
                "X": 4101.970215000000000, 
                "Y": 2929.564941000000000, 
                "Z": 15756.278320000000000
            }, 
            "Rotation": {
                "X": 0.000000000000000, 
                "Y": 0.000000000000000, 
                "Z": 0.000000000000000
            }
        }
    }, 
    "DATA - Position/Rotation": {
        "Position": {
            "X": 110627.718750000000000, 
            "Y": -59944.507812000000000, 
            "Z": 1873.614990000000000
        }, 
        "Rotation": {
            "X": 0.000000000000000, 
            "Y": 0.000000000000000, 
            "Z": 0.000000000000000
        }
    }
}
