{
    "Cell": " [CELL:01380001]", 
    "Record Header": {
        "Signature": "REFR", 
        "Data Size": 74, 
        "Record Flags": {
            "Quest item / Persistent reference / Show in Menu": true
        }, 
        "FormID": "01F8E63E", 
        "Version Control Info": "00 00 00 00"
    }, 
    "NAME - Base": "0ExUimpUloaddoorU02 [DOOR:0120000B]", 
    "XTEL - Teleport Destination": {
        "Door": "[REFR:01F0AAAF]", 
        "Position/Rotation": {
            "Position": {
                "X": 706.933105000000000, 
                "Y": 379.547333000000000, 
                "Z": -952.397461000000000
            }, 
            "Rotation": {
                "X": 0.000000000000000, 
                "Y": 0.000000000000000, 
                "Z": 180.000100000000000
            }
        }
    }, 
    "DATA - Position/Rotation": {
        "Position": {
            "X": -57052.480469000000000, 
            "Y": -85828.578125000000000, 
            "Z": 561.393005000000000
        }, 
        "Rotation": {
            "X": 0.000000000000000, 
            "Y": 0.000000000000000, 
            "Z": 90.000000000000000
        }
    }
}
