{
    "Cell": " [CELL:01380001]", 
    "Record Header": {
        "Signature": "REFR", 
        "Data Size": 74, 
        "Record Flags": {
            "Quest item / Persistent reference / Show in Menu": true
        }, 
        "FormID": "01F8BD48", 
        "Version Control Info": "00 00 00 00"
    }, 
    "NAME - Base": "PrisonMarker [DOOR:00000004]", 
    "XTEL - Teleport Destination": {
        "Door": "[REFR:01F8BD41]", 
        "Position/Rotation": {
            "Position": {
                "X": 1009.433594000000000, 
                "Y": 1737.461792000000000, 
                "Z": -293.729645000000000
            }, 
            "Rotation": {
                "X": 0.000000000000000, 
                "Y": 0.000000000000000, 
                "Z": 0.000000000000000
            }
        }
    }, 
    "DATA - Position/Rotation": {
        "Position": {
            "X": 14074.712891000000000, 
            "Y": -100745.835938000000000, 
            "Z": 837.248962000000000
        }, 
        "Rotation": {
            "X": 0.000000000000000, 
            "Y": 0.000000000000000, 
            "Z": 0.000000000000000
        }
    }
}
