{
    "Cell": " [CELL:01380001]", 
    "Record Header": {
        "Signature": "REFR", 
        "Data Size": 74, 
        "Record Flags": {
            "Quest item / Persistent reference / Show in Menu": true
        }, 
        "FormID": "01F8EB6B", 
        "Version Control Info": "00 00 00 00"
    }, 
    "NAME - Base": "PrisonMarker [DOOR:00000004]", 
    "XTEL - Teleport Destination": {
        "Door": "[REFR:01F8EB40]", 
        "Position/Rotation": {
            "Position": {
                "X": -783.434509000000000, 
                "Y": 211.448303000000000, 
                "Z": -38.179394000000000
            }, 
            "Rotation": {
                "X": 0.000000000000000, 
                "Y": 0.000000000000000, 
                "Z": 0.000000000000000
            }
        }
    }, 
    "DATA - Position/Rotation": {
        "Position": {
            "X": 29121.531250000000000, 
            "Y": -88650.703125000000000, 
            "Z": 1865.330566000000000
        }, 
        "Rotation": {
            "X": 0.000000000000000, 
            "Y": 0.000000000000000, 
            "Z": 0.000000000000000
        }
    }
}
