{
    "Cell": "EbonheartVSHawkmothSTowers [CELL:014801A8]", 
    "Record Header": {
        "Signature": "REFR", 
        "Data Size": 74, 
        "Record Flags": {
            "Quest item / Persistent reference / Show in Menu": true
        }, 
        "FormID": "01824DDC", 
        "Version Control Info": "00 00 00 00"
    }, 
    "NAME - Base": "0inUimpsmallUtrapdoorU01a [DOOR:01200003]", 
    "XTEL - Teleport Destination": {
        "Door": "[REFR:0181EAD1]", 
        "Position/Rotation": {
            "Position": {
                "X": 15673.878906000000000, 
                "Y": -101418.015625000000000, 
                "Z": 1556.000000000000000
            }, 
            "Rotation": {
                "X": 0.000000000000000, 
                "Y": 0.000000000000000, 
                "Z": 270.000000000000000
            }
        }
    }, 
    "DATA - Position/Rotation": {
        "Position": {
            "X": 3562.941162000000000, 
            "Y": -530.554504000000000, 
            "Z": 576.000000000000000
        }, 
        "Rotation": {
            "X": 0.000000000000000, 
            "Y": 0.000000000000000, 
            "Z": 90.000000000000000
        }
    }
}
