{
    "Cell": " [CELL:014C0B56]", 
    "Record Header": {
        "Signature": "REFR", 
        "Data Size": 68, 
        "Record Flags": {
            "Visible when distant": true
        }, 
        "FormID": "01845461", 
        "Version Control Info": "00 00 00 00"
    }, 
    "NAME - Base": "0ExUTUmenhirULU01 [STAT:010C0429]", 
    "XLOD - Distant LOD Data": {
        "Unknown #0": 0.000000000000000, 
        "Unknown #1": 0.000000000000000, 
        "Unknown #2": 1.000000000000000
    }, 
    "XSCL - Scale": 2.000000000000000, 
    "DATA - Position/Rotation": {
        "Position": {
            "X": 25061.423828000000000, 
            "Y": 179980.703125000000000, 
            "Z": 392.108032000000000
        }, 
        "Rotation": {
            "X": 5.729500000000000, 
            "Y": 0.000000000000000, 
            "Z": 176.653600000000000
        }
    }
}
