{
    "Cell": " [CELL:014C0FCA]", 
    "Record Header": {
        "Signature": "REFR", 
        "Data Size": 58, 
        "Record Flags": {
            "Visible when distant": true
        }, 
        "FormID": "0180A913", 
        "Version Control Info": "00 00 00 00"
    }, 
    "NAME - Base": "0terrainUrockUwgU11 [STAT:010C0490]", 
    "XLOD - Distant LOD Data": {
        "Unknown #0": 0.000000000000000, 
        "Unknown #1": 0.000000000000000, 
        "Unknown #2": 1.000000000000000
    }, 
    "DATA - Position/Rotation": {
        "Position": {
            "X": -23027.667969000000000, 
            "Y": 30214.742187000000000, 
            "Z": 591.647827000000000
        }, 
        "Rotation": {
            "X": 331.352100000000000, 
            "Y": 17.188700000000000, 
            "Z": 0.000000000000000
        }
    }
}
