{
    "Cell": "ThalasSAncestralSTomb [CELL:014803C0]", 
    "Record Header": {
        "Signature": "REFR", 
        "Data Size": 84, 
        "Record Flags": {
            "Quest item / Persistent reference / Show in Menu": true
        }, 
        "FormID": "01854A37", 
        "Version Control Info": "00 00 00 00"
    }, 
    "NAME - Base": "0inUvelothismallUndoorU01 [DOOR:01200043]", 
    "XTEL - Teleport Destination": {
        "Door": "[REFR:0182DC38]", 
        "Position/Rotation": {
            "Position": {
                "X": 9668.222656000000000, 
                "Y": 4624.026855000000000, 
                "Z": 1766.484985000000000
            }, 
            "Rotation": {
                "X": 0.000000000000000, 
                "Y": 0.000000000000000, 
                "Z": 50.700000000000000
            }
        }
    }, 
    "XSCL - Scale": 1.010000000000000, 
    "DATA - Position/Rotation": {
        "Position": {
            "X": 1184.151978000000000, 
            "Y": -1144.312988000000000, 
            "Z": -288.338837000000000
        }, 
        "Rotation": {
            "X": 0.000000000000000, 
            "Y": 0.000000000000000, 
            "Z": 90.000000000000000
        }
    }
}
