{
    "Cell": " [CELL:014C1446]", 
    "Record Header": {
        "Signature": "REFR", 
        "Data Size": 68, 
        "Record Flags": {
            "Visible when distant": true
        }, 
        "FormID": "018627CB", 
        "Version Control Info": "00 00 00 00"
    }, 
    "NAME - Base": "0terrainUrockUwgU11 [STAT:010C0490]", 
    "XLOD - Distant LOD Data": {
        "Unknown #0": 0.000000000000000, 
        "Unknown #1": 0.000000000000000, 
        "Unknown #2": 1.000000000000000
    }, 
    "XSCL - Scale": 2.000000000000000, 
    "DATA - Position/Rotation": {
        "Position": {
            "X": -87133.734375000000000, 
            "Y": 137217.093750000000000, 
            "Z": -1027.113892000000000
        }, 
        "Rotation": {
            "X": 11.459200000000000, 
            "Y": 11.459200000000000, 
            "Z": 34.377500000000000
        }
    }
}
