{
    "Cell": " [CELL:014C0E87]", 
    "Record Header": {
        "Signature": "REFR", 
        "Data Size": 58, 
        "Record Flags": {
            "Visible when distant": true
        }, 
        "FormID": "0182EF85", 
        "Version Control Info": "00 00 00 00"
    }, 
    "NAME - Base": "0terrainUrockUrmU19 [STAT:010C04EE]", 
    "XLOD - Distant LOD Data": {
        "Unknown #0": 0.000000000000000, 
        "Unknown #1": 0.000000000000000, 
        "Unknown #2": 1.000000000000000
    }, 
    "DATA - Position/Rotation": {
        "Position": {
            "X": -778.730835000000000, 
            "Y": -25142.697266000000000, 
            "Z": 2096.275635000000000
        }, 
        "Rotation": {
            "X": 17.188700000000000, 
            "Y": 348.540900000000000, 
            "Z": 246.371800000000000
        }
    }
}
