{
    "Cell": " [CELL:014C0944]", 
    "Record Header": {
        "Signature": "REFR", 
        "Data Size": 68, 
        "Record Flags": {
            "Visible when distant": true
        }, 
        "FormID": "018452BF", 
        "Version Control Info": "00 00 00 00"
    }, 
    "NAME - Base": "0ExUTUmenhirULU01 [STAT:010C0429]", 
    "XLOD - Distant LOD Data": {
        "Unknown #0": 0.000000000000000, 
        "Unknown #1": 0.000000000000000, 
        "Unknown #2": 1.000000000000000
    }, 
    "XSCL - Scale": 1.620000000000000, 
    "DATA - Position/Rotation": {
        "Position": {
            "X": 52280.554687000000000, 
            "Y": 166402.921875000000000, 
            "Z": 629.578857000000000
        }, 
        "Rotation": {
            "X": 5.700000000000000, 
            "Y": 0.000000000000000, 
            "Z": 159.462000000000000
        }
    }
}
