{
    "Cell": "SolstheimVSCastleSKarstaagVSTower [CELL:0148055F]", 
    "Record Header": {
        "Signature": "REFR", 
        "Data Size": 84, 
        "Record Flags": {
            "Quest item / Persistent reference / Show in Menu": true
        }, 
        "FormID": "01F0899A", 
        "Version Control Info": "00 00 00 00"
    }, 
    "NAME - Base": "0BMUKAUdoorUdark [DOOR:012000E1]", 
    "XTEL - Teleport Destination": {
        "Door": "[REFR:01F01163]", 
        "Position/Rotation": {
            "Position": {
                "X": -194344.703125000000000, 
                "Y": 219288.609375000000000, 
                "Z": 2587.597168000000000
            }, 
            "Rotation": {
                "X": 0.000000000000000, 
                "Y": 0.000000000000000, 
                "Z": 159.464800000000000
            }
        }
    }, 
    "XSCL - Scale": 0.700000000000000, 
    "DATA - Position/Rotation": {
        "Position": {
            "X": -84.380844000000000, 
            "Y": -447.090393000000000, 
            "Z": -275.688965000000000
        }, 
        "Rotation": {
            "X": 0.000000000000000, 
            "Y": 0.000000000000000, 
            "Z": 17.188700000000000
        }
    }
}
