{
    "Cell": "Falasmaryon00 [CELL:014C0EEC]", 
    "Record Header": {
        "Signature": "REFR", 
        "Data Size": 58, 
        "Record Flags": {
            "Visible when distant": true
        }, 
        "FormID": "0181B232", 
        "Version Control Info": "00 00 00 00"
    }, 
    "NAME - Base": "0exUstrongholdUpylon01 [STAT:010C005B]", 
    "XLOD - Distant LOD Data": {
        "Unknown #0": 0.000000000000000, 
        "Unknown #1": 0.000000000000000, 
        "Unknown #2": 1.000000000000000
    }, 
    "DATA - Position/Rotation": {
        "Position": {
            "X": -13435.867187000000000, 
            "Y": 126426.554687000000000, 
            "Z": 1047.322144000000000
        }, 
        "Rotation": {
            "X": 0.000000000000000, 
            "Y": 0.000000000000000, 
            "Z": 193.842300000000000
        }
    }
}
