{
    "Cell": " [CELL:014C080E]", 
    "Record Header": {
        "Signature": "REFR", 
        "Data Size": 68, 
        "Record Flags": {
            "Visible when distant": true
        }, 
        "FormID": "018753AB", 
        "Version Control Info": "00 00 00 00"
    }, 
    "NAME - Base": "0terrainUrockUrmU17 [STAT:010C04EC]", 
    "XLOD - Distant LOD Data": {
        "Unknown #0": 0.000000000000000, 
        "Unknown #1": 0.000000000000000, 
        "Unknown #2": 1.000000000000000
    }, 
    "XSCL - Scale": 2.000000000000000, 
    "DATA - Position/Rotation": {
        "Position": {
            "X": 67573.640625000000000, 
            "Y": 54368.046875000000000, 
            "Z": 3420.710449000000000
        }, 
        "Rotation": {
            "X": 348.540900000000000, 
            "Y": 0.000000000000000, 
            "Z": 142.276100000000000
        }
    }
}
