{
    "Cell": "Saturan [CELL:01480343]", 
    "Record Header": {
        "Signature": "REFR", 
        "Data Size": 74, 
        "Record Flags": {
            "Quest item / Persistent reference / Show in Menu": true
        }, 
        "FormID": "01846F68", 
        "Version Control Info": "00 00 00 00"
    }, 
    "NAME - Base": "0exUcaveUdoorU01 [DOOR:0120002F]", 
    "XTEL - Teleport Destination": {
        "Door": "[REFR:01846F4F]", 
        "Position/Rotation": {
            "Position": {
                "X": 63583.960937000000000, 
                "Y": -45892.738281000000000, 
                "Z": 1061.236572000000000
            }, 
            "Rotation": {
                "X": 0.000000000000000, 
                "Y": 0.000000000000000, 
                "Z": 108.825400000000000
            }
        }
    }, 
    "DATA - Position/Rotation": {
        "Position": {
            "X": -3259.471924000000000, 
            "Y": 1022.517029000000000, 
            "Z": 744.760986000000000
        }, 
        "Rotation": {
            "X": 0.000000000000000, 
            "Y": 0.000000000000000, 
            "Z": 268.300000000000000
        }
    }
}
