{
    "Cell": " [CELL:014C0626]", 
    "Record Header": {
        "Signature": "REFR", 
        "Data Size": 68, 
        "Record Flags": {
            "Visible when distant": true
        }, 
        "FormID": "0185E621", 
        "Version Control Info": "00 00 00 00"
    }, 
    "NAME - Base": "0terrainUrockUmaU54 [STAT:010C087E]", 
    "XLOD - Distant LOD Data": {
        "Unknown #0": 0.000000000000000, 
        "Unknown #1": 0.000000000000000, 
        "Unknown #2": 1.000000000000000
    }, 
    "XSCL - Scale": 2.000000000000000, 
    "DATA - Position/Rotation": {
        "Position": {
            "X": 90395.992188000000000, 
            "Y": -53002.085937000000000, 
            "Z": 1639.370361000000000
        }, 
        "Rotation": {
            "X": 5.729600000000000, 
            "Y": 5.729600000000000, 
            "Z": 245.408800000000000
        }
    }
}
