{
    "Cell": "Marandus00 [CELL:014C0B04]", 
    "Record Header": {
        "Signature": "REFR", 
        "Data Size": 58, 
        "Record Flags": {
            "Visible when distant": true
        }, 
        "FormID": "01817EDC", 
        "Version Control Info": "00 00 00 00"
    }, 
    "NAME - Base": "0exUstrongholdUpylon02 [STAT:010C005C]", 
    "XLOD - Distant LOD Data": {
        "Unknown #0": 0.000000000000000, 
        "Unknown #1": 0.000000000000000, 
        "Unknown #2": 1.000000000000000
    }, 
    "DATA - Position/Rotation": {
        "Position": {
            "X": 36280.902344000000000, 
            "Y": -21389.337891000000000, 
            "Z": 1054.000000000000000
        }, 
        "Rotation": {
            "X": 0.000000000000000, 
            "Y": 0.000000000000000, 
            "Z": 222.490100000000000
        }
    }
}
