{
    "Cell": "SolstheimVSThormoorAsSWatch03 [CELL:014C182B]", 
    "Record Header": {
        "Signature": "REFR", 
        "Data Size": 58, 
        "Record Flags": {
            "Visible when distant": true
        }, 
        "FormID": "01F00093", 
        "Version Control Info": "00 00 00 00"
    }, 
    "NAME - Base": "0TerrainUBMUicelayerU06 [STAT:010C0C7F]", 
    "XLOD - Distant LOD Data": {
        "Unknown #0": 0.000000000000000, 
        "Unknown #1": 0.000000000000000, 
        "Unknown #2": 1.000000000000000
    }, 
    "DATA - Position/Rotation": {
        "Position": {
            "X": -213632.000000000000000, 
            "Y": 187616.000000000000000, 
            "Z": 0.000000000000000
        }, 
        "Rotation": {
            "X": 0.000000000000000, 
            "Y": 0.000000000000000, 
            "Z": 0.000000000000000
        }
    }
}
