{
    "Cell": " [CELL:014C11D5]", 
    "Record Header": {
        "Signature": "REFR", 
        "Data Size": 58, 
        "Record Flags": {
            "Visible when distant": true
        }, 
        "FormID": "0183E44A", 
        "Version Control Info": "00 00 00 00"
    }, 
    "NAME - Base": "0terrainUrockUbcU18 [STAT:010C08FA]", 
    "XLOD - Distant LOD Data": {
        "Unknown #0": 0.000000000000000, 
        "Unknown #1": 0.000000000000000, 
        "Unknown #2": 1.000000000000000
    }, 
    "DATA - Position/Rotation": {
        "Position": {
            "X": -41215.449219000000000, 
            "Y": -29822.093750000000000, 
            "Z": 227.458862000000000
        }, 
        "Rotation": {
            "X": 0.000000000000000, 
            "Y": 5.729600000000000, 
            "Z": 304.598500000000000
        }
    }
}
