{
    "Cell": "VivecVSPuzzleSCanalVSLevelS2 [CELL:01480442]", 
    "Record Header": {
        "Signature": "REFR", 
        "Data Size": 74, 
        "Record Flags": {
            "Quest item / Persistent reference / Show in Menu": true
        }, 
        "FormID": "01833426", 
        "Version Control Info": "00 00 00 00"
    }, 
    "NAME - Base": "0vivecUgrateUdoorU02 [DOOR:0120004B]", 
    "XTEL - Teleport Destination": {
        "Door": "[REFR:01830154]", 
        "Position/Rotation": {
            "Position": {
                "X": 33760.000000000000000, 
                "Y": -106120.000000000000000, 
                "Z": 1284.389526000000000
            }, 
            "Rotation": {
                "X": 0.000000000000000, 
                "Y": 0.000000000000000, 
                "Z": 0.000000000000000
            }
        }
    }, 
    "DATA - Position/Rotation": {
        "Position": {
            "X": 4638.857910000000000, 
            "Y": 3994.466553000000000, 
            "Z": 16.786232000000000
        }, 
        "Rotation": {
            "X": 0.000000000000000, 
            "Y": 0.000000000000000, 
            "Z": 0.000000000000000
        }
    }
}
