{
    "Cell": "MournholdVSVacantSManor [CELL:014804EF]", 
    "Record Header": {
        "Signature": "REFR", 
        "Data Size": 84, 
        "Record Flags": {
            "Quest item / Persistent reference / Show in Menu": true
        }, 
        "FormID": "01F051F6", 
        "Version Control Info": "00 00 00 00"
    }, 
    "NAME - Base": "0InUMHUdoorU01 [DOOR:01200092]", 
    "XTEL - Teleport Destination": {
        "Door": "[REFR:01F0413B]", 
        "Position/Rotation": {
            "Position": {
                "X": -1968.741211000000000, 
                "Y": -1156.880127000000000, 
                "Z": 222.258942000000000
            }, 
            "Rotation": {
                "X": 0.000000000000000, 
                "Y": 0.000000000000000, 
                "Z": 78.540900000000000
            }
        }
    }, 
    "XSCL - Scale": 1.010000000000000, 
    "DATA - Position/Rotation": {
        "Position": {
            "X": -0.343411000000000, 
            "Y": -16.282923000000000, 
            "Z": 0.000000000000000
        }, 
        "Rotation": {
            "X": 0.000000000000000, 
            "Y": 0.000000000000000, 
            "Z": 180.000000000000000
        }
    }
}
