{
    "Cell": " [CELL:014C1082]", 
    "Record Header": {
        "Signature": "REFR", 
        "Data Size": 58, 
        "Record Flags": {
            "Visible when distant": true
        }, 
        "FormID": "0183D8C5", 
        "Version Control Info": "00 00 00 00"
    }, 
    "NAME - Base": "0terrainUrockUbcU18 [STAT:010C08FA]", 
    "XLOD - Distant LOD Data": {
        "Unknown #0": 0.000000000000000, 
        "Unknown #1": 0.000000000000000, 
        "Unknown #2": 1.000000000000000
    }, 
    "DATA - Position/Rotation": {
        "Position": {
            "X": -32561.380859000000000, 
            "Y": -934.524658000000000, 
            "Z": 708.792847000000000
        }, 
        "Rotation": {
            "X": 348.540900000000000, 
            "Y": 0.000000000000000, 
            "Z": 148.936700000000000
        }
    }
}
