{
    "Cell": "FalvilloAsSEndeavorVSLowerSLevel [CELL:014801D1]", 
    "Record Header": {
        "Signature": "REFR", 
        "Data Size": 74, 
        "Record Flags": {
            "Quest item / Persistent reference / Show in Menu": true
        }, 
        "FormID": "0184927E", 
        "Version Control Info": "00 00 00 00"
    }, 
    "NAME - Base": "0inUdeUshipdoorUtoplevel [DOOR:0120006F]", 
    "XTEL - Teleport Destination": {
        "Door": "[REFR:0184925E]", 
        "Position/Rotation": {
            "Position": {
                "X": 13.549882000000000, 
                "Y": 669.064453000000000, 
                "Z": -184.589706000000000
            }, 
            "Rotation": {
                "X": 0.000000000000000, 
                "Y": 0.000000000000000, 
                "Z": 180.000000000000000
            }
        }
    }, 
    "DATA - Position/Rotation": {
        "Position": {
            "X": 20.518999000000000, 
            "Y": 691.827026000000000, 
            "Z": -20.389999000000000
        }, 
        "Rotation": {
            "X": 180.000000000000000, 
            "Y": 0.000000000000000, 
            "Z": 180.000000000000000
        }
    }
}
