{
    "Cell": "FortSFrostmothVSArmory [CELL:0148052E]", 
    "Record Header": {
        "Signature": "REFR", 
        "Data Size": 74, 
        "Record Flags": {
            "Quest item / Persistent reference / Show in Menu": true
        }, 
        "FormID": "01F0705A", 
        "Version Control Info": "00 00 00 00"
    }, 
    "NAME - Base": "0inUimpsmallUloaddoorU01 [DOOR:01200022]", 
    "XTEL - Teleport Destination": {
        "Door": "[REFR:01F0729F]", 
        "Position/Rotation": {
            "Position": {
                "X": 1308.765747000000000, 
                "Y": 2961.621582000000000, 
                "Z": 14135.753906000000000
            }, 
            "Rotation": {
                "X": 0.000000000000000, 
                "Y": 0.000000000000000, 
                "Z": 130.817000000000000
            }
        }
    }, 
    "DATA - Position/Rotation": {
        "Position": {
            "X": 128.000000000000000, 
            "Y": 768.000000000000000, 
            "Z": 0.000000000000000
        }, 
        "Rotation": {
            "X": 0.000000000000000, 
            "Y": 0.000000000000000, 
            "Z": 90.000000000000000
        }
    }
}
