{
    "Cell": "SuranVSSuranSTradehouse [CELL:01480388]", 
    "Record Header": {
        "Signature": "REFR", 
        "Data Size": 74, 
        "Record Flags": {
            "Quest item / Persistent reference / Show in Menu": true
        }, 
        "FormID": "01840238", 
        "Version Control Info": "00 00 00 00"
    }, 
    "NAME - Base": "0inUhlaaluUloaddoorU01 [DOOR:0120003D]", 
    "XTEL - Teleport Destination": {
        "Door": "[REFR:01830AA6]", 
        "Position/Rotation": {
            "Position": {
                "X": 56984.000000000000000, 
                "Y": -53416.828125000000000, 
                "Z": 1531.004272000000000
            }, 
            "Rotation": {
                "X": 0.000000000000000, 
                "Y": 0.000000000000000, 
                "Z": 45.000000000000000
            }
        }
    }, 
    "DATA - Position/Rotation": {
        "Position": {
            "X": 640.000000000000000, 
            "Y": 512.000000000000000, 
            "Z": 384.000000000000000
        }, 
        "Rotation": {
            "X": 0.000000000000000, 
            "Y": 0.000000000000000, 
            "Z": 0.000000000000000
        }
    }
}
