{
    "Cell": "MournholdVSGodsreach35 [CELL:015830D3]", 
    "Record Header": {
        "Signature": "PGRD", 
        "Data Size": 156, 
        "Record Flags": {
            "Compressed ": true
        }, 
        "FormID": "01002113", 
        "Version Control Info": "00 00 00 00"
    }, 
    "DATA - Point Count": 3, 
    "PGRP - Points": {
        "Point #0": {
            "X": 4096, 
            "Y": -590, 
            "Z (Even = Red/Orange, Odd = Blue)": 80, 
            "Connections": 2, 
            "Unused": "CD CD CD"
        }, 
        "Point #1": {
            "X": 4351, 
            "Y": -293, 
            "Z (Even = Red/Orange, Odd = Blue)": 80, 
            "Connections": 2, 
            "Unused": "CD CD CD"
        }, 
        "Point #2": {
            "X": 4332, 
            "Y": -857, 
            "Z (Even = Red/Orange, Odd = Blue)": 80, 
            "Connections": 2, 
            "Unused": "CD CD CD"
        }
    }, 
    "PGAG - Unknown": "00", 
    "PGRR - Point-to-Point Connections": {
        "Point #0": [
            "Point": 1, 
            "Point": 2
        ], 
        "Point #1": [
            "Point": 0, 
            "Point": 2
        ], 
        "Point #2": [
            "Point": 0, 
            "Point": 1
        ]
    }, 
    "PGRI - Inter-Cell Connections": {
        "Inter-Cell Connection": {
            "Point": 0, 
            "Unused": "00 00", 
            "X": 3795.818848000000000, 
            "Y": -889.060608000000000, 
            "Z": 80.000000000000000
        }, 
        "Inter-Cell Connection": {
            "Point": 0, 
            "Unused": "00 00", 
            "X": 3879.552490000000000, 
            "Y": -328.376526000000000, 
            "Z": 80.000000000000000
        }, 
        "Inter-Cell Connection": {
            "Point": 0, 
            "Unused": "00 00", 
            "X": 4086.219238000000000, 
            "Y": -1125.997681000000000, 
            "Z": 80.000000000000000
        }, 
        "Inter-Cell Connection": {
            "Point": 0, 
            "Unused": "00 00", 
            "X": 4150.905762000000000, 
            "Y": 0.978348000000000, 
            "Z": 80.000000000000000
        }, 
        "Inter-Cell Connection": {
            "Point": 1, 
            "Unused": "93 00", 
            "X": 3879.552490000000000, 
            "Y": -328.376526000000000, 
            "Z": 80.000000000000000
        }, 
        "Inter-Cell Connection": {
            "Point": 1, 
            "Unused": "00 00", 
            "X": 4150.905762000000000, 
            "Y": 0.978348000000000, 
            "Z": 80.000000000000000
        }, 
        "Inter-Cell Connection": {
            "Point": 1, 
            "Unused": "93 00", 
            "X": 4352.130859000000000, 
            "Y": 256.360901000000000, 
            "Z": 80.000000000000000
        }, 
        "Inter-Cell Connection": {
            "Point": 2, 
            "Unused": "00 00", 
            "X": 3795.818848000000000, 
            "Y": -889.060608000000000, 
            "Z": 80.000000000000000
        }, 
        "Inter-Cell Connection": {
            "Point": 2, 
            "Unused": "93 00", 
            "X": 4086.219238000000000, 
            "Y": -1125.997681000000000, 
            "Z": 80.000000000000000
        }
    }
}
