{
    "Cell": " [CELL:014C0A1C]", 
    "Record Header": {
        "Signature": "REFR", 
        "Data Size": 58, 
        "Record Flags": {
            "Visible when distant": true
        }, 
        "FormID": "0183C943", 
        "Version Control Info": "00 00 00 00"
    }, 
    "NAME - Base": "0exUggUfenceU02 [STAT:01001668]", 
    "XLOD - Distant LOD Data": {
        "Unknown #0": 0.000000000000000, 
        "Unknown #1": 0.000000000000000, 
        "Unknown #2": 1.000000000000000
    }, 
    "DATA - Position/Rotation": {
        "Position": {
            "X": 44682.449219000000000, 
            "Y": 92979.804688000000000, 
            "Z": 11008.000000000000000
        }, 
        "Rotation": {
            "X": 0.000000000000000, 
            "Y": 0.000000000000000, 
            "Z": 58.700000000000000
        }
    }
}
