{
    "Cell": " [CELL:014C0CE2]", 
    "Record Header": {
        "Signature": "REFR", 
        "Data Size": 58, 
        "Record Flags": {
            "Visible when distant": true
        }, 
        "FormID": "0183C9A7", 
        "Version Control Info": "00 00 00 00"
    }, 
    "NAME - Base": "mwGGFence03 [ACTI:01008481]", 
    "XLOD - Distant LOD Data": {
        "Unknown #0": 0.000000000000000, 
        "Unknown #1": 0.000000000000000, 
        "Unknown #2": 1.000000000000000
    }, 
    "DATA - Position/Rotation": {
        "Position": {
            "X": 11036.999023000000000, 
            "Y": 97784.351562000000000, 
            "Z": 11008.000000000000000
        }, 
        "Rotation": {
            "X": 0.000000000000000, 
            "Y": 0.000000000000000, 
            "Z": 12.900000000000000
        }
    }
}
