{
    "Cell": " [CELL:014C06D9]", 
    "Record Header": {
        "Signature": "REFR", 
        "Data Size": 68, 
        "Record Flags": {
            "Visible when distant": true
        }, 
        "FormID": "0185E674", 
        "Version Control Info": "00 00 00 00"
    }, 
    "NAME - Base": "0terrainUrockUmaU54 [STAT:010C087E]", 
    "XLOD - Distant LOD Data": {
        "Unknown #0": 0.000000000000000, 
        "Unknown #1": 0.000000000000000, 
        "Unknown #2": 1.000000000000000
    }, 
    "XSCL - Scale": 2.000000000000000, 
    "DATA - Position/Rotation": {
        "Position": {
            "X": 90084.828125000000000, 
            "Y": -53465.921875000000000, 
            "Z": 1593.993408000000000
        }, 
        "Rotation": {
            "X": 5.729600000000000, 
            "Y": 5.729600000000000, 
            "Z": 118.394700000000000
        }
    }
}
