{
    "Cell": " [CELL:014C0253]", 
    "Record Header": {
        "Signature": "REFR", 
        "Data Size": 68, 
        "Record Flags": {
            "Visible when distant": true
        }, 
        "FormID": "0184CC2C", 
        "Version Control Info": "00 00 00 00"
    }, 
    "NAME - Base": "0ExUTUmenhirULU01 [STAT:010C0429]", 
    "XLOD - Distant LOD Data": {
        "Unknown #0": 0.000000000000000, 
        "Unknown #1": 0.000000000000000, 
        "Unknown #2": 1.000000000000000
    }, 
    "XSCL - Scale": 1.940000000000000, 
    "DATA - Position/Rotation": {
        "Position": {
            "X": 145080.265625000000000, 
            "Y": 62968.953125000000000, 
            "Z": -1427.071167000000000
        }, 
        "Rotation": {
            "X": 354.270400000000000, 
            "Y": 354.270500000000000, 
            "Z": 20.991600000000000
        }
    }
}
