{
    "Cell": "GnisisVSShisharaSHut [CELL:014801F5]", 
    "Record Header": {
        "Signature": "REFR", 
        "Data Size": 74, 
        "Record Flags": {
            "Quest item / Persistent reference / Show in Menu": true
        }, 
        "FormID": "01808393", 
        "Version Control Info": "00 00 00 00"
    }, 
    "NAME - Base": "0inUredoranUhutUdoorU01 [DOOR:0120001D]", 
    "XTEL - Teleport Destination": {
        "Door": "[REFR:01801421]", 
        "Position/Rotation": {
            "Position": {
                "X": -84251.960938000000000, 
                "Y": 93274.101562000000000, 
                "Z": 1041.973022000000000
            }, 
            "Rotation": {
                "X": 0.000000000000000, 
                "Y": 0.000000000000000, 
                "Z": 90.000000000000000
            }
        }
    }, 
    "DATA - Position/Rotation": {
        "Position": {
            "X": 128.000000000000000, 
            "Y": -256.000000000000000, 
            "Z": -128.000000000000000
        }, 
        "Rotation": {
            "X": 0.000000000000000, 
            "Y": 0.000000000000000, 
            "Z": 180.000000000000000
        }
    }
}
