{
    "Cell": " [CELL:014C14F8]", 
    "Record Header": {
        "Signature": "REFR", 
        "Data Size": 68, 
        "Record Flags": {
            "Visible when distant": true
        }, 
        "FormID": "018049A6", 
        "Version Control Info": "00 00 00 00"
    }, 
    "NAME - Base": "0terrainUrockUwgU08 [STAT:010C048D]", 
    "XLOD - Distant LOD Data": {
        "Unknown #0": 0.000000000000000, 
        "Unknown #1": 0.000000000000000, 
        "Unknown #2": 1.000000000000000
    }, 
    "XSCL - Scale": 1.970000000000000, 
    "DATA - Position/Rotation": {
        "Position": {
            "X": -104271.757812000000000, 
            "Y": 93764.867188000000000, 
            "Z": 202.586151000000000
        }, 
        "Rotation": {
            "X": 0.000000000000000, 
            "Y": 0.000000000000000, 
            "Z": 222.490200000000000
        }
    }
}
