{
    "Cell": " [CELL:014C0A2E]", 
    "Record Header": {
        "Signature": "REFR", 
        "Data Size": 58, 
        "Record Flags": {
            "Visible when distant": true
        }, 
        "FormID": "0183C961", 
        "Version Control Info": "00 00 00 00"
    }, 
    "NAME - Base": "0exUggUfenceU02 [STAT:01001668]", 
    "XLOD - Distant LOD Data": {
        "Unknown #0": 0.000000000000000, 
        "Unknown #1": 0.000000000000000, 
        "Unknown #2": 1.000000000000000
    }, 
    "DATA - Position/Rotation": {
        "Position": {
            "X": 42324.460938000000000, 
            "Y": 62797.671875000000000, 
            "Z": 8960.000000000000000
        }, 
        "Rotation": {
            "X": 0.000000000000000, 
            "Y": 0.000000000000000, 
            "Z": 286.900000000000000
        }
    }
}
