{
    "Cell": "PelagiadVSSouthSWall [CELL:014802E3]", 
    "Record Header": {
        "Signature": "REFR", 
        "Data Size": 74, 
        "Record Flags": {
            "Quest item / Persistent reference / Show in Menu": true
        }, 
        "FormID": "018059B0", 
        "Version Control Info": "00 00 00 00"
    }, 
    "NAME - Base": "0inUimpsmallUtrapdoorU01a [DOOR:01200003]", 
    "XTEL - Teleport Destination": {
        "Door": "[REFR:0180593C]", 
        "Position/Rotation": {
            "Position": {
                "X": 4547.756348000000000, 
                "Y": -57278.402344000000000, 
                "Z": 2620.995117000000000
            }, 
            "Rotation": {
                "X": 0.000000000000000, 
                "Y": 0.000000000000000, 
                "Z": 222.490100000000000
            }
        }
    }, 
    "DATA - Position/Rotation": {
        "Position": {
            "X": -1280.000000000000000, 
            "Y": -768.000000000000000, 
            "Z": -637.755981000000000
        }, 
        "Rotation": {
            "X": 0.000000000000000, 
            "Y": 0.000000000000000, 
            "Z": 180.000000000000000
        }
    }
}
