{
    "Cell": "BamzTAmschendVSHearthfireSHall [CELL:014804C2]", 
    "Record Header": {
        "Signature": "REFR", 
        "Data Size": 74, 
        "Record Flags": {
            "Quest item / Persistent reference / Show in Menu": true
        }, 
        "FormID": "01F0369F", 
        "Version Control Info": "00 00 00 00"
    }, 
    "NAME - Base": "0doorUdweU00Uexp [DOOR:01200096]", 
    "XTEL - Teleport Destination": {
        "Door": "[REFR:01F0386E]", 
        "Position/Rotation": {
            "Position": {
                "X": 129.000000000000000, 
                "Y": -328.000000000000000, 
                "Z": 788.000000000000000
            }, 
            "Rotation": {
                "X": 0.000000000000000, 
                "Y": 0.000000000000000, 
                "Z": 0.000000000000000
            }
        }
    }, 
    "DATA - Position/Rotation": {
        "Position": {
            "X": 5248.000000000000000, 
            "Y": 7072.000000000000000, 
            "Z": 12384.000000000000000
        }, 
        "Rotation": {
            "X": 0.000000000000000, 
            "Y": 0.000000000000000, 
            "Z": 180.000000000000000
        }
    }
}
