{
    "Cell": " [CELL:014C0CD6]", 
    "Record Header": {
        "Signature": "REFR", 
        "Data Size": 68, 
        "Record Flags": {
            "Visible when distant": true
        }, 
        "FormID": "0183A62F", 
        "Version Control Info": "00 00 00 00"
    }, 
    "NAME - Base": "0terrainUashlandUrockU10 [STAT:010C04D0]", 
    "XLOD - Distant LOD Data": {
        "Unknown #0": 0.000000000000000, 
        "Unknown #1": 0.000000000000000, 
        "Unknown #2": 1.000000000000000
    }, 
    "XSCL - Scale": 2.000000000000000, 
    "DATA - Position/Rotation": {
        "Position": {
            "X": 11311.101562000000000, 
            "Y": 120462.742187000000000, 
            "Z": 1201.568604000000000
        }, 
        "Rotation": {
            "X": 0.000000000000000, 
            "Y": 0.000000000000000, 
            "Z": 176.605800000000000
        }
    }
}
