{
    "Cell": " [CELL:014C0CD7]", 
    "Record Header": {
        "Signature": "REFR", 
        "Data Size": 68, 
        "Record Flags": {
            "Visible when distant": true
        }, 
        "FormID": "0183A655", 
        "Version Control Info": "00 00 00 00"
    }, 
    "NAME - Base": "0terrainUashlandUrockU10 [STAT:010C04D0]", 
    "XLOD - Distant LOD Data": {
        "Unknown #0": 0.000000000000000, 
        "Unknown #1": 0.000000000000000, 
        "Unknown #2": 1.000000000000000
    }, 
    "XSCL - Scale": 1.330000000000000, 
    "DATA - Position/Rotation": {
        "Position": {
            "X": 14360.861328000000000, 
            "Y": 121418.023437000000000, 
            "Z": 934.029053000000000
        }, 
        "Rotation": {
            "X": 0.000000000000000, 
            "Y": 0.000000000000000, 
            "Z": 118.346600000000000
        }
    }
}
