{
    "Cell": "SadrithSMoraVSGatewaySInn [CELL:0148030D]", 
    "Record Header": {
        "Signature": "REFR", 
        "Data Size": 74, 
        "Record Flags": {
            "Quest item / Persistent reference / Show in Menu": true
        }, 
        "FormID": "0180A266", 
        "Version Control Info": "00 00 00 00"
    }, 
    "NAME - Base": "0exUtUdoorU01 [DOOR:0120001E]", 
    "XTEL - Teleport Destination": {
        "Door": "[REFR:018022B4]", 
        "Position/Rotation": {
            "Position": {
                "X": 144071.296875000000000, 
                "Y": 35904.097656000000000, 
                "Z": 816.399841000000000
            }, 
            "Rotation": {
                "X": 0.000000000000000, 
                "Y": 0.000000000000000, 
                "Z": 270.000000000000000
            }
        }
    }, 
    "DATA - Position/Rotation": {
        "Position": {
            "X": 4000.000000000000000, 
            "Y": 4088.000000000000000, 
            "Z": 624.000000000000000
        }, 
        "Rotation": {
            "X": 0.000000000000000, 
            "Y": 0.000000000000000, 
            "Z": 180.000000000000000
        }
    }
}
