{
    "Cell": " [CELL:014C0F36]", 
    "Record Header": {
        "Signature": "REFR", 
        "Data Size": 58, 
        "Record Flags": {
            "Visible when distant": true
        }, 
        "FormID": "0180BFB7", 
        "Version Control Info": "00 00 00 00"
    }, 
    "NAME - Base": "0terrainUrockUwgU08 [STAT:010C048D]", 
    "XLOD - Distant LOD Data": {
        "Unknown #0": 0.000000000000000, 
        "Unknown #1": 0.000000000000000, 
        "Unknown #2": 1.000000000000000
    }, 
    "DATA - Position/Rotation": {
        "Position": {
            "X": -14119.018555000000000, 
            "Y": -20360.148438000000000, 
            "Z": 732.581421000000000
        }, 
        "Rotation": {
            "X": 5.729600000000000, 
            "Y": 17.188700000000000, 
            "Z": 33.414100000000000
        }
    }
}
