{
    "Cell": " [CELL:014C0F36]", 
    "Record Header": {
        "Signature": "REFR", 
        "Data Size": 58, 
        "Record Flags": {
            "Visible when distant": true
        }, 
        "FormID": "0180BFAE", 
        "Version Control Info": "00 00 00 00"
    }, 
    "NAME - Base": "0terrainUrockUwgU08 [STAT:010C048D]", 
    "XLOD - Distant LOD Data": {
        "Unknown #0": 0.000000000000000, 
        "Unknown #1": 0.000000000000000, 
        "Unknown #2": 1.000000000000000
    }, 
    "DATA - Position/Rotation": {
        "Position": {
            "X": -14115.791016000000000, 
            "Y": -17787.816406000000000, 
            "Z": 833.208191000000000
        }, 
        "Rotation": {
            "X": 11.459200000000000, 
            "Y": 0.000000000000000, 
            "Z": 85.943700000000000
        }
    }
}
