{
    "Cell": "SadrithSMoraVSVadenSBelasASHouse [CELL:01480327]", 
    "Record Header": {
        "Signature": "REFR", 
        "Data Size": 74, 
        "Record Flags": {
            "Quest item / Persistent reference / Show in Menu": true
        }, 
        "FormID": "01812D8F", 
        "Version Control Info": "00 00 00 00"
    }, 
    "NAME - Base": "0inUtUhousepodUdoorUexit [DOOR:01200028]", 
    "XTEL - Teleport Destination": {
        "Door": "[REFR:01802289]", 
        "Position/Rotation": {
            "Position": {
                "X": 152608.312500000000000, 
                "Y": 38222.695312000000000, 
                "Z": 949.712280000000000
            }, 
            "Rotation": {
                "X": 0.000000000000000, 
                "Y": 0.000000000000000, 
                "Z": 222.490200000000000
            }
        }
    }, 
    "DATA - Position/Rotation": {
        "Position": {
            "X": 352.000000000000000, 
            "Y": 0.000000000000000, 
            "Z": 128.000000000000000
        }, 
        "Rotation": {
            "X": 0.000000000000000, 
            "Y": 0.000000000000000, 
            "Z": 90.000000000000000
        }
    }
}
