{
    "Cell": " [CELL:014C1128]", 
    "Record Header": {
        "Signature": "REFR", 
        "Data Size": 58, 
        "Record Flags": {
            "Visible when distant": true
        }, 
        "FormID": "0183D9EA", 
        "Version Control Info": "00 00 00 00"
    }, 
    "NAME - Base": "0terrainUrockUbcU18 [STAT:010C08FA]", 
    "XLOD - Distant LOD Data": {
        "Unknown #0": 0.000000000000000, 
        "Unknown #1": 0.000000000000000, 
        "Unknown #2": 1.000000000000000
    }, 
    "DATA - Position/Rotation": {
        "Position": {
            "X": -40129.859375000000000, 
            "Y": -6492.104492000000000, 
            "Z": 730.301208000000000
        }, 
        "Rotation": {
            "X": 354.270400000000000, 
            "Y": 17.188700000000000, 
            "Z": 58.226700000000000
        }
    }
}
