{
    "Cell": "TelaseroVSUpperSLevel [CELL:014803BE]", 
    "Record Header": {
        "Signature": "REFR", 
        "Data Size": 84, 
        "Record Flags": {
            "Quest item / Persistent reference / Show in Menu": true
        }, 
        "FormID": "0181B9C8", 
        "Version Control Info": "00 00 00 00"
    }, 
    "NAME - Base": "0inUstrongUvaultdoor00 [DOOR:0120000F]", 
    "XTEL - Teleport Destination": {
        "Door": "[REFR:0181B665]", 
        "Position/Rotation": {
            "Position": {
                "X": 6651.209961000000000, 
                "Y": 7904.055176000000000, 
                "Z": -868.395996000000000
            }, 
            "Rotation": {
                "X": 0.000000000000000, 
                "Y": 0.000000000000000, 
                "Z": 180.000000000000000
            }
        }
    }, 
    "XSCL - Scale": 1.040000000000000, 
    "DATA - Position/Rotation": {
        "Position": {
            "X": 833.734009000000000, 
            "Y": 1149.998901000000000, 
            "Z": -1152.000000000000000
        }, 
        "Rotation": {
            "X": 0.000000000000000, 
            "Y": 0.000000000000000, 
            "Z": 90.000000000000000
        }
    }
}
