{
    "Cell": "TelaseroVSUpperSLevel [CELL:014803BE]", 
    "Record Header": {
        "Signature": "REFR", 
        "Data Size": 84, 
        "Record Flags": {
            "Quest item / Persistent reference / Show in Menu": true
        }, 
        "FormID": "0181B969", 
        "Version Control Info": "00 00 00 00"
    }, 
    "NAME - Base": "0inUstrongUvaultdoor00 [DOOR:0120000F]", 
    "XTEL - Teleport Destination": {
        "Door": "[REFR:0181B1EC]", 
        "Position/Rotation": {
            "Position": {
                "X": 76221.890625000000000, 
                "Y": -52880.472656000000000, 
                "Z": 1376.240967000000000
            }, 
            "Rotation": {
                "X": 0.000000000000000, 
                "Y": 0.000000000000000, 
                "Z": 91.700000000000000
            }
        }
    }, 
    "XSCL - Scale": 1.020000000000000, 
    "DATA - Position/Rotation": {
        "Position": {
            "X": -1215.999023000000000, 
            "Y": 3656.000977000000000, 
            "Z": -208.000000000000000
        }, 
        "Rotation": {
            "X": 0.000000000000000, 
            "Y": 0.000000000000000, 
            "Z": 270.000000000000000
        }
    }
}
