{
    "Cell": "MolagSMarVSUnderworks [CELL:0148029D]", 
    "Record Header": {
        "Signature": "REFR", 
        "Data Size": 74, 
        "Record Flags": {
            "Quest item / Persistent reference / Show in Menu": true
        }, 
        "FormID": "0183CA3C", 
        "Version Control Info": "00 00 00 00"
    }, 
    "NAME - Base": "0VelothiUSewerUDoor [DOOR:0120007F]", 
    "XTEL - Teleport Destination": {
        "Door": "[REFR:0184A1CA]", 
        "Position/Rotation": {
            "Position": {
                "X": 113528.828125000000000, 
                "Y": -59881.460937000000000, 
                "Z": 596.000000000000000
            }, 
            "Rotation": {
                "X": 0.000000000000000, 
                "Y": 0.000000000000000, 
                "Z": 90.000000000000000
            }
        }
    }, 
    "DATA - Position/Rotation": {
        "Position": {
            "X": 4096.000000000000000, 
            "Y": -3456.000000000000000, 
            "Z": 672.000000000000000
        }, 
        "Rotation": {
            "X": 0.000000000000000, 
            "Y": 0.000000000000000, 
            "Z": 180.000000000000000
        }
    }
}
