{
    "Cell": " [CELL:014C0B5A]", 
    "Record Header": {
        "Signature": "REFR", 
        "Data Size": 68, 
        "Record Flags": {
            "Visible when distant": true
        }, 
        "FormID": "0184DC4E", 
        "Version Control Info": "00 00 00 00"
    }, 
    "NAME - Base": "0ExUTUmenhirULU01 [STAT:010C0429]", 
    "XLOD - Distant LOD Data": {
        "Unknown #0": 0.000000000000000, 
        "Unknown #1": 0.000000000000000, 
        "Unknown #2": 1.000000000000000
    }, 
    "XSCL - Scale": 1.620000000000000, 
    "DATA - Position/Rotation": {
        "Position": {
            "X": 24681.462891000000000, 
            "Y": 171059.687500000000000, 
            "Z": -146.816223000000000
        }, 
        "Rotation": {
            "X": 5.729500000000000, 
            "Y": 0.000000000000000, 
            "Z": 152.772100000000000
        }
    }
}
