{
    "Cell": " [CELL:014C112A]", 
    "Record Header": {
        "Signature": "REFR", 
        "Data Size": 58, 
        "Record Flags": {
            "Visible when distant": true
        }, 
        "FormID": "0183DA31", 
        "Version Control Info": "00 00 00 00"
    }, 
    "NAME - Base": "0terrainUrockUbcU18 [STAT:010C08FA]", 
    "XLOD - Distant LOD Data": {
        "Unknown #0": 0.000000000000000, 
        "Unknown #1": 0.000000000000000, 
        "Unknown #2": 1.000000000000000
    }, 
    "DATA - Position/Rotation": {
        "Position": {
            "X": -37766.164062000000000, 
            "Y": -1624.947754000000000, 
            "Z": 575.189880000000000
        }, 
        "Rotation": {
            "X": 354.270500000000000, 
            "Y": 354.270400000000000, 
            "Z": 327.549200000000000
        }
    }
}
