{
    "Cell": " [CELL:014C0AE3]", 
    "Record Header": {
        "Signature": "REFR", 
        "Data Size": 58, 
        "Record Flags": {
            "Visible when distant": true
        }, 
        "FormID": "0183C96F", 
        "Version Control Info": "00 00 00 00"
    }, 
    "NAME - Base": "0exUggUpylonU01 [STAT:010C094F]", 
    "XLOD - Distant LOD Data": {
        "Unknown #0": 0.000000000000000, 
        "Unknown #1": 0.000000000000000, 
        "Unknown #2": 1.000000000000000
    }, 
    "DATA - Position/Rotation": {
        "Position": {
            "X": 38531.480469000000000, 
            "Y": 56272.265625000000000, 
            "Z": 5120.000000000000000
        }, 
        "Rotation": {
            "X": 0.000000000000000, 
            "Y": 0.000000000000000, 
            "Z": 288.380100000000000
        }
    }
}
