{
    "Cell": "MournholdVSCraftsmenAsSHall [CELL:014804D4]", 
    "Record Header": {
        "Signature": "REFR", 
        "Data Size": 74, 
        "Record Flags": {
            "Quest item / Persistent reference / Show in Menu": true
        }, 
        "FormID": "01F03F59", 
        "Version Control Info": "00 00 00 00"
    }, 
    "NAME - Base": "0ExUMHUsewerUtrapdoorU01 [DOOR:0120009C]", 
    "XTEL - Teleport Destination": {
        "Door": "[REFR:01F04DBE]", 
        "Position/Rotation": {
            "Position": {
                "X": 4158.314941000000000, 
                "Y": 4144.375977000000000, 
                "Z": 15650.413086000000000
            }, 
            "Rotation": {
                "X": 0.000000000000000, 
                "Y": 0.000000000000000, 
                "Z": 148.969000000000000
            }
        }
    }, 
    "DATA - Position/Rotation": {
        "Position": {
            "X": 775.728516000000000, 
            "Y": 493.810394000000000, 
            "Z": -128.000000000000000
        }, 
        "Rotation": {
            "X": 0.000000000000000, 
            "Y": 0.000000000000000, 
            "Z": 180.000000000000000
        }
    }
}
