{
    "Cell": "DagonSFelVSAndreSMaulAsSTower [CELL:01480167]", 
    "Record Header": {
        "Signature": "REFR", 
        "Data Size": 74, 
        "Record Flags": {
            "Quest item / Persistent reference / Show in Menu": true
        }, 
        "FormID": "0183459B", 
        "Version Control Info": "00 00 00 00"
    }, 
    "NAME - Base": "0doorUdwrvUloaddown00 [DOOR:0120004C]", 
    "XTEL - Teleport Destination": {
        "Door": "[REFR:0183457D]", 
        "Position/Rotation": {
            "Position": {
                "X": -1746.208984000000000, 
                "Y": -0.324997000000000, 
                "Z": -172.000000000000000
            }, 
            "Rotation": {
                "X": 0.000000000000000, 
                "Y": 0.000000000000000, 
                "Z": 90.000000000000000
            }
        }
    }, 
    "DATA - Position/Rotation": {
        "Position": {
            "X": -1865.512939000000000, 
            "Y": -7.984426000000000, 
            "Z": 138.273865000000000
        }, 
        "Rotation": {
            "X": 0.000000000000000, 
            "Y": 0.000000000000000, 
            "Z": 91.673300000000000
        }
    }
}
