{
    "Cell": "OldSMournholdXSMorilSManorVSEastSBuilding [CELL:01480501]", 
    "Record Header": {
        "Signature": "REFR", 
        "Data Size": 84, 
        "Record Flags": {
            "Quest item / Persistent reference / Show in Menu": true
        }, 
        "FormID": "01F05F9C", 
        "Version Control Info": "00 00 00 00"
    }, 
    "NAME - Base": "0InUDBUdoor01 [DOOR:0120008C]", 
    "XTEL - Teleport Destination": {
        "Door": "[REFR:01F05E01]", 
        "Position/Rotation": {
            "Position": {
                "X": 7680.000000000000000, 
                "Y": 1088.000000000000000, 
                "Z": -124.000000000000000
            }, 
            "Rotation": {
                "X": 0.000000000000000, 
                "Y": 0.000000000000000, 
                "Z": 270.000000000000000
            }
        }
    }, 
    "XSCL - Scale": 1.040000000000000, 
    "DATA - Position/Rotation": {
        "Position": {
            "X": -13.873635000000000, 
            "Y": -41.158154000000000, 
            "Z": 7.397007000000000
        }, 
        "Rotation": {
            "X": 0.000000000000000, 
            "Y": 0.000000000000000, 
            "Z": 90.000000000000000
        }
    }
}
