{
    "Cell": "MournholdVSRoyalSPalaceXSJail [CELL:014804E6]", 
    "Record Header": {
        "Signature": "REFR", 
        "Data Size": 74, 
        "Record Flags": {
            "Quest item / Persistent reference / Show in Menu": true
        }, 
        "FormID": "01F04B8A", 
        "Version Control Info": "00 00 00 00"
    }, 
    "NAME - Base": "0InUMHUdoorU02 [DOOR:01200093]", 
    "XTEL - Teleport Destination": {
        "Door": "[REFR:01F049BF]", 
        "Position/Rotation": {
            "Position": {
                "X": 245.321228000000000, 
                "Y": 1485.576416000000000, 
                "Z": -358.643158000000000
            }, 
            "Rotation": {
                "X": 0.000000000000000, 
                "Y": 0.000000000000000, 
                "Z": 130.107000000000000
            }
        }
    }, 
    "DATA - Position/Rotation": {
        "Position": {
            "X": -64.000000000000000, 
            "Y": -128.000000000000000, 
            "Z": 0.000000000000000
        }, 
        "Rotation": {
            "X": 0.000000000000000, 
            "Y": 0.000000000000000, 
            "Z": 0.000000000000000
        }
    }
}
