{
    "Cell": " [CELL:014C0E73]", 
    "Record Header": {
        "Signature": "REFR", 
        "Data Size": 58, 
        "Record Flags": {
            "Visible when distant": true
        }, 
        "FormID": "01836FEE", 
        "Version Control Info": "00 00 00 00"
    }, 
    "NAME - Base": "0terrainUrockUwgU10 [STAT:010C048F]", 
    "XLOD - Distant LOD Data": {
        "Unknown #0": 0.000000000000000, 
        "Unknown #1": 0.000000000000000, 
        "Unknown #2": 1.000000000000000
    }, 
    "DATA - Position/Rotation": {
        "Position": {
            "X": -1415.735229000000000, 
            "Y": 12338.198242000000000, 
            "Z": 3136.136230000000000
        }, 
        "Rotation": {
            "X": 348.540900000000000, 
            "Y": 337.081700000000000, 
            "Z": 5.729600000000000
        }
    }
}
