{
    "Cell": " [CELL:014C0B01]", 
    "Record Header": {
        "Signature": "PGRD", 
        "Data Size": 137, 
        "Record Flags": {
            "Compressed ": true
        }, 
        "FormID": "01F8C3B0", 
        "Version Control Info": "00 00 00 00"
    }, 
    "DATA - Point Count": 3, 
    "PGRP - Points": {
        "Point #0": {
            "X": 37120, 
            "Y": -16128, 
            "Z (Even = Red/Orange, Odd = Blue)": 56, 
            "Connections": 1, 
            "Unused": "CD CD CD"
        }, 
        "Point #1": {
            "X": 37632, 
            "Y": -16128, 
            "Z (Even = Red/Orange, Odd = Blue)": 16, 
            "Connections": 1, 
            "Unused": "CD CD CD"
        }, 
        "Point #2": {
            "X": 38400, 
            "Y": -12288, 
            "Z (Even = Red/Orange, Odd = Blue)": -96, 
            "Connections": 0, 
            "Unused": "CD CD CD"
        }
    }, 
    "PGAG - Unknown": "07", 
    "PGRR - Point-to-Point Connections": {
        "Point #0": [
            "Point": 1
        ], 
        "Point #1": [
            "Point": 0
        ]
    }, 
    "PGRI - Inter-Cell Connections": {
        "Inter-Cell Connection": {
            "Point": 0, 
            "Unused": "00 00", 
            "X": 36864.000000000000000, 
            "Y": -16128.000000000000000, 
            "Z": 56.000000000000000
        }, 
        "Inter-Cell Connection": {
            "Point": 0, 
            "Unused": "00 00", 
            "X": 37120.000000000000000, 
            "Y": -16640.000000000000000, 
            "Z": 224.000000000000000
        }, 
        "Inter-Cell Connection": {
            "Point": 0, 
            "Unused": "00 00", 
            "X": 37632.000000000000000, 
            "Y": -16640.000000000000000, 
            "Z": 160.000000000000000
        }, 
        "Inter-Cell Connection": {
            "Point": 1, 
            "Unused": "9B 2A", 
            "X": 37120.000000000000000, 
            "Y": -16640.000000000000000, 
            "Z": 224.000000000000000
        }, 
        "Inter-Cell Connection": {
            "Point": 1, 
            "Unused": "00 00", 
            "X": 37632.000000000000000, 
            "Y": -16640.000000000000000, 
            "Z": 160.000000000000000
        }, 
        "Inter-Cell Connection": {
            "Point": 1, 
            "Unused": "00 00", 
            "X": 38144.000000000000000, 
            "Y": -16640.000000000000000, 
            "Z": 80.000000000000000
        }, 
        "Inter-Cell Connection": {
            "Point": 2, 
            "Unused": "5C 2F", 
            "X": 38144.000000000000000, 
            "Y": -12032.000000000000000, 
            "Z": 104.000000000000000
        }, 
        "Inter-Cell Connection": {
            "Point": 2, 
            "Unused": "7E 5E", 
            "X": 38656.000000000000000, 
            "Y": -12032.000000000000000, 
            "Z": -32.000000000000000
        }
    }
}
