{
    "Cell": " [CELL:014C11DC]", 
    "Record Header": {
        "Signature": "REFR", 
        "Data Size": 58, 
        "Record Flags": {
            "Visible when distant": true
        }, 
        "FormID": "0183E6F2", 
        "Version Control Info": "00 00 00 00"
    }, 
    "NAME - Base": "0terrainUrockUbcU18 [STAT:010C08FA]", 
    "XLOD - Distant LOD Data": {
        "Unknown #0": 0.000000000000000, 
        "Unknown #1": 0.000000000000000, 
        "Unknown #2": 1.000000000000000
    }, 
    "DATA - Position/Rotation": {
        "Position": {
            "X": -48349.062500000000000, 
            "Y": -46014.394531000000000, 
            "Z": 71.446541000000000
        }, 
        "Rotation": {
            "X": 5.729600000000000, 
            "Y": 17.188700000000000, 
            "Z": 35.308500000000000
        }
    }
}
