{
    "Cell": "SolstheimVSAesliipAsSLair [CELL:01480556]", 
    "Record Header": {
        "Signature": "REFR", 
        "Data Size": 84, 
        "Record Flags": {
            "Quest item / Persistent reference / Show in Menu": true
        }, 
        "FormID": "01F084EE", 
        "Version Control Info": "00 00 00 00"
    }, 
    "NAME - Base": "0BMUKAUdoorUdark [DOOR:012000E1]", 
    "XTEL - Teleport Destination": {
        "Door": "[REFR:01F08571]", 
        "Position/Rotation": {
            "Position": {
                "X": -207.213440000000000, 
                "Y": 156.346680000000000, 
                "Z": -41.709274000000000
            }, 
            "Rotation": {
                "X": 0.000000000000000, 
                "Y": 0.000000000000000, 
                "Z": 90.000000000000000
            }
        }
    }, 
    "XSCL - Scale": 0.500000000000000, 
    "DATA - Position/Rotation": {
        "Position": {
            "X": 2613.940918000000000, 
            "Y": 2191.214355000000000, 
            "Z": 29.341309000000000
        }, 
        "Rotation": {
            "X": 0.000000000000000, 
            "Y": 0.000000000000000, 
            "Z": 40.107000000000000
        }
    }
}
