{
    "Cell": "ErabenimsunSCampVSRanabiAsSYurt [CELL:014801BE]", 
    "Record Header": {
        "Signature": "REFR", 
        "Data Size": 74, 
        "Record Flags": {
            "Quest item / Persistent reference / Show in Menu": true
        }, 
        "FormID": "0181FE53", 
        "Version Control Info": "00 00 00 00"
    }, 
    "NAME - Base": "0inUashlUdoorU02 [DOOR:0120003C]", 
    "XTEL - Teleport Destination": {
        "Door": "[REFR:0181E43A]", 
        "Position/Rotation": {
            "Position": {
                "X": 109232.320312000000000, 
                "Y": -3164.273682000000000, 
                "Z": 571.114624000000000
            }, 
            "Rotation": {
                "X": 0.000000000000000, 
                "Y": 0.000000000000000, 
                "Z": 22.900000000000000
            }
        }
    }, 
    "DATA - Position/Rotation": {
        "Position": {
            "X": 94.598564000000000, 
            "Y": -30.077545000000000, 
            "Z": -18.322155000000000
        }, 
        "Rotation": {
            "X": 0.000000000000000, 
            "Y": 0.000000000000000, 
            "Z": 0.000000000000000
        }
    }
}
