{
    "Cell": "SeydaSNeenVSForynSGilnithAsSShack [CELL:01480353]", 
    "Record Header": {
        "Signature": "REFR", 
        "Data Size": 74, 
        "Record Flags": {
            "Quest item / Persistent reference / Show in Menu": true
        }, 
        "FormID": "0181D42A", 
        "Version Control Info": "00 00 00 00"
    }, 
    "NAME - Base": "0inUdeUshackUdoor [DOOR:0120002D]", 
    "XTEL - Teleport Destination": {
        "Door": "[REFR:0181BD24]", 
        "Position/Rotation": {
            "Position": {
                "X": -13405.977539000000000, 
                "Y": -70974.554688000000000, 
                "Z": 100.699036000000000
            }, 
            "Rotation": {
                "X": 0.000000000000000, 
                "Y": 0.000000000000000, 
                "Z": 76.031000000000000
            }
        }
    }, 
    "DATA - Position/Rotation": {
        "Position": {
            "X": 176.675018000000000, 
            "Y": -162.510223000000000, 
            "Z": 96.000000000000000
        }, 
        "Rotation": {
            "X": 0.000000000000000, 
            "Y": 0.000000000000000, 
            "Z": 270.000000000000000
        }
    }
}
