{
    "Cell": " [CELL:014C0A3D]", 
    "Record Header": {
        "Signature": "REFR", 
        "Data Size": 58, 
        "Record Flags": {
            "Visible when distant": true
        }, 
        "FormID": "01849302", 
        "Version Control Info": "00 00 00 00"
    }, 
    "NAME - Base": "0terrainUrockUrmU22 [STAT:010C04F1]", 
    "XLOD - Distant LOD Data": {
        "Unknown #0": 0.000000000000000, 
        "Unknown #1": 0.000000000000000, 
        "Unknown #2": 1.000000000000000
    }, 
    "DATA - Position/Rotation": {
        "Position": {
            "X": 45148.402344000000000, 
            "Y": 27166.974609000000000, 
            "Z": 1378.209961000000000
        }, 
        "Rotation": {
            "X": 0.000000000000000, 
            "Y": 17.188800000000000, 
            "Z": 337.081700000000000
        }
    }
}
