{
    "Cell": "SeydaSNeenVSArrilleAsSTradehouse [CELL:0148034B]", 
    "Record Header": {
        "Signature": "REFR", 
        "Data Size": 74, 
        "Record Flags": {
            "Quest item / Persistent reference / Show in Menu": true
        }, 
        "FormID": "01850ED8", 
        "Version Control Info": "00 00 00 00"
    }, 
    "NAME - Base": "0exUnordUdoorU01 [DOOR:01200007]", 
    "XTEL - Teleport Destination": {
        "Door": "[REFR:0181BCAC]", 
        "Position/Rotation": {
            "Position": {
                "X": -11644.059570000000000, 
                "Y": -70115.750000000000000, 
                "Z": 222.237305000000000
            }, 
            "Rotation": {
                "X": 0.000000000000000, 
                "Y": 0.000000000000000, 
                "Z": 91.673300000000000
            }
        }
    }, 
    "DATA - Position/Rotation": {
        "Position": {
            "X": -335.490997000000000, 
            "Y": -5771.695312000000000, 
            "Z": -295.660004000000000
        }, 
        "Rotation": {
            "X": 0.000000000000000, 
            "Y": 0.000000000000000, 
            "Z": 180.000000000000000
        }
    }
}
