{
    "Cell": "EbonheartVSEastSEmpireSSouthSWarehouse [CELL:014801A4]", 
    "Record Header": {
        "Signature": "REFR", 
        "Data Size": 74, 
        "Record Flags": {
            "Quest item / Persistent reference / Show in Menu": true
        }, 
        "FormID": "01822874", 
        "Version Control Info": "00 00 00 00"
    }, 
    "NAME - Base": "0inUimpsmallUtrapdoorU01a [DOOR:01200003]", 
    "XTEL - Teleport Destination": {
        "Door": "[REFR:0181EAC4]", 
        "Position/Rotation": {
            "Position": {
                "X": 18825.878906000000000, 
                "Y": -102986.015625000000000, 
                "Z": 1172.000000000000000
            }, 
            "Rotation": {
                "X": 0.000000000000000, 
                "Y": 0.000000000000000, 
                "Z": 0.000000000000000
            }
        }
    }, 
    "DATA - Position/Rotation": {
        "Position": {
            "X": 2196.870117000000000, 
            "Y": 1404.888428000000000, 
            "Z": 480.000000000000000
        }, 
        "Rotation": {
            "X": 0.000000000000000, 
            "Y": 0.000000000000000, 
            "Z": 0.000000000000000
        }
    }
}
