{
    "Cell": "EbonheartVSEastSEmpireSSouthSWarehouse [CELL:014801A4]", 
    "Record Header": {
        "Signature": "REFR", 
        "Data Size": 74, 
        "Record Flags": {
            "Quest item / Persistent reference / Show in Menu": true
        }, 
        "FormID": "0182287F", 
        "Version Control Info": "00 00 00 00"
    }, 
    "NAME - Base": "0inUimpsmallUtrapdoorU01a [DOOR:01200003]", 
    "XTEL - Teleport Destination": {
        "Door": "[REFR:0181EAB9]", 
        "Position/Rotation": {
            "Position": {
                "X": 18953.878906000000000, 
                "Y": -100442.015625000000000, 
                "Z": 1252.000000000000000
            }, 
            "Rotation": {
                "X": 0.000000000000000, 
                "Y": 0.000000000000000, 
                "Z": 0.000000000000000
            }
        }
    }, 
    "DATA - Position/Rotation": {
        "Position": {
            "X": -2547.141357000000000, 
            "Y": 1750.734131000000000, 
            "Z": 480.000000000000000
        }, 
        "Rotation": {
            "X": 0.000000000000000, 
            "Y": 0.000000000000000, 
            "Z": 0.000000000000000
        }
    }
}
