{
    "Cell": "SanctusSShrine00 [CELL:014C0CB8]", 
    "Record Header": {
        "Signature": "REFR", 
        "Data Size": 68, 
        "Record Flags": {
            "Visible when distant": true
        }, 
        "FormID": "01845482", 
        "Version Control Info": "00 00 00 00"
    }, 
    "NAME - Base": "0ExUTUmenhirULU01 [STAT:010C0429]", 
    "XLOD - Distant LOD Data": {
        "Unknown #0": 0.000000000000000, 
        "Unknown #1": 0.000000000000000, 
        "Unknown #2": 1.000000000000000
    }, 
    "XSCL - Scale": 1.390000000000000, 
    "DATA - Position/Rotation": {
        "Position": {
            "X": 10993.636719000000000, 
            "Y": 173619.828125000000000, 
            "Z": 1284.215576000000000
        }, 
        "Rotation": {
            "X": 5.700000000000000, 
            "Y": 0.000000000000000, 
            "Z": 199.609900000000000
        }
    }
}
