{
    "Cell": "SadrithSMoraVSUrtisaSRomaynAsSHouse [CELL:01480325]", 
    "Record Header": {
        "Signature": "REFR", 
        "Data Size": 74, 
        "Record Flags": {
            "Quest item / Persistent reference / Show in Menu": true
        }, 
        "FormID": "01812DBC", 
        "Version Control Info": "00 00 00 00"
    }, 
    "NAME - Base": "0inUtUhousepodUdoorUexit [DOOR:01200028]", 
    "XTEL - Teleport Destination": {
        "Door": "[REFR:018022A3]", 
        "Position/Rotation": {
            "Position": {
                "X": 147096.156250000000000, 
                "Y": 34671.242188000000000, 
                "Z": 786.047913000000000
            }, 
            "Rotation": {
                "X": 0.000000000000000, 
                "Y": 0.000000000000000, 
                "Z": 251.138100000000000
            }
        }
    }, 
    "DATA - Position/Rotation": {
        "Position": {
            "X": 352.000000000000000, 
            "Y": 0.000000000000000, 
            "Z": 128.000000000000000
        }, 
        "Rotation": {
            "X": 0.000000000000000, 
            "Y": 0.000000000000000, 
            "Z": 90.000000000000000
        }
    }
}
