{
    "Cell": "TelSBranoraVSManosSVavynAsSHouse [CELL:0148039B]", 
    "Record Header": {
        "Signature": "REFR", 
        "Data Size": 74, 
        "Record Flags": {
            "Quest item / Persistent reference / Show in Menu": true
        }, 
        "FormID": "0182E870", 
        "Version Control Info": "00 00 00 00"
    }, 
    "NAME - Base": "0inUtUhousepodUdoorUexit [DOOR:01200028]", 
    "XTEL - Teleport Destination": {
        "Door": "[REFR:01827BB8]", 
        "Position/Rotation": {
            "Position": {
                "X": 127675.609375000000000, 
                "Y": -103322.179687000000000, 
                "Z": 709.892029000000000
            }, 
            "Rotation": {
                "X": 0.000000000000000, 
                "Y": 0.000000000000000, 
                "Z": 40.100000000000000
            }
        }
    }, 
    "DATA - Position/Rotation": {
        "Position": {
            "X": 371.595001000000000, 
            "Y": 4.642000000000000, 
            "Z": 133.570999000000000
        }, 
        "Rotation": {
            "X": 0.000000000000000, 
            "Y": 0.000000000000000, 
            "Z": 90.000000000000000
        }
    }
}
