{
    "Cell": "PelagiadVSMurberiusSHarmevusASHouse [CELL:014802E1]", 
    "Record Header": {
        "Signature": "REFR", 
        "Data Size": 74, 
        "Record Flags": {
            "Quest item / Persistent reference / Show in Menu": true
        }, 
        "FormID": "01859F20", 
        "Version Control Info": "00 00 00 00"
    }, 
    "NAME - Base": "0exUnordUdoorU01 [DOOR:01200007]", 
    "XTEL - Teleport Destination": {
        "Door": "[REFR:01800D15]", 
        "Position/Rotation": {
            "Position": {
                "X": 1944.496094000000000, 
                "Y": -57109.007812000000000, 
                "Z": 1517.113403000000000
            }, 
            "Rotation": {
                "X": 0.000000000000000, 
                "Y": 0.000000000000000, 
                "Z": 0.000000000000000
            }
        }
    }, 
    "DATA - Position/Rotation": {
        "Position": {
            "X": -391.911987000000000, 
            "Y": 342.192993000000000, 
            "Z": 98.850998000000000
        }, 
        "Rotation": {
            "X": 0.000000000000000, 
            "Y": 0.000000000000000, 
            "Z": 0.000000000000000
        }
    }
}
