{
    "Cell": "VivecVSTelvanniSWaistworks [CELL:0148048F]", 
    "Record Header": {
        "Signature": "REFR", 
        "Data Size": 74, 
        "Record Flags": {
            "Quest item / Persistent reference / Show in Menu": true
        }, 
        "FormID": "01831B94", 
        "Version Control Info": "00 00 00 00"
    }, 
    "NAME - Base": "0inUvelothismallUndoorU01 [DOOR:01200043]", 
    "XTEL - Teleport Destination": {
        "Door": "[REFR:01824368]", 
        "Position/Rotation": {
            "Position": {
                "X": 44091.578125000000000, 
                "Y": -87008.398438000000000, 
                "Z": 1811.999512000000000
            }, 
            "Rotation": {
                "X": 0.000000000000000, 
                "Y": 0.000000000000000, 
                "Z": 182.383100000000000
            }
        }
    }, 
    "DATA - Position/Rotation": {
        "Position": {
            "X": -1920.000000000000000, 
            "Y": -1216.000000000000000, 
            "Z": -128.000000000000000
        }, 
        "Rotation": {
            "X": 0.000000000000000, 
            "Y": 0.000000000000000, 
            "Z": 0.000000000000000
        }
    }
}
