{
    "Cell": " [CELL:014C0F39]", 
    "Record Header": {
        "Signature": "REFR", 
        "Data Size": 68, 
        "Record Flags": {
            "Visible when distant": true
        }, 
        "FormID": "0182EFCD", 
        "Version Control Info": "00 00 00 00"
    }, 
    "NAME - Base": "0terrainUrockUmaU54 [STAT:010C087E]", 
    "XLOD - Distant LOD Data": {
        "Unknown #0": 0.000000000000000, 
        "Unknown #1": 0.000000000000000, 
        "Unknown #2": 1.000000000000000
    }, 
    "XSCL - Scale": 0.650000000000000, 
    "DATA - Position/Rotation": {
        "Position": {
            "X": -11124.150391000000000, 
            "Y": -29040.341797000000000, 
            "Z": 541.757446000000000
        }, 
        "Rotation": {
            "X": 0.000000000000000, 
            "Y": 0.000000000000000, 
            "Z": 170.924000000000000
        }
    }
}
