{
    "Cell": "HlormarenVSDome [CELL:01480217]", 
    "Record Header": {
        "Signature": "REFR", 
        "Data Size": 74, 
        "Record Flags": {
            "Quest item / Persistent reference / Show in Menu": true
        }, 
        "FormID": "01803AB3", 
        "Version Control Info": "00 00 00 00"
    }, 
    "NAME - Base": "0inUstrongUvaultdoor00 [DOOR:0120000F]", 
    "XTEL - Teleport Destination": {
        "Door": "[REFR:01801605]", 
        "Position/Rotation": {
            "Position": {
                "X": -43136.000000000000000, 
                "Y": -3584.000000000000000, 
                "Z": 3012.000000000000000
            }, 
            "Rotation": {
                "X": 0.000000000000000, 
                "Y": 0.000000000000000, 
                "Z": 180.000000000000000
            }
        }
    }, 
    "DATA - Position/Rotation": {
        "Position": {
            "X": 384.000000000000000, 
            "Y": -408.000000000000000, 
            "Z": 384.000000000000000
        }, 
        "Rotation": {
            "X": 0.000000000000000, 
            "Y": 0.000000000000000, 
            "Z": 90.000000000000000
        }
    }
}
