{
    "Cell": "OldSMournholdXSMorilSManorVSNorthSBuilding [CELL:01480502]", 
    "Record Header": {
        "Signature": "REFR", 
        "Data Size": 74, 
        "Record Flags": {
            "Quest item / Persistent reference / Show in Menu": true
        }, 
        "FormID": "01F05FFB", 
        "Version Control Info": "00 00 00 00"
    }, 
    "NAME - Base": "0InUDBUdoorUoval [DOOR:0120008D]", 
    "XTEL - Teleport Destination": {
        "Door": "[REFR:01F05EC0]", 
        "Position/Rotation": {
            "Position": {
                "X": 40.035542000000000, 
                "Y": 20.003357000000000, 
                "Z": 9.089378000000000
            }, 
            "Rotation": {
                "X": 0.000000000000000, 
                "Y": 0.000000000000000, 
                "Z": 0.000000000000000
            }
        }
    }, 
    "DATA - Position/Rotation": {
        "Position": {
            "X": 1175.835327000000000, 
            "Y": 1659.768188000000000, 
            "Z": 6.104702000000000
        }, 
        "Rotation": {
            "X": 0.000000000000000, 
            "Y": 0.000000000000000, 
            "Z": 90.000000000000000
        }
    }
}
