{
    "Cell": "MournholdSTempleXSBasement [CELL:014804CA]", 
    "Record Header": {
        "Signature": "REFR", 
        "Data Size": 74, 
        "Record Flags": {
            "Quest item / Persistent reference / Show in Menu": true
        }, 
        "FormID": "01F03A17", 
        "Version Control Info": "00 00 00 00"
    }, 
    "NAME - Base": "0InUMHUdoorU02 [DOOR:01200093]", 
    "XTEL - Teleport Destination": {
        "Door": "[REFR:01F03AA8]", 
        "Position/Rotation": {
            "Position": {
                "X": 2173.359863000000000, 
                "Y": -282.556396000000000, 
                "Z": -471.541229000000000
            }, 
            "Rotation": {
                "X": 0.000000000000000, 
                "Y": 0.000000000000000, 
                "Z": 118.647900000000000
            }
        }
    }, 
    "DATA - Position/Rotation": {
        "Position": {
            "X": -576.000000000000000, 
            "Y": -127.999573000000000, 
            "Z": 128.000000000000000
        }, 
        "Rotation": {
            "X": 0.000000000000000, 
            "Y": 0.000000000000000, 
            "Z": 0.000000000000000
        }
    }
}
