{
    "Cell": " [CELL:014C0FB3]", 
    "Record Header": {
        "Signature": "REFR", 
        "Data Size": 58, 
        "Record Flags": {
            "Visible when distant": true
        }, 
        "FormID": "0183CA09", 
        "Version Control Info": "00 00 00 00"
    }, 
    "NAME - Base": "mwGGFence01 [ACTI:01F8EC4D]", 
    "XLOD - Distant LOD Data": {
        "Unknown #0": 0.000000000000000, 
        "Unknown #1": 0.000000000000000, 
        "Unknown #2": 1.000000000000000
    }, 
    "DATA - Position/Rotation": {
        "Position": {
            "X": -18374.884766000000000, 
            "Y": 81041.328125000000000, 
            "Z": 2816.000000000000000
        }, 
        "Rotation": {
            "X": 0.000000000000000, 
            "Y": 0.000000000000000, 
            "Z": 80.200000000000000
        }
    }
}
