{
    "Cell": "Aleft [CELL:014800C0]", 
    "Record Header": {
        "Signature": "REFR", 
        "Data Size": 74, 
        "Record Flags": {
            "Quest item / Persistent reference / Show in Menu": true
        }, 
        "FormID": "018320B8", 
        "Version Control Info": "00 00 00 00"
    }, 
    "NAME - Base": "0doorUdwrvUload00 [DOOR:01200033]", 
    "XTEL - Teleport Destination": {
        "Door": "[REFR:018329B0]", 
        "Position/Rotation": {
            "Position": {
                "X": -56015.417969000000000, 
                "Y": 13305.446289000000000, 
                "Z": 42.273003000000000
            }, 
            "Rotation": {
                "X": 0.000000000000000, 
                "Y": 0.000000000000000, 
                "Z": 200.500000000000000
            }
        }
    }, 
    "DATA - Position/Rotation": {
        "Position": {
            "X": 576.000000000000000, 
            "Y": 160.000000000000000, 
            "Z": 96.000000000000000
        }, 
        "Rotation": {
            "X": 0.000000000000000, 
            "Y": 0.000000000000000, 
            "Z": 0.000000000000000
        }
    }
}
