{
    "Cell": "NorenenTdur [CELL:014804F1]", 
    "Record Header": {
        "Signature": "REFR", 
        "Data Size": 74, 
        "Record Flags": {
            "Quest item / Persistent reference / Show in Menu": true
        }, 
        "FormID": "01F05346", 
        "Version Control Info": "00 00 00 00"
    }, 
    "NAME - Base": "0inUdaeUdoorU01 [DOOR:01200035]", 
    "XTEL - Teleport Destination": {
        "Door": "[REFR:01F056D0]", 
        "Position/Rotation": {
            "Position": {
                "X": 4208.000000000000000, 
                "Y": 4224.000000000000000, 
                "Z": 980.000000000000000
            }, 
            "Rotation": {
                "X": 0.000000000000000, 
                "Y": 0.000000000000000, 
                "Z": 0.000000000000000
            }
        }
    }, 
    "DATA - Position/Rotation": {
        "Position": {
            "X": 2832.000000000000000, 
            "Y": 144.000000000000000, 
            "Z": -80.000000000000000
        }, 
        "Rotation": {
            "X": 0.000000000000000, 
            "Y": 0.000000000000000, 
            "Z": 90.000000000000000
        }
    }
}
