{
    "Cell": " [CELL:014C0791]", 
    "Record Header": {
        "Signature": "PGRD", 
        "Data Size": 99, 
        "Record Flags": {
            "Compressed ": true
        }, 
        "FormID": "01F8C42C", 
        "Version Control Info": "00 00 00 00"
    }, 
    "DATA - Point Count": 2, 
    "PGRP - Points": {
        "Point #0": {
            "X": 80128, 
            "Y": -65280, 
            "Z (Even = Red/Orange, Odd = Blue)": -136, 
            "Connections": 0, 
            "Unused": "CD CD CD"
        }, 
        "Point #1": {
            "X": 81920, 
            "Y": -65280, 
            "Z (Even = Red/Orange, Odd = Blue)": 184, 
            "Connections": 0, 
            "Unused": "CD CD CD"
        }
    }, 
    "PGAG - Unknown": "03", 
    "PGRI - Inter-Cell Connections": {
        "Inter-Cell Connection": {
            "Point": 0, 
            "Unused": "69 20", 
            "X": 80128.000000000000000, 
            "Y": -65792.000000000000000, 
            "Z": -72.000000000000000
        }, 
        "Inter-Cell Connection": {
            "Point": 0, 
            "Unused": "00 00", 
            "X": 80640.000000000000000, 
            "Y": -65792.000000000000000, 
            "Z": 120.000000000000000
        }, 
        "Inter-Cell Connection": {
            "Point": 1, 
            "Unused": "94 00", 
            "X": 82176.000000000000000, 
            "Y": -64768.000000000000000, 
            "Z": 216.000000000000000
        }, 
        "Inter-Cell Connection": {
            "Point": 1, 
            "Unused": "94 00", 
            "X": 82176.000000000000000, 
            "Y": -65280.000000000000000, 
            "Z": 168.000000000000000
        }
    }
}
