{
    "Cell": " [CELL:014C0E57]", 
    "Record Header": {
        "Signature": "REFR", 
        "Data Size": 58, 
        "Record Flags": {
            "Visible when distant": true
        }, 
        "FormID": "0183C9EC", 
        "Version Control Info": "00 00 00 00"
    }, 
    "NAME - Base": "mwGGFence02 [ACTI:01F8EC4E]", 
    "XLOD - Distant LOD Data": {
        "Unknown #0": 0.000000000000000, 
        "Unknown #1": 0.000000000000000, 
        "Unknown #2": 1.000000000000000
    }, 
    "DATA - Position/Rotation": {
        "Position": {
            "X": -1699.087036000000000, 
            "Y": 70022.062500000000000, 
            "Z": 7936.000000000000000
        }, 
        "Rotation": {
            "X": 0.000000000000000, 
            "Y": 0.000000000000000, 
            "Z": 11.500000000000000
        }
    }
}
