{
    "Cell": "MournholdVSTempleSCourtyard32 [CELL:01583110]", 
    "Record Header": {
        "Signature": "PGRD", 
        "Data Size": 109, 
        "Record Flags": {
            "Compressed ": true
        }, 
        "FormID": "010021D7", 
        "Version Control Info": "00 00 00 00"
    }, 
    "DATA - Point Count": 2, 
    "PGRP - Points": {
        "Point #0": {
            "X": 348, 
            "Y": -4252, 
            "Z (Even = Red/Orange, Odd = Blue)": 128, 
            "Connections": 1, 
            "Unused": "CD CD CD"
        }, 
        "Point #1": {
            "X": 1026, 
            "Y": -4227, 
            "Z (Even = Red/Orange, Odd = Blue)": 128, 
            "Connections": 1, 
            "Unused": "CD CD CD"
        }
    }, 
    "PGAG - Unknown": "00", 
    "PGRR - Point-to-Point Connections": {
        "Point #0": [
            "Point": 1
        ], 
        "Point #1": [
            "Point": 0
        ]
    }, 
    "PGRI - Inter-Cell Connections": {
        "Inter-Cell Connection": {
            "Point": 0, 
            "Unused": "49 6E", 
            "X": -3.784530000000000, 
            "Y": -4547.155273000000000, 
            "Z": 128.000000000000000
        }, 
        "Inter-Cell Connection": {
            "Point": 0, 
            "Unused": "00 00", 
            "X": -7.759354000000000, 
            "Y": -4078.776367000000000, 
            "Z": 128.000000000000000
        }, 
        "Inter-Cell Connection": {
            "Point": 0, 
            "Unused": "49 6E", 
            "X": -358.793701000000000, 
            "Y": -4240.847168000000000, 
            "Z": 128.000000000000000
        }, 
        "Inter-Cell Connection": {
            "Point": 1, 
            "Unused": "00 00", 
            "X": 1608.777588000000000, 
            "Y": -3960.432861000000000, 
            "Z": 128.000000000000000
        }
    }
}
