{
    "Cell": "EbonheartVSGrandSCouncilSChambers [CELL:014801A5]", 
    "Record Header": {
        "Signature": "REFR", 
        "Data Size": 74, 
        "Record Flags": {
            "Quest item / Persistent reference / Show in Menu": true
        }, 
        "FormID": "01822671", 
        "Version Control Info": "00 00 00 00"
    }, 
    "NAME - Base": "0ExUimpUloaddoorU02 [DOOR:0120000B]", 
    "XTEL - Teleport Destination": {
        "Door": "[REFR:0181EB06]", 
        "Position/Rotation": {
            "Position": {
                "X": 9529.878906000000000, 
                "Y": -100634.015625000000000, 
                "Z": 2052.000000000000000
            }, 
            "Rotation": {
                "X": 0.000000000000000, 
                "Y": 0.000000000000000, 
                "Z": 0.000000000000000
            }
        }
    }, 
    "DATA - Position/Rotation": {
        "Position": {
            "X": -256.000000000000000, 
            "Y": 768.000000000000000, 
            "Z": 736.000000000000000
        }, 
        "Rotation": {
            "X": 0.000000000000000, 
            "Y": 0.000000000000000, 
            "Z": 90.000000000000000
        }
    }
}
