{
    "Cell": " [CELL:014C1080]", 
    "Record Header": {
        "Signature": "REFR", 
        "Data Size": 58, 
        "Record Flags": {
            "Visible when distant": true
        }, 
        "FormID": "0183D8B1", 
        "Version Control Info": "00 00 00 00"
    }, 
    "NAME - Base": "0terrainUrockUbcU18 [STAT:010C08FA]", 
    "XLOD - Distant LOD Data": {
        "Unknown #0": 0.000000000000000, 
        "Unknown #1": 0.000000000000000, 
        "Unknown #2": 1.000000000000000
    }, 
    "DATA - Position/Rotation": {
        "Position": {
            "X": -30276.240234000000000, 
            "Y": -6061.836914000000000, 
            "Z": 931.929199000000000
        }, 
        "Rotation": {
            "X": 0.000000000000000, 
            "Y": 22.918300000000000, 
            "Z": 240.609900000000000
        }
    }
}
