{
    "Cell": " [CELL:014C112D]", 
    "Record Header": {
        "Signature": "REFR", 
        "Data Size": 58, 
        "Record Flags": {
            "Visible when distant": true
        }, 
        "FormID": "0183DC16", 
        "Version Control Info": "00 00 00 00"
    }, 
    "NAME - Base": "0terrainUrockUbcU18 [STAT:010C08FA]", 
    "XLOD - Distant LOD Data": {
        "Unknown #0": 0.000000000000000, 
        "Unknown #1": 0.000000000000000, 
        "Unknown #2": 1.000000000000000
    }, 
    "DATA - Position/Rotation": {
        "Position": {
            "X": -34612.902344000000000, 
            "Y": -15712.108398000000000, 
            "Z": 27.926800000000000
        }, 
        "Rotation": {
            "X": 308.433700000000000, 
            "Y": 74.484500000000000, 
            "Z": 325.622600000000000
        }
    }
}
