{
    "Cell": " [CELL:014C112D]", 
    "Record Header": {
        "Signature": "REFR", 
        "Data Size": 58, 
        "Record Flags": {
            "Visible when distant": true
        }, 
        "FormID": "0183DC37", 
        "Version Control Info": "00 00 00 00"
    }, 
    "NAME - Base": "0terrainUrockUbcU18 [STAT:010C08FA]", 
    "XLOD - Distant LOD Data": {
        "Unknown #0": 0.000000000000000, 
        "Unknown #1": 0.000000000000000, 
        "Unknown #2": 1.000000000000000
    }, 
    "DATA - Position/Rotation": {
        "Position": {
            "X": -35670.546875000000000, 
            "Y": -14144.979492000000000, 
            "Z": 28.473291000000000
        }, 
        "Rotation": {
            "X": 0.000000000000000, 
            "Y": 28.647900000000000, 
            "Z": 155.661900000000000
        }
    }
}
