{
    "Cell": "AndasrethVSPropylonSChamber [CELL:014800CC]", 
    "Record Header": {
        "Signature": "REFR", 
        "Data Size": 74, 
        "Record Flags": {
            "Quest item / Persistent reference / Show in Menu": true
        }, 
        "FormID": "0181F33A", 
        "Version Control Info": "00 00 00 00"
    }, 
    "NAME - Base": "0inUstrongUvaultdoor00 [DOOR:0120000F]", 
    "XTEL - Teleport Destination": {
        "Door": "[REFR:0181B23C]", 
        "Position/Rotation": {
            "Position": {
                "X": -67769.531250000000000, 
                "Y": 47414.437500000000000, 
                "Z": 1748.000000000000000
            }, 
            "Rotation": {
                "X": 0.000000000000000, 
                "Y": 0.000000000000000, 
                "Z": 274.100000000000000
            }
        }
    }, 
    "DATA - Position/Rotation": {
        "Position": {
            "X": 704.000000000000000, 
            "Y": 703.000000000000000, 
            "Z": -384.000000000000000
        }, 
        "Rotation": {
            "X": 0.000000000000000, 
            "Y": 0.000000000000000, 
            "Z": 0.000000000000000
        }
    }
}
