{
    "Cell": "MudanVSLostSDwemerSCheckpoint [CELL:014802A6]", 
    "Record Header": {
        "Signature": "REFR", 
        "Data Size": 74, 
        "Record Flags": {
            "Quest item / Persistent reference / Show in Menu": true
        }, 
        "FormID": "01867F9C", 
        "Version Control Info": "00 00 00 00"
    }, 
    "NAME - Base": "0doorUdwrvUloadup00 [DOOR:0120004D]", 
    "XTEL - Teleport Destination": {
        "Door": "[REFR:01867FF0]", 
        "Position/Rotation": {
            "Position": {
                "X": 69.262726000000000, 
                "Y": 181.902023000000000, 
                "Z": 170.825928000000000
            }, 
            "Rotation": {
                "X": 0.000000000000000, 
                "Y": 0.000000000000000, 
                "Z": 137.509900000000000
            }
        }
    }, 
    "DATA - Position/Rotation": {
        "Position": {
            "X": 1152.000000000000000, 
            "Y": -2592.000000000000000, 
            "Z": 64.000000000000000
        }, 
        "Rotation": {
            "X": 180.000000000000000, 
            "Y": 0.000000000000000, 
            "Z": 180.000000000000000
        }
    }
}
