{
    "Cell": "KhartagSPoint01 [CELL:014C1371]", 
    "Record Header": {
        "Signature": "REFR", 
        "Data Size": 58, 
        "Record Flags": {
            "Visible when distant": true
        }, 
        "FormID": "018336C4", 
        "Version Control Info": "00 00 00 00"
    }, 
    "NAME - Base": "0terrainUrockUbcU18 [STAT:010C08FA]", 
    "XLOD - Distant LOD Data": {
        "Unknown #0": 0.000000000000000, 
        "Unknown #1": 0.000000000000000, 
        "Unknown #2": 1.000000000000000
    }, 
    "DATA - Position/Rotation": {
        "Position": {
            "X": -68414.414062000000000, 
            "Y": 34036.113281000000000, 
            "Z": 133.145599000000000
        }, 
        "Rotation": {
            "X": 331.352100000000000, 
            "Y": 0.000000000000000, 
            "Z": 263.560600000000000
        }
    }
}
