{
    "Cell": "SolstheimVSBjorn [CELL:01480559]", 
    "Record Header": {
        "Signature": "REFR", 
        "Data Size": 74, 
        "Record Flags": {
            "Quest item / Persistent reference / Show in Menu": true
        }, 
        "FormID": "01F086A5", 
        "Version Control Info": "00 00 00 00"
    }, 
    "NAME - Base": "0BMUICUdoorUpelt [DOOR:012000E9]", 
    "XTEL - Teleport Destination": {
        "Door": "[REFR:01F01674]", 
        "Position/Rotation": {
            "Position": {
                "X": -181215.125000000000000, 
                "Y": 197930.125000000000000, 
                "Z": 1022.796265000000000
            }, 
            "Rotation": {
                "X": 0.000000000000000, 
                "Y": 0.000000000000000, 
                "Z": 0.000000000000000
            }
        }
    }, 
    "DATA - Position/Rotation": {
        "Position": {
            "X": -29.763475000000000, 
            "Y": -477.665283000000000, 
            "Z": 16.158184000000000
        }, 
        "Rotation": {
            "X": 0.000000000000000, 
            "Y": 0.000000000000000, 
            "Z": 90.000000000000000
        }
    }
}
