{
    "Cell": " [CELL:014C093F]", 
    "Record Header": {
        "Signature": "REFR", 
        "Data Size": 68, 
        "Record Flags": {
            "Visible when distant": true
        }, 
        "FormID": "018442DA", 
        "Version Control Info": "00 00 00 00"
    }, 
    "NAME - Base": "0ExUTUmenhirULU01 [STAT:010C0429]", 
    "XLOD - Distant LOD Data": {
        "Unknown #0": 0.000000000000000, 
        "Unknown #1": 0.000000000000000, 
        "Unknown #2": 1.000000000000000
    }, 
    "XSCL - Scale": 1.620000000000000, 
    "DATA - Position/Rotation": {
        "Position": {
            "X": 54106.132812000000000, 
            "Y": 186197.765625000000000, 
            "Z": 1379.231934000000000
        }, 
        "Rotation": {
            "X": 5.729500000000000, 
            "Y": 0.000000000000000, 
            "Z": 68.754900000000000
        }
    }
}
