{
    "Cell": "YakaridanSCampVSKitbaelAsSYurt [CELL:014804A4]", 
    "Record Header": {
        "Signature": "REFR", 
        "Data Size": 74, 
        "Record Flags": {
            "Quest item / Persistent reference / Show in Menu": true
        }, 
        "FormID": "018431E5", 
        "Version Control Info": "00 00 00 00"
    }, 
    "NAME - Base": "0inUashlUdoorU02 [DOOR:0120003C]", 
    "XTEL - Teleport Destination": {
        "Door": "[REFR:018430DA]", 
        "Position/Rotation": {
            "Position": {
                "X": 87035.421875000000000, 
                "Y": 101582.976562000000000, 
                "Z": 589.484131000000000
            }, 
            "Rotation": {
                "X": 0.000000000000000, 
                "Y": 0.000000000000000, 
                "Z": 45.836600000000000
            }
        }
    }, 
    "DATA - Position/Rotation": {
        "Position": {
            "X": -42.783001000000000, 
            "Y": 94.620003000000000, 
            "Z": 0.000000000000000
        }, 
        "Rotation": {
            "X": 0.000000000000000, 
            "Y": 0.000000000000000, 
            "Z": 176.700000000000000
        }
    }
}
