{
    "Cell": " [CELL:014C0E55]", 
    "Record Header": {
        "Signature": "REFR", 
        "Data Size": 58, 
        "Record Flags": {
            "Visible when distant": true
        }, 
        "FormID": "01836FC7", 
        "Version Control Info": "00 00 00 00"
    }, 
    "NAME - Base": "0terrainUrockUrmU17 [STAT:010C04EC]", 
    "XLOD - Distant LOD Data": {
        "Unknown #0": 0.000000000000000, 
        "Unknown #1": 0.000000000000000, 
        "Unknown #2": 1.000000000000000
    }, 
    "DATA - Position/Rotation": {
        "Position": {
            "X": -278.288757000000000, 
            "Y": 67552.023437000000000, 
            "Z": 6472.112793000000000
        }, 
        "Rotation": {
            "X": 342.811300000000000, 
            "Y": 0.000000000000000, 
            "Z": 194.805600000000000
        }
    }
}
