{
    "Cell": " [CELL:014C0563]", 
    "Record Header": {
        "Signature": "REFR", 
        "Data Size": 68, 
        "Record Flags": {
            "Visible when distant": true
        }, 
        "FormID": "01861939", 
        "Version Control Info": "00 00 00 00"
    }, 
    "NAME - Base": "0terrainUrockUmaU54 [STAT:010C087E]", 
    "XLOD - Distant LOD Data": {
        "Unknown #0": 0.000000000000000, 
        "Unknown #1": 0.000000000000000, 
        "Unknown #2": 1.000000000000000
    }, 
    "XSCL - Scale": 2.000000000000000, 
    "DATA - Position/Rotation": {
        "Position": {
            "X": 106464.242187000000000, 
            "Y": 13816.936523000000000, 
            "Z": 1848.119629000000000
        }, 
        "Rotation": {
            "X": 5.729600000000000, 
            "Y": 5.729600000000000, 
            "Z": 169.960900000000000
        }
    }
}
