{
    "Cell": " [CELL:014C0F81]", 
    "Record Header": {
        "Signature": "REFR", 
        "Data Size": 68, 
        "Record Flags": {
            "Visible when distant": true
        }, 
        "FormID": "0184EFC2", 
        "Version Control Info": "00 00 00 00"
    }, 
    "NAME - Base": "0ExUTUmenhirULU01 [STAT:010C0429]", 
    "XLOD - Distant LOD Data": {
        "Unknown #0": 0.000000000000000, 
        "Unknown #1": 0.000000000000000, 
        "Unknown #2": 1.000000000000000
    }, 
    "XSCL - Scale": 1.280000000000000, 
    "DATA - Position/Rotation": {
        "Position": {
            "X": -19945.994141000000000, 
            "Y": 174695.015625000000000, 
            "Z": 330.215027000000000
        }, 
        "Rotation": {
            "X": 342.811300000000000, 
            "Y": 5.729600000000000, 
            "Z": 57.295900000000000
        }
    }
}
