{
    "Cell": "Sud [CELL:0148037A]", 
    "Record Header": {
        "Signature": "REFR", 
        "Data Size": 74, 
        "Record Flags": {
            "Quest item / Persistent reference / Show in Menu": true
        }, 
        "FormID": "0184758C", 
        "Version Control Info": "00 00 00 00"
    }, 
    "NAME - Base": "0exUcaveUdoorU01 [DOOR:0120002F]", 
    "XTEL - Teleport Destination": {
        "Door": "[REFR:01847573]", 
        "Position/Rotation": {
            "Position": {
                "X": 21944.000000000000000, 
                "Y": 182424.000000000000000, 
                "Z": 232.000000000000000
            }, 
            "Rotation": {
                "X": 0.000000000000000, 
                "Y": 0.000000000000000, 
                "Z": 348.500000000000000
            }
        }
    }, 
    "DATA - Position/Rotation": {
        "Position": {
            "X": 896.000000000000000, 
            "Y": 3144.000000000000000, 
            "Z": 996.000000000000000
        }, 
        "Rotation": {
            "X": 0.000000000000000, 
            "Y": 0.000000000000000, 
            "Z": 176.700000000000000
        }
    }
}
