{
    "Cell": " [CELL:014C0170]", 
    "Record Header": {
        "Signature": "REFR", 
        "Data Size": 68, 
        "Record Flags": {
            "Visible when distant": true
        }, 
        "FormID": "0184CAF4", 
        "Version Control Info": "00 00 00 00"
    }, 
    "NAME - Base": "0ExUTUmenhirULU01 [STAT:010C0429]", 
    "XLOD - Distant LOD Data": {
        "Unknown #0": 0.000000000000000, 
        "Unknown #1": 0.000000000000000, 
        "Unknown #2": 1.000000000000000
    }, 
    "XSCL - Scale": 1.940000000000000, 
    "DATA - Position/Rotation": {
        "Position": {
            "X": 157739.812500000000000, 
            "Y": 50989.289062000000000, 
            "Z": -1195.486084000000000
        }, 
        "Rotation": {
            "X": 354.270400000000000, 
            "Y": 354.270500000000000, 
            "Z": 78.287400000000000
        }
    }
}
