{
    "Cell": "Shal [CELL:01480359]", 
    "Record Header": {
        "Signature": "REFR", 
        "Data Size": 74, 
        "Record Flags": {
            "Quest item / Persistent reference / Show in Menu": true
        }, 
        "FormID": "018475C5", 
        "Version Control Info": "00 00 00 00"
    }, 
    "NAME - Base": "0exUcaveUdoorU01 [DOOR:0120002F]", 
    "XTEL - Teleport Destination": {
        "Door": "[REFR:0184757A]", 
        "Position/Rotation": {
            "Position": {
                "X": -55749.179687000000000, 
                "Y": -24341.517578000000000, 
                "Z": 51.513000000000000
            }, 
            "Rotation": {
                "X": 0.000000000000000, 
                "Y": 0.000000000000000, 
                "Z": 239.700000000000000
            }
        }
    }, 
    "DATA - Position/Rotation": {
        "Position": {
            "X": -1714.986206000000000, 
            "Y": -179.250626000000000, 
            "Z": 324.746460000000000
        }, 
        "Rotation": {
            "X": 0.000000000000000, 
            "Y": 0.000000000000000, 
            "Z": 268.300000000000000
        }
    }
}
