{
    "Cell": "SadrithSMoraVSWolverineSHall [CELL:01480329]", 
    "Record Header": {
        "Signature": "REFR", 
        "Data Size": 74, 
        "Record Flags": {
            "Quest item / Persistent reference / Show in Menu": true
        }, 
        "FormID": "018582A0", 
        "Version Control Info": "00 00 00 00"
    }, 
    "NAME - Base": "0inUimpsmallUloaddoorU01 [DOOR:01200022]", 
    "XTEL - Teleport Destination": {
        "Door": "[REFR:0180BEBC]", 
        "Position/Rotation": {
            "Position": {
                "X": 149072.000000000000000, 
                "Y": 29168.000000000000000, 
                "Z": 1140.000000000000000
            }, 
            "Rotation": {
                "X": 0.000000000000000, 
                "Y": 0.000000000000000, 
                "Z": 90.000000000000000
            }
        }
    }, 
    "DATA - Position/Rotation": {
        "Position": {
            "X": 4096.000000000000000, 
            "Y": 4224.000000000000000, 
            "Z": 14272.000000000000000
        }, 
        "Rotation": {
            "X": 0.000000000000000, 
            "Y": 0.000000000000000, 
            "Z": 270.000000000000000
        }
    }
}
