{
    "Cell": "MoonmothSLegionSFort01 [CELL:014C0E81]", 
    "Record Header": {
        "Signature": "REFR", 
        "Data Size": 58, 
        "Record Flags": {
            "Visible when distant": true
        }, 
        "FormID": "0182EF4F", 
        "Version Control Info": "00 00 00 00"
    }, 
    "NAME - Base": "0terrainUrockUrmU17 [STAT:010C04EC]", 
    "XLOD - Distant LOD Data": {
        "Unknown #0": 0.000000000000000, 
        "Unknown #1": 0.000000000000000, 
        "Unknown #2": 1.000000000000000
    }, 
    "DATA - Position/Rotation": {
        "Position": {
            "X": -1139.729126000000000, 
            "Y": -24287.822266000000000, 
            "Z": 2239.555420000000000
        }, 
        "Rotation": {
            "X": 17.188700000000000, 
            "Y": 0.000000000000000, 
            "Z": 182.383100000000000
        }
    }
}
