{
    "Cell": "BalmoraVSEightSPlates [CELL:01480117]", 
    "Record Header": {
        "Signature": "REFR", 
        "Data Size": 74, 
        "Record Flags": {
            "Quest item / Persistent reference / Show in Menu": true
        }, 
        "FormID": "0180DD71", 
        "Version Control Info": "00 00 00 00"
    }, 
    "NAME - Base": "0inUhlaaluUdoor [DOOR:01200027]", 
    "XTEL - Teleport Destination": {
        "Door": "[REFR:0180802E]", 
        "Position/Rotation": {
            "Position": {
                "X": -21792.189453000000000, 
                "Y": -12087.351562000000000, 
                "Z": 821.637756000000000
            }, 
            "Rotation": {
                "X": 0.000000000000000, 
                "Y": 0.000000000000000, 
                "Z": 270.000000000000000
            }
        }
    }, 
    "DATA - Position/Rotation": {
        "Position": {
            "X": -256.000000000000000, 
            "Y": -320.000000000000000, 
            "Z": 128.000000000000000
        }, 
        "Rotation": {
            "X": 0.000000000000000, 
            "Y": 0.000000000000000, 
            "Z": 0.000000000000000
        }
    }
}
