{
    "Cell": " [CELL:014C0177]", 
    "Record Header": {
        "Signature": "REFR", 
        "Data Size": 68, 
        "Record Flags": {
            "Visible when distant": true
        }, 
        "FormID": "0184CAFD", 
        "Version Control Info": "00 00 00 00"
    }, 
    "NAME - Base": "0ExUTUmenhirULU01 [STAT:010C0429]", 
    "XLOD - Distant LOD Data": {
        "Unknown #0": 0.000000000000000, 
        "Unknown #1": 0.000000000000000, 
        "Unknown #2": 1.000000000000000
    }, 
    "XSCL - Scale": 2.000000000000000, 
    "DATA - Position/Rotation": {
        "Position": {
            "X": 162778.609375000000000, 
            "Y": 48749.128906000000000, 
            "Z": -1396.180786000000000
        }, 
        "Rotation": {
            "X": 354.270400000000000, 
            "Y": 354.270500000000000, 
            "Z": 124.124000000000000
        }
    }
}
