{
    "Cell": " [CELL:014C0D90]", 
    "Record Header": {
        "Signature": "REFR", 
        "Data Size": 58, 
        "Record Flags": {
            "Visible when distant": true
        }, 
        "FormID": "0183C9BA", 
        "Version Control Info": "00 00 00 00"
    }, 
    "NAME - Base": "mwGGFence04 [ACTI:01008482]", 
    "XLOD - Distant LOD Data": {
        "Unknown #0": 0.000000000000000, 
        "Unknown #1": 0.000000000000000, 
        "Unknown #2": 1.000000000000000
    }, 
    "DATA - Position/Rotation": {
        "Position": {
            "X": 2387.530029000000000, 
            "Y": 99630.671875000000000, 
            "Z": 8960.000000000000000
        }, 
        "Rotation": {
            "X": 0.000000000000000, 
            "Y": 0.000000000000000, 
            "Z": 161.900000000000000
        }
    }
}
