{
    "Cell": " [CELL:014C0CF6]", 
    "Record Header": {
        "Signature": "REFR", 
        "Data Size": 58, 
        "Record Flags": {
            "Visible when distant": true
        }, 
        "FormID": "0183C9AD", 
        "Version Control Info": "00 00 00 00"
    }, 
    "NAME - Base": "mwGGFence01 [ACTI:01F8EC4D]", 
    "XLOD - Distant LOD Data": {
        "Unknown #0": 0.000000000000000, 
        "Unknown #1": 0.000000000000000, 
        "Unknown #2": 1.000000000000000
    }, 
    "DATA - Position/Rotation": {
        "Position": {
            "X": 8238.509766000000000, 
            "Y": 56216.085937000000000, 
            "Z": 8960.000000000000000
        }, 
        "Rotation": {
            "X": 0.000000000000000, 
            "Y": 0.000000000000000, 
            "Z": 269.800200000000000
        }
    }
}
