{
    "Cell": " [CELL:014C111E]", 
    "Record Header": {
        "Signature": "REFR", 
        "Data Size": 58, 
        "Record Flags": {
            "Visible when distant": true
        }, 
        "FormID": "01837D00", 
        "Version Control Info": "00 00 00 00"
    }, 
    "NAME - Base": "0terrainUrockUbcU18 [STAT:010C08FA]", 
    "XLOD - Distant LOD Data": {
        "Unknown #0": 0.000000000000000, 
        "Unknown #1": 0.000000000000000, 
        "Unknown #2": 1.000000000000000
    }, 
    "DATA - Position/Rotation": {
        "Position": {
            "X": -37014.214844000000000, 
            "Y": 23421.556641000000000, 
            "Z": 1254.277954000000000
        }, 
        "Rotation": {
            "X": 337.081700000000000, 
            "Y": 22.918300000000000, 
            "Z": 343.742300000000000
        }
    }
}
