{
    "Cell": "KogoruhnVSHallSofSPhisto [CELL:01480244]", 
    "Record Header": {
        "Signature": "REFR", 
        "Data Size": 74, 
        "Record Flags": {
            "Quest item / Persistent reference / Show in Menu": true
        }, 
        "FormID": "0185D424", 
        "Version Control Info": "00 00 00 00"
    }, 
    "NAME - Base": "0inUstrongUvaultdoor00 [DOOR:0120000F]", 
    "XTEL - Teleport Destination": {
        "Door": "[REFR:0181F920]", 
        "Position/Rotation": {
            "Position": {
                "X": 3584.000000000000000, 
                "Y": 120064.000000000000000, 
                "Z": 1444.000000000000000
            }, 
            "Rotation": {
                "X": 0.000000000000000, 
                "Y": 0.000000000000000, 
                "Z": 90.000000000000000
            }
        }
    }, 
    "DATA - Position/Rotation": {
        "Position": {
            "X": 1120.000000000000000, 
            "Y": 684.000000000000000, 
            "Z": -224.000000000000000
        }, 
        "Rotation": {
            "X": 0.000000000000000, 
            "Y": 0.000000000000000, 
            "Z": 90.000000000000000
        }
    }
}
