{
    "Cell": "AldTruhnVSSarethiSGuardSQuarters [CELL:014800B4]", 
    "Record Header": {
        "Signature": "REFR", 
        "Data Size": 74, 
        "Record Flags": {
            "Quest item / Persistent reference / Show in Menu": true
        }, 
        "FormID": "01813B79", 
        "Version Control Info": "00 00 00 00"
    }, 
    "NAME - Base": "0inUrUsUdoorU01 [DOOR:01200014]", 
    "XTEL - Teleport Destination": {
        "Door": "[REFR:01813577]", 
        "Position/Rotation": {
            "Position": {
                "X": 624.000000000000000, 
                "Y": 4096.000000000000000, 
                "Z": -348.000000000000000
            }, 
            "Rotation": {
                "X": 0.000000000000000, 
                "Y": 0.000000000000000, 
                "Z": 270.000000000000000
            }
        }
    }, 
    "DATA - Position/Rotation": {
        "Position": {
            "X": 257.135498000000000, 
            "Y": -64.000000000000000, 
            "Z": 0.000000000000000
        }, 
        "Rotation": {
            "X": 0.000000000000000, 
            "Y": 0.000000000000000, 
            "Z": 272.000000000000000
        }
    }
}
