{
    "Cell": "CavernSofStheSIncarnate [CELL:0148015F]", 
    "Record Header": {
        "Signature": "REFR", 
        "Data Size": 74, 
        "Record Flags": {
            "Quest item / Persistent reference / Show in Menu": true
        }, 
        "FormID": "01838D11", 
        "Version Control Info": "00 00 00 00"
    }, 
    "NAME - Base": "0inUciUdoorU01Uindoor [DOOR:01200086]", 
    "XTEL - Teleport Destination": {
        "Door": "mwCavernIncarnateDoor [REFR:01838CA2]", 
        "Position/Rotation": {
            "Position": {
                "X": 52026.476562000000000, 
                "Y": 109388.046875000000000, 
                "Z": 6085.732910000000000
            }, 
            "Rotation": {
                "X": 0.000000000000000, 
                "Y": 0.000000000000000, 
                "Z": 190.500000000000000
            }
        }
    }, 
    "DATA - Position/Rotation": {
        "Position": {
            "X": 39.082001000000000, 
            "Y": -1503.322998000000000, 
            "Z": 12.663000000000000
        }, 
        "Rotation": {
            "X": 0.000000000000000, 
            "Y": 0.000000000000000, 
            "Z": 0.000000000000000
        }
    }
}
