{
    "Cell": "BensiberibSCampVSOdaishahAsSYurt [CELL:01480138]", 
    "Record Header": {
        "Signature": "REFR", 
        "Data Size": 74, 
        "Record Flags": {
            "Quest item / Persistent reference / Show in Menu": true
        }, 
        "FormID": "01843122", 
        "Version Control Info": "00 00 00 00"
    }, 
    "NAME - Base": "0inUashlUdoorU02 [DOOR:0120003C]", 
    "XTEL - Teleport Destination": {
        "Door": "[REFR:0184179B]", 
        "Position/Rotation": {
            "Position": {
                "X": 108466.718750000000000, 
                "Y": 25856.017578000000000, 
                "Z": 276.298309000000000
            }, 
            "Rotation": {
                "X": 0.000000000000000, 
                "Y": 0.000000000000000, 
                "Z": 348.540900000000000
            }
        }
    }, 
    "DATA - Position/Rotation": {
        "Position": {
            "X": 0.000000000000000, 
            "Y": 0.000000000000000, 
            "Z": 0.000000000000000
        }, 
        "Rotation": {
            "X": 0.000000000000000, 
            "Y": 0.000000000000000, 
            "Z": 0.000000000000000
        }
    }
}
