{
    "Cell": "Balmora14 [CELL:014C1086]", 
    "Record Header": {
        "Signature": "REFR", 
        "Data Size": 58, 
        "Record Flags": {
            "Visible when distant": true
        }, 
        "FormID": "0183D8DE", 
        "Version Control Info": "00 00 00 00"
    }, 
    "NAME - Base": "0terrainUrockUbcU18 [STAT:010C08FA]", 
    "XLOD - Distant LOD Data": {
        "Unknown #0": 0.000000000000000, 
        "Unknown #1": 0.000000000000000, 
        "Unknown #2": 1.000000000000000
    }, 
    "DATA - Position/Rotation": {
        "Position": {
            "X": -32654.212891000000000, 
            "Y": -9167.135742000000000, 
            "Z": 4.712217000000000
        }, 
        "Rotation": {
            "X": 308.433900000000000, 
            "Y": 57.295800000000000, 
            "Z": 320.823900000000000
        }
    }
}
