{
    "Cell": "UrshilakuVSLaterusSBurial [CELL:014803EF]", 
    "Record Header": {
        "Signature": "REFR", 
        "Data Size": 74, 
        "Record Flags": {
            "Quest item / Persistent reference / Show in Menu": true
        }, 
        "FormID": "01872E04", 
        "Version Control Info": "00 00 00 00"
    }, 
    "NAME - Base": "0doorUcavernUdoors10 [DOOR:01200013]", 
    "XTEL - Teleport Destination": {
        "Door": "[REFR:01872DF4]", 
        "Position/Rotation": {
            "Position": {
                "X": 1417.453369000000000, 
                "Y": 6775.922363000000000, 
                "Z": 12109.583984000000000
            }, 
            "Rotation": {
                "X": 0.000000000000000, 
                "Y": 0.000000000000000, 
                "Z": 97.402800000000000
            }
        }
    }, 
    "DATA - Position/Rotation": {
        "Position": {
            "X": 4362.405762000000000, 
            "Y": 7791.556641000000000, 
            "Z": 880.692017000000000
        }, 
        "Rotation": {
            "X": 0.000000000000000, 
            "Y": 0.000000000000000, 
            "Z": 320.856300000000000
        }
    }
}
