{
    "Cell": "SkaalSVillageVSErnaStheSQuietAsSHouse [CELL:0148054C]", 
    "Record Header": {
        "Signature": "REFR", 
        "Data Size": 84, 
        "Record Flags": {
            "Quest item / Persistent reference / Show in Menu": true
        }, 
        "FormID": "01F08206", 
        "Version Control Info": "00 00 00 00"
    }, 
    "NAME - Base": "0InUSUdoor [DOOR:012000BF]", 
    "XTEL - Teleport Destination": {
        "Door": "[REFR:01F029E5]", 
        "Position/Rotation": {
            "Position": {
                "X": -160930.312500000000000, 
                "Y": 212060.984375000000000, 
                "Z": 2954.046875000000000
            }, 
            "Rotation": {
                "X": 0.000000000000000, 
                "Y": 0.000000000000000, 
                "Z": 207.811300000000000
            }
        }
    }, 
    "XSCL - Scale": 1.150000000000000, 
    "DATA - Position/Rotation": {
        "Position": {
            "X": -242.295807000000000, 
            "Y": -419.830139000000000, 
            "Z": -141.619400000000000
        }, 
        "Rotation": {
            "X": 0.000000000000000, 
            "Y": 0.000000000000000, 
            "Z": 28.626700000000000
        }
    }
}
