{
    "Cell": " [CELL:014C0E72]", 
    "Record Header": {
        "Signature": "REFR", 
        "Data Size": 58, 
        "Record Flags": {
            "Visible when distant": true
        }, 
        "FormID": "0180BF31", 
        "Version Control Info": "00 00 00 00"
    }, 
    "NAME - Base": "0terrainUrockUwgU10 [STAT:010C048F]", 
    "XLOD - Distant LOD Data": {
        "Unknown #0": 0.000000000000000, 
        "Unknown #1": 0.000000000000000, 
        "Unknown #2": 1.000000000000000
    }, 
    "DATA - Position/Rotation": {
        "Position": {
            "X": -6514.888672000000000, 
            "Y": 13925.182617000000000, 
            "Z": 1362.525635000000000
        }, 
        "Rotation": {
            "X": 354.270400000000000, 
            "Y": 17.188700000000000, 
            "Z": 11.459200000000000
        }
    }
}
