{
    "Cell": "FortSFrostmothVSCurtainSWall [CELL:01480530]", 
    "Record Header": {
        "Signature": "REFR", 
        "Data Size": 74, 
        "Record Flags": {
            "Quest item / Persistent reference / Show in Menu": true
        }, 
        "FormID": "01F0729A", 
        "Version Control Info": "00 00 00 00"
    }, 
    "NAME - Base": "0inUimpsmallUloaddoorU01 [DOOR:01200022]", 
    "XTEL - Teleport Destination": {
        "Door": "[REFR:01F01781]", 
        "Position/Rotation": {
            "Position": {
                "X": -174162.078125000000000, 
                "Y": 141086.093750000000000, 
                "Z": 1542.091064000000000
            }, 
            "Rotation": {
                "X": 0.000000000000000, 
                "Y": 0.000000000000000, 
                "Z": 268.326900000000000
            }
        }
    }, 
    "DATA - Position/Rotation": {
        "Position": {
            "X": 2176.000000000000000, 
            "Y": 4992.000000000000000, 
            "Z": 14720.000000000000000
        }, 
        "Rotation": {
            "X": 0.000000000000000, 
            "Y": 0.000000000000000, 
            "Z": 0.000000000000000
        }
    }
}
