{
    "Cell": "DagonSFelVSVacantSTower [CELL:01480174]", 
    "Record Header": {
        "Signature": "REFR", 
        "Data Size": 74, 
        "Record Flags": {
            "Quest item / Persistent reference / Show in Menu": true
        }, 
        "FormID": "01834528", 
        "Version Control Info": "00 00 00 00"
    }, 
    "NAME - Base": "0doorUdwrvUloaddown00 [DOOR:0120004C]", 
    "XTEL - Teleport Destination": {
        "Door": "[REFR:018344D7]", 
        "Position/Rotation": {
            "Position": {
                "X": -1897.333130000000000, 
                "Y": 179.177475000000000, 
                "Z": 836.000000000000000
            }, 
            "Rotation": {
                "X": 0.000000000000000, 
                "Y": 0.000000000000000, 
                "Z": 135.000000000000000
            }
        }
    }, 
    "DATA - Position/Rotation": {
        "Position": {
            "X": -1931.207764000000000, 
            "Y": 256.648987000000000, 
            "Z": 1167.762207000000000
        }, 
        "Rotation": {
            "X": 0.000000000000000, 
            "Y": 0.000000000000000, 
            "Z": 90.000000000000000
        }
    }
}
