{
    "Cell": "AldSSothaVSUpperSLevel [CELL:0148007D]", 
    "Record Header": {
        "Signature": "REFR", 
        "Data Size": 74, 
        "Record Flags": {
            "Quest item / Persistent reference / Show in Menu": true
        }, 
        "FormID": "0182FFF5", 
        "Version Control Info": "00 00 00 00"
    }, 
    "NAME - Base": "0inUdaeUdoorU01 [DOOR:01200035]", 
    "XTEL - Teleport Destination": {
        "Door": "[REFR:01830048]", 
        "Position/Rotation": {
            "Position": {
                "X": -832.000000000000000, 
                "Y": 1024.000000000000000, 
                "Z": 580.000000000000000
            }, 
            "Rotation": {
                "X": 0.000000000000000, 
                "Y": 0.000000000000000, 
                "Z": 90.000000000000000
            }
        }
    }, 
    "DATA - Position/Rotation": {
        "Position": {
            "X": 1732.303711000000000, 
            "Y": 1424.062988000000000, 
            "Z": -1419.481445000000000
        }, 
        "Rotation": {
            "X": 0.000000000000000, 
            "Y": 0.000000000000000, 
            "Z": 270.000000000000000
        }
    }
}
