{
    "Cell": "MinistrySofSTruthVSPrisonSKeep [CELL:01480293]", 
    "Record Header": {
        "Signature": "REFR", 
        "Data Size": 74, 
        "Record Flags": {
            "Quest item / Persistent reference / Show in Menu": true
        }, 
        "FormID": "0185DA74", 
        "Version Control Info": "00 00 00 00"
    }, 
    "NAME - Base": "0doorUcavernUdoors10 [DOOR:01200013]", 
    "XTEL - Teleport Destination": {
        "Door": "[REFR:0185D986]", 
        "Position/Rotation": {
            "Position": {
                "X": 0.000000000000000, 
                "Y": -3356.000000000000000, 
                "Z": 538.000000000000000
            }, 
            "Rotation": {
                "X": 0.000000000000000, 
                "Y": 0.000000000000000, 
                "Z": 180.000000000000000
            }
        }
    }, 
    "DATA - Position/Rotation": {
        "Position": {
            "X": -62.000000000000000, 
            "Y": 64.000000000000000, 
            "Z": 96.000000000000000
        }, 
        "Rotation": {
            "X": 0.000000000000000, 
            "Y": 0.000000000000000, 
            "Z": 0.000000000000000
        }
    }
}
