{
    "Cell": "SolstheimVSBenkongerike [CELL:01480558]", 
    "Record Header": {
        "Signature": "REFR", 
        "Data Size": 74, 
        "Record Flags": {
            "Quest item / Persistent reference / Show in Menu": true
        }, 
        "FormID": "01F08609", 
        "Version Control Info": "00 00 00 00"
    }, 
    "NAME - Base": "0BMUICUdoorUpelt [DOOR:012000E9]", 
    "XTEL - Teleport Destination": {
        "Door": "[REFR:01F01190]", 
        "Position/Rotation": {
            "Position": {
                "X": -189093.890625000000000, 
                "Y": 222299.062500000000000, 
                "Z": 564.775208000000000
            }, 
            "Rotation": {
                "X": 0.000000000000000, 
                "Y": 0.000000000000000, 
                "Z": 45.836600000000000
            }
        }
    }, 
    "DATA - Position/Rotation": {
        "Position": {
            "X": 0.000000000000000, 
            "Y": -3584.000000000000000, 
            "Z": 0.000000000000000
        }, 
        "Rotation": {
            "X": 0.000000000000000, 
            "Y": 0.000000000000000, 
            "Z": 90.000000000000000
        }
    }
}
