{
    "Cell": " [CELL:014C1244]", 
    "Record Header": {
        "Signature": "REFR", 
        "Data Size": 58, 
        "Record Flags": {
            "Visible when distant": true
        }, 
        "FormID": "0180AC11", 
        "Version Control Info": "00 00 00 00"
    }, 
    "NAME - Base": "0terrainUrockUwgU08 [STAT:010C048D]", 
    "XLOD - Distant LOD Data": {
        "Unknown #0": 0.000000000000000, 
        "Unknown #1": 0.000000000000000, 
        "Unknown #2": 1.000000000000000
    }, 
    "DATA - Position/Rotation": {
        "Position": {
            "X": -53736.207031000000000, 
            "Y": 61346.343750000000000, 
            "Z": 1936.249634000000000
        }, 
        "Rotation": {
            "X": 331.352100000000000, 
            "Y": 11.459200000000000, 
            "Z": 342.811300000000000
        }
    }
}
