{
    "Cell": " [CELL:014C1244]", 
    "Record Header": {
        "Signature": "REFR", 
        "Data Size": 58, 
        "Record Flags": {
            "Visible when distant": true
        }, 
        "FormID": "0180ABF2", 
        "Version Control Info": "00 00 00 00"
    }, 
    "NAME - Base": "0terrainUrockUwgU08 [STAT:010C048D]", 
    "XLOD - Distant LOD Data": {
        "Unknown #0": 0.000000000000000, 
        "Unknown #1": 0.000000000000000, 
        "Unknown #2": 1.000000000000000
    }, 
    "DATA - Position/Rotation": {
        "Position": {
            "X": -55232.808594000000000, 
            "Y": 60471.824219000000000, 
            "Z": 1508.335571000000000
        }, 
        "Rotation": {
            "X": 22.918300000000000, 
            "Y": 34.377500000000000, 
            "Z": 11.459200000000000
        }
    }
}
