{
    "Cell": "ElfTSkerringVSUpperSLevel [CELL:014801B2]", 
    "Record Header": {
        "Signature": "REFR", 
        "Data Size": 74, 
        "Record Flags": {
            "Quest item / Persistent reference / Show in Menu": true
        }, 
        "FormID": "01849170", 
        "Version Control Info": "00 00 00 00"
    }, 
    "NAME - Base": "0inUdeUshipdoorUtoplevel [DOOR:0120006F]", 
    "XTEL - Teleport Destination": {
        "Door": "[REFR:01849140]", 
        "Position/Rotation": {
            "Position": {
                "X": 3.087976000000000, 
                "Y": 465.093445000000000, 
                "Z": -244.152527000000000
            }, 
            "Rotation": {
                "X": 0.000000000000000, 
                "Y": 0.000000000000000, 
                "Z": 177.616900000000000
            }
        }
    }, 
    "DATA - Position/Rotation": {
        "Position": {
            "X": -10.298000000000000, 
            "Y": 805.414978000000000, 
            "Z": -113.478996000000000
        }, 
        "Rotation": {
            "X": 0.000000000000000, 
            "Y": 0.000000000000000, 
            "Z": 0.000000000000000
        }
    }
}
