{
    "Cell": "ElfTSkerringVSUpperSLevel [CELL:014801B2]", 
    "Record Header": {
        "Signature": "REFR", 
        "Data Size": 74, 
        "Record Flags": {
            "Quest item / Persistent reference / Show in Menu": true
        }, 
        "FormID": "01849197", 
        "Version Control Info": "00 00 00 00"
    }, 
    "NAME - Base": "0exUdeUshipUtrapdoor [DOOR:01200049]", 
    "XTEL - Teleport Destination": {
        "Door": "[REFR:01849074]", 
        "Position/Rotation": {
            "Position": {
                "X": 141881.437500000000000, 
                "Y": 39438.250000000000000, 
                "Z": 281.040985000000000
            }, 
            "Rotation": {
                "X": 0.000000000000000, 
                "Y": 0.000000000000000, 
                "Z": 291.200000000000000
            }
        }
    }, 
    "DATA - Position/Rotation": {
        "Position": {
            "X": 58.987999000000000, 
            "Y": -401.173004000000000, 
            "Z": 103.274002000000000
        }, 
        "Rotation": {
            "X": 180.000000000000000, 
            "Y": 0.000000000000000, 
            "Z": 180.000000000000000
        }
    }
}
