{
    "Cell": " [CELL:01380051]", 
    "Record Header": {
        "Signature": "REFR", 
        "Data Size": 74, 
        "Record Flags": {
            "Quest item / Persistent reference / Show in Menu": true
        }, 
        "FormID": "01F04941", 
        "Version Control Info": "00 00 00 00"
    }, 
    "NAME - Base": "0ExUMHUDoorU01 [DOOR:0120009F]", 
    "XTEL - Teleport Destination": {
        "Door": "[REFR:01F04AE4]", 
        "Position/Rotation": {
            "Position": {
                "X": 877.489441000000000, 
                "Y": 494.497070000000000, 
                "Z": -93.881195000000000
            }, 
            "Rotation": {
                "X": 0.000000000000000, 
                "Y": 0.000000000000000, 
                "Z": 181.673300000000000
            }
        }
    }, 
    "DATA - Position/Rotation": {
        "Position": {
            "X": -898.669067000000000, 
            "Y": 363.104218000000000, 
            "Z": 3853.001465000000000
        }, 
        "Rotation": {
            "X": 0.000000000000000, 
            "Y": 0.000000000000000, 
            "Z": 180.000000000000000
        }
    }
}
