{
    "Cell": "MabaTIlu [CELL:0148026C]", 
    "Record Header": {
        "Signature": "REFR", 
        "Data Size": 74, 
        "Record Flags": {
            "Quest item / Persistent reference / Show in Menu": true
        }, 
        "FormID": "018475BB", 
        "Version Control Info": "00 00 00 00"
    }, 
    "NAME - Base": "0exUcaveUdoorU01 [DOOR:0120002F]", 
    "XTEL - Teleport Destination": {
        "Door": "[REFR:0181E832]", 
        "Position/Rotation": {
            "Position": {
                "X": 129999.773437000000000, 
                "Y": -77705.648438000000000, 
                "Z": 82.957001000000000
            }, 
            "Rotation": {
                "X": 0.000000000000000, 
                "Y": 0.000000000000000, 
                "Z": 166.200000000000000
            }
        }
    }, 
    "DATA - Position/Rotation": {
        "Position": {
            "X": 1327.707031000000000, 
            "Y": -3090.702881000000000, 
            "Z": 351.535004000000000
        }, 
        "Rotation": {
            "X": 0.000000000000000, 
            "Y": 0.000000000000000, 
            "Z": 91.700000000000000
        }
    }
}
