{
    "Cell": "IlunibiVSCarcassSofStheSSaint [CELL:01480224]", 
    "Record Header": {
        "Signature": "REFR", 
        "Data Size": 74, 
        "Record Flags": {
            "Quest item / Persistent reference / Show in Menu": true
        }, 
        "FormID": "0185CCDD", 
        "Version Control Info": "00 00 00 00"
    }, 
    "NAME - Base": "0doorUcavernUdoors10 [DOOR:01200013]", 
    "XTEL - Teleport Destination": {
        "Door": "[REFR:018144DE]", 
        "Position/Rotation": {
            "Position": {
                "X": -68233.195312000000000, 
                "Y": 34894.437500000000000, 
                "Z": 257.953003000000000
            }, 
            "Rotation": {
                "X": 0.000000000000000, 
                "Y": 0.000000000000000, 
                "Z": 17.188700000000000
            }
        }
    }, 
    "DATA - Position/Rotation": {
        "Position": {
            "X": 3906.000000000000000, 
            "Y": 6202.000000000000000, 
            "Z": 1600.000000000000000
        }, 
        "Rotation": {
            "X": 0.000000000000000, 
            "Y": 0.000000000000000, 
            "Z": 0.000000000000000
        }
    }
}
