{
    "Cell": "Odaishah [CELL:014802C5]", 
    "Record Header": {
        "Signature": "REFR", 
        "Data Size": 74, 
        "Record Flags": {
            "Quest item / Persistent reference / Show in Menu": true
        }, 
        "FormID": "01847603", 
        "Version Control Info": "00 00 00 00"
    }, 
    "NAME - Base": "0exUcaveUdoorU01 [DOOR:0120002F]", 
    "XTEL - Teleport Destination": {
        "Door": "[REFR:01847574]", 
        "Position/Rotation": {
            "Position": {
                "X": 18446.814453000000000, 
                "Y": 13622.142578000000000, 
                "Z": 1622.161621000000000
            }, 
            "Rotation": {
                "X": 0.000000000000000, 
                "Y": 0.000000000000000, 
                "Z": 154.698600000000000
            }
        }
    }, 
    "DATA - Position/Rotation": {
        "Position": {
            "X": 1539.567993000000000, 
            "Y": 963.801025000000000, 
            "Z": 867.460510000000000
        }, 
        "Rotation": {
            "X": 0.000000000000000, 
            "Y": 0.000000000000000, 
            "Z": 182.400000000000000
        }
    }
}
