{
    "Cell": "ArkngthandVSCellsSofSHollowSHand [CELL:014800D9]", 
    "Record Header": {
        "Signature": "REFR", 
        "Data Size": 74, 
        "Record Flags": {
            "Quest item / Persistent reference / Show in Menu": true
        }, 
        "FormID": "0185A1F1", 
        "Version Control Info": "00 00 00 00"
    }, 
    "NAME - Base": "0doorUdwrvUload00 [DOOR:01200033]", 
    "XTEL - Teleport Destination": {
        "Door": "[REFR:0185A31B]", 
        "Position/Rotation": {
            "Position": {
                "X": 2112.000000000000000, 
                "Y": 2432.000000000000000, 
                "Z": -348.000000000000000
            }, 
            "Rotation": {
                "X": 0.000000000000000, 
                "Y": 0.000000000000000, 
                "Z": 270.000000000000000
            }
        }
    }, 
    "DATA - Position/Rotation": {
        "Position": {
            "X": 3264.000000000000000, 
            "Y": 4352.000000000000000, 
            "Z": 14496.000000000000000
        }, 
        "Rotation": {
            "X": 0.000000000000000, 
            "Y": 0.000000000000000, 
            "Z": 270.000000000000000
        }
    }
}
