{
    "Cell": "BuckmothSLegionSFort03 [CELL:014C0F17]", 
    "Record Header": {
        "Signature": "REFR", 
        "Data Size": 68, 
        "Record Flags": {
            "Visible when distant": true
        }, 
        "FormID": "0184952C", 
        "Version Control Info": "00 00 00 00"
    }, 
    "NAME - Base": "0terrainUrockUrmU23 [STAT:010C04F2]", 
    "XLOD - Distant LOD Data": {
        "Unknown #0": 0.000000000000000, 
        "Unknown #1": 0.000000000000000, 
        "Unknown #2": 1.000000000000000
    }, 
    "XSCL - Scale": 0.500000000000000, 
    "DATA - Position/Rotation": {
        "Position": {
            "X": -11723.909180000000000, 
            "Y": 47408.070312000000000, 
            "Z": 1580.654175000000000
        }, 
        "Rotation": {
            "X": 0.000000000000000, 
            "Y": 0.000000000000000, 
            "Z": 120.302800000000000
        }
    }
}
