{
    "Cell": " [CELL:014C11E3]", 
    "Record Header": {
        "Signature": "REFR", 
        "Data Size": 58, 
        "Record Flags": {
            "Visible when distant": true
        }, 
        "FormID": "018416A5", 
        "Version Control Info": "00 00 00 00"
    }, 
    "NAME - Base": "0terrainUrockUbcU18 [STAT:010C08FA]", 
    "XLOD - Distant LOD Data": {
        "Unknown #0": 0.000000000000000, 
        "Unknown #1": 0.000000000000000, 
        "Unknown #2": 1.000000000000000
    }, 
    "DATA - Position/Rotation": {
        "Position": {
            "X": -42972.589844000000000, 
            "Y": -52465.386719000000000, 
            "Z": 186.897064000000000
        }, 
        "Rotation": {
            "X": 348.540900000000000, 
            "Y": 337.081700000000000, 
            "Z": 217.724000000000000
        }
    }
}
