{
    "Cell": "MolagSMarVSCanalworks [CELL:01480297]", 
    "Record Header": {
        "Signature": "REFR", 
        "Data Size": 74, 
        "Record Flags": {
            "Quest item / Persistent reference / Show in Menu": true
        }, 
        "FormID": "0185444E", 
        "Version Control Info": "00 00 00 00"
    }, 
    "NAME - Base": "0inUvelothismallUndoorU01 [DOOR:01200043]", 
    "XTEL - Teleport Destination": {
        "Door": "[REFR:018545F4]", 
        "Position/Rotation": {
            "Position": {
                "X": -1269.616333000000000, 
                "Y": 138.995728000000000, 
                "Z": -1189.398438000000000
            }, 
            "Rotation": {
                "X": 0.000000000000000, 
                "Y": 0.000000000000000, 
                "Z": 90.000000000000000
            }
        }
    }, 
    "DATA - Position/Rotation": {
        "Position": {
            "X": -2112.000000000000000, 
            "Y": 128.000000000000000, 
            "Z": -256.000000000000000
        }, 
        "Rotation": {
            "X": 0.000000000000000, 
            "Y": 0.000000000000000, 
            "Z": 0.000000000000000
        }
    }
}
