{
    "Cell": "MolagSMarVSCanalworks [CELL:01480297]", 
    "Record Header": {
        "Signature": "REFR", 
        "Data Size": 74, 
        "Record Flags": {
            "Quest item / Persistent reference / Show in Menu": true
        }, 
        "FormID": "0186BEC0", 
        "Version Control Info": "00 00 00 00"
    }, 
    "NAME - Base": "0inUvUsUtrapdoorU01 [DOOR:01200030]", 
    "XTEL - Teleport Destination": {
        "Door": "[REFR:0186C040]", 
        "Position/Rotation": {
            "Position": {
                "X": -1798.316650000000000, 
                "Y": 3152.000000000000000, 
                "Z": 20.000000000000000
            }, 
            "Rotation": {
                "X": 0.000000000000000, 
                "Y": 0.000000000000000, 
                "Z": 270.000000000000000
            }
        }
    }, 
    "DATA - Position/Rotation": {
        "Position": {
            "X": 1475.238647000000000, 
            "Y": 163.759613000000000, 
            "Z": -769.710205000000000
        }, 
        "Rotation": {
            "X": 0.000000000000000, 
            "Y": 0.000000000000000, 
            "Z": 180.000000000000000
        }
    }
}
