{
    "Cell": " [CELL:014C0DA5]", 
    "Record Header": {
        "Signature": "REFR", 
        "Data Size": 68, 
        "Record Flags": {
            "Visible when distant": true
        }, 
        "FormID": "0180441D", 
        "Version Control Info": "00 00 00 00"
    }, 
    "NAME - Base": "0terrainUrockUrmU20 [STAT:010C04EF]", 
    "XLOD - Distant LOD Data": {
        "Unknown #0": 0.000000000000000, 
        "Unknown #1": 0.000000000000000, 
        "Unknown #2": 1.000000000000000
    }, 
    "XSCL - Scale": 1.390000000000000, 
    "DATA - Position/Rotation": {
        "Position": {
            "X": 4453.824707000000000, 
            "Y": 57710.277344000000000, 
            "Z": 5767.756348000000000
        }, 
        "Rotation": {
            "X": 0.000000000000000, 
            "Y": 0.000000000000000, 
            "Z": 303.701400000000000
        }
    }
}
