{
    "Cell": "HlaSOadVSFatlegAsSDropSOff [CELL:0148020E]", 
    "Record Header": {
        "Signature": "REFR", 
        "Data Size": 74, 
        "Record Flags": {
            "Quest item / Persistent reference / Show in Menu": true
        }, 
        "FormID": "0181BBF1", 
        "Version Control Info": "00 00 00 00"
    }, 
    "NAME - Base": "0InUDeUShackUTrapdoorU01 [DOOR:01200076]", 
    "XTEL - Teleport Destination": {
        "Door": "[REFR:0181BC19]", 
        "Position/Rotation": {
            "Position": {
                "X": 3992.072998000000000, 
                "Y": 4459.047852000000000, 
                "Z": 14432.824219000000000
            }, 
            "Rotation": {
                "X": 0.000000000000000, 
                "Y": 0.000000000000000, 
                "Z": 348.500000000000000
            }
        }
    }, 
    "DATA - Position/Rotation": {
        "Position": {
            "X": 11594.139648000000000, 
            "Y": 5478.820801000000000, 
            "Z": 14339.400391000000000
        }, 
        "Rotation": {
            "X": 0.000000000000000, 
            "Y": 0.000000000000000, 
            "Z": 0.000000000000000
        }
    }
}
