{
    "Cell": "OldSMournholdXSForgottenSSewer [CELL:014804FD]", 
    "Record Header": {
        "Signature": "REFR", 
        "Data Size": 74, 
        "Record Flags": {
            "Quest item / Persistent reference / Show in Menu": true
        }, 
        "FormID": "01F05C5D", 
        "Version Control Info": "00 00 00 00"
    }, 
    "NAME - Base": "0ExUMHUsewerUtrapdoorU01 [DOOR:0120009C]", 
    "XTEL - Teleport Destination": {
        "Door": "[REFR:01F05C5F]", 
        "Position/Rotation": {
            "Position": {
                "X": 7490.130859000000000, 
                "Y": 3443.313477000000000, 
                "Z": -490.983185000000000
            }, 
            "Rotation": {
                "X": 0.000000000000000, 
                "Y": 0.000000000000000, 
                "Z": 182.383200000000000
            }
        }
    }, 
    "DATA - Position/Rotation": {
        "Position": {
            "X": -7104.000000000000000, 
            "Y": 2304.000000000000000, 
            "Z": 1472.000000000000000
        }, 
        "Rotation": {
            "X": 0.000000000000000, 
            "Y": 0.000000000000000, 
            "Z": 90.000000000000000
        }
    }
}
