{
    "Cell": "OldSMournholdXSForgottenSSewer [CELL:014804FD]", 
    "Record Header": {
        "Signature": "REFR", 
        "Data Size": 74, 
        "Record Flags": {
            "Quest item / Persistent reference / Show in Menu": true
        }, 
        "FormID": "01F05C5B", 
        "Version Control Info": "00 00 00 00"
    }, 
    "NAME - Base": "0InUMUsewerUdoorU01 [DOOR:01200090]", 
    "XTEL - Teleport Destination": {
        "Door": "[REFR:01F061C3]", 
        "Position/Rotation": {
            "Position": {
                "X": -3491.149902000000000, 
                "Y": 11961.929688000000000, 
                "Z": 316.275604000000000
            }, 
            "Rotation": {
                "X": 0.000000000000000, 
                "Y": 0.000000000000000, 
                "Z": 182.383200000000000
            }
        }
    }, 
    "DATA - Position/Rotation": {
        "Position": {
            "X": -415.271729000000000, 
            "Y": -0.808594000000000, 
            "Z": 863.886719000000000
        }, 
        "Rotation": {
            "X": 0.000000000000000, 
            "Y": 0.000000000000000, 
            "Z": 270.000000000000000
        }
    }
}
