{
    "Cell": " [CELL:014C0D8D]", 
    "Record Header": {
        "Signature": "REFR", 
        "Data Size": 68, 
        "Record Flags": {
            "Visible when distant": true
        }, 
        "FormID": "01840D74", 
        "Version Control Info": "00 00 00 00"
    }, 
    "NAME - Base": "0terrainUrockUrmU17 [STAT:010C04EC]", 
    "XLOD - Distant LOD Data": {
        "Unknown #0": 0.000000000000000, 
        "Unknown #1": 0.000000000000000, 
        "Unknown #2": 1.000000000000000
    }, 
    "XSCL - Scale": 1.710000000000000, 
    "DATA - Position/Rotation": {
        "Position": {
            "X": 6752.575684000000000, 
            "Y": 110461.203125000000000, 
            "Z": 3070.132324000000000
        }, 
        "Rotation": {
            "X": 22.918300000000000, 
            "Y": 0.000000000000000, 
            "Z": 297.938000000000000
        }
    }
}
