{
    "Cell": " [CELL:014C02C4]", 
    "Record Header": {
        "Signature": "REFR", 
        "Data Size": 68, 
        "Record Flags": {
            "Visible when distant": true
        }, 
        "FormID": "0186B91B", 
        "Version Control Info": "00 00 00 00"
    }, 
    "NAME - Base": "0ExUTUmenhirULU01 [STAT:010C0429]", 
    "XLOD - Distant LOD Data": {
        "Unknown #0": 0.000000000000000, 
        "Unknown #1": 0.000000000000000, 
        "Unknown #2": 1.000000000000000
    }, 
    "XSCL - Scale": 1.530000000000000, 
    "DATA - Position/Rotation": {
        "Position": {
            "X": 134832.000000000000000, 
            "Y": 101918.015625000000000, 
            "Z": -1262.703125000000000
        }, 
        "Rotation": {
            "X": 0.000000000000000, 
            "Y": 0.000000000000000, 
            "Z": 152.771900000000000
        }
    }
}
