{
    "Cell": "LonelySShipwreckVSCabin [CELL:01480253]", 
    "Record Header": {
        "Signature": "REFR", 
        "Data Size": 84, 
        "Record Flags": {
            "Quest item / Persistent reference / Show in Menu": true
        }, 
        "FormID": "0184DA2A", 
        "Version Control Info": "00 00 00 00"
    }, 
    "NAME - Base": "0inUdeUshipUcabindoor [DOOR:0120004A]", 
    "XTEL - Teleport Destination": {
        "Door": "[REFR:0183704E]", 
        "Position/Rotation": {
            "Position": {
                "X": 155414.656250000000000, 
                "Y": -7392.084961000000000, 
                "Z": -348.781311000000000
            }, 
            "Rotation": {
                "X": 0.000000000000000, 
                "Y": 0.000000000000000, 
                "Z": 308.400000000000000
            }
        }
    }, 
    "XSCL - Scale": 1.030000000000000, 
    "DATA - Position/Rotation": {
        "Position": {
            "X": 4044.471680000000000, 
            "Y": 4290.495605000000000, 
            "Z": -463.145966000000000
        }, 
        "Rotation": {
            "X": 315.000000000000000, 
            "Y": 0.000000000000000, 
            "Z": 135.000000000000000
        }
    }
}
