{
    "Cell": " [CELL:014C0FF3]", 
    "Record Header": {
        "Signature": "REFR", 
        "Data Size": 68, 
        "Record Flags": {
            "Visible when distant": true
        }, 
        "FormID": "018444B7", 
        "Version Control Info": "00 00 00 00"
    }, 
    "NAME - Base": "0terrainUrockUrmU19 [STAT:010C04EE]", 
    "XLOD - Distant LOD Data": {
        "Unknown #0": 0.000000000000000, 
        "Unknown #1": 0.000000000000000, 
        "Unknown #2": 1.000000000000000
    }, 
    "XSCL - Scale": 1.730000000000000, 
    "DATA - Position/Rotation": {
        "Position": {
            "X": -20428.638672000000000, 
            "Y": -51805.125000000000000, 
            "Z": 1612.382568000000000
        }, 
        "Rotation": {
            "X": 0.000000000000000, 
            "Y": 0.000000000000000, 
            "Z": 74.484500000000000
        }
    }
}
