{
    "Cell": " [CELL:014C112F]", 
    "Record Header": {
        "Signature": "REFR", 
        "Data Size": 58, 
        "Record Flags": {
            "Visible when distant": true
        }, 
        "FormID": "0183DBF2", 
        "Version Control Info": "00 00 00 00"
    }, 
    "NAME - Base": "0terrainUrockUbcU18 [STAT:010C08FA]", 
    "XLOD - Distant LOD Data": {
        "Unknown #0": 0.000000000000000, 
        "Unknown #1": 0.000000000000000, 
        "Unknown #2": 1.000000000000000
    }, 
    "DATA - Position/Rotation": {
        "Position": {
            "X": -33028.488281000000000, 
            "Y": -10923.466797000000000, 
            "Z": 138.242554000000000
        }, 
        "Rotation": {
            "X": 345.194400000000000, 
            "Y": 42.490100000000000, 
            "Z": 311.748000000000000
        }
    }
}
