{
    "Cell": " [CELL:014C0E94]", 
    "Record Header": {
        "Signature": "REFR", 
        "Data Size": 68, 
        "Record Flags": {
            "Visible when distant": true
        }, 
        "FormID": "01853684", 
        "Version Control Info": "00 00 00 00"
    }, 
    "NAME - Base": "0terrainUrockUrmU17 [STAT:010C04EC]", 
    "XLOD - Distant LOD Data": {
        "Unknown #0": 0.000000000000000, 
        "Unknown #1": 0.000000000000000, 
        "Unknown #2": 1.000000000000000
    }, 
    "XSCL - Scale": 2.000000000000000, 
    "DATA - Position/Rotation": {
        "Position": {
            "X": -6541.970703000000000, 
            "Y": -64153.609375000000000, 
            "Z": 2516.273682000000000
        }, 
        "Rotation": {
            "X": 348.540900000000000, 
            "Y": 0.000000000000000, 
            "Z": 85.943700000000000
        }
    }
}
