{
    "Cell": "Ghostgate03 [CELL:014C0C4B]", 
    "Record Header": {
        "Signature": "REFR", 
        "Data Size": 58, 
        "Record Flags": {
            "Visible when distant": true
        }, 
        "FormID": "0183C99C", 
        "Version Control Info": "00 00 00 00"
    }, 
    "NAME - Base": "0exUggUfenceU04 [STAT:0100166A]", 
    "XLOD - Distant LOD Data": {
        "Unknown #0": 0.000000000000000, 
        "Unknown #1": 0.000000000000000, 
        "Unknown #2": 1.000000000000000
    }, 
    "DATA - Position/Rotation": {
        "Position": {
            "X": 24448.000000000000000, 
            "Y": 39936.000000000000000, 
            "Z": 1792.000000000000000
        }, 
        "Rotation": {
            "X": 0.000000000000000, 
            "Y": 0.000000000000000, 
            "Z": 180.000000000000000
        }
    }
}
