{
    "Cell": " [CELL:014C11A8]", 
    "Record Header": {
        "Signature": "REFR", 
        "Data Size": 58, 
        "Record Flags": {
            "Visible when distant": true
        }, 
        "FormID": "0180AABF", 
        "Version Control Info": "00 00 00 00"
    }, 
    "NAME - Base": "0terrainUrockUwgU10 [STAT:010C048F]", 
    "XLOD - Distant LOD Data": {
        "Unknown #0": 0.000000000000000, 
        "Unknown #1": 0.000000000000000, 
        "Unknown #2": 1.000000000000000
    }, 
    "DATA - Position/Rotation": {
        "Position": {
            "X": -47961.484375000000000, 
            "Y": 58156.093750000000000, 
            "Z": 1663.192139000000000
        }, 
        "Rotation": {
            "X": 0.000000000000000, 
            "Y": 5.729600000000000, 
            "Z": 257.830900000000000
        }
    }
}
