{
    "Cell": "UrshilakuSCampVSMaeliAsSYurt [CELL:014803E2]", 
    "Record Header": {
        "Signature": "REFR", 
        "Data Size": 74, 
        "Record Flags": {
            "Quest item / Persistent reference / Show in Menu": true
        }, 
        "FormID": "0181FC8F", 
        "Version Control Info": "00 00 00 00"
    }, 
    "NAME - Base": "0inUashlUdoorU02 [DOOR:0120003C]", 
    "XTEL - Teleport Destination": {
        "Door": "[REFR:0181E59E]", 
        "Position/Rotation": {
            "Position": {
                "X": -27588.794922000000000, 
                "Y": 149806.859375000000000, 
                "Z": 728.402588000000000
            }, 
            "Rotation": {
                "X": 0.000000000000000, 
                "Y": 0.000000000000000, 
                "Z": 103.100000000000000
            }
        }
    }, 
    "DATA - Position/Rotation": {
        "Position": {
            "X": -32.719002000000000, 
            "Y": 358.233002000000000, 
            "Z": -94.389000000000000
        }, 
        "Rotation": {
            "X": 0.000000000000000, 
            "Y": 0.000000000000000, 
            "Z": 0.000000000000000
        }
    }
}
