{
    "Cell": " [CELL:014C1279]", 
    "Record Header": {
        "Signature": "REFR", 
        "Data Size": 58, 
        "Record Flags": {
            "Visible when distant": true
        }, 
        "FormID": "0183ECF0", 
        "Version Control Info": "00 00 00 00"
    }, 
    "NAME - Base": "0terrainUrockUbcU18 [STAT:010C08FA]", 
    "XLOD - Distant LOD Data": {
        "Unknown #0": 0.000000000000000, 
        "Unknown #1": 0.000000000000000, 
        "Unknown #2": 1.000000000000000
    }, 
    "DATA - Position/Rotation": {
        "Position": {
            "X": -50158.449219000000000, 
            "Y": -45840.171875000000000, 
            "Z": 462.914581000000000
        }, 
        "Rotation": {
            "X": 356.653600000000000, 
            "Y": 31.031000000000000, 
            "Z": 255.415600000000000
        }
    }
}
