{
    "Cell": " [CELL:014C1089]", 
    "Record Header": {
        "Signature": "REFR", 
        "Data Size": 68, 
        "Record Flags": {
            "Visible when distant": true
        }, 
        "FormID": "01874518", 
        "Version Control Info": "00 00 00 00"
    }, 
    "NAME - Base": "CHRock690 [STAT:0009C72A]", 
    "XLOD - Distant LOD Data": {
        "Unknown #0": 0.055260000000000, 
        "Unknown #1": 0.086838000000000, 
        "Unknown #2": 0.994689000000000
    }, 
    "XSCL - Scale": 3.800000000000000, 
    "DATA - Position/Rotation": {
        "Position": {
            "X": -28516.779297000000000, 
            "Y": -21736.523438000000000, 
            "Z": 693.039185000000000
        }, 
        "Rotation": {
            "X": 339.438200000000000, 
            "Y": 0.002200000000000, 
            "Z": 175.879000000000000
        }
    }
}
