{
    "Cell": " [CELL:014C0E98]", 
    "Record Header": {
        "Signature": "REFR", 
        "Data Size": 68, 
        "Record Flags": {
            "Visible when distant": true
        }, 
        "FormID": "0184B8CC", 
        "Version Control Info": "00 00 00 00"
    }, 
    "NAME - Base": "0terrainUrockUbcU18 [STAT:010C08FA]", 
    "XLOD - Distant LOD Data": {
        "Unknown #0": 0.000000000000000, 
        "Unknown #1": 0.000000000000000, 
        "Unknown #2": 1.000000000000000
    }, 
    "XSCL - Scale": 2.000000000000000, 
    "DATA - Position/Rotation": {
        "Position": {
            "X": -7913.511719000000000, 
            "Y": -70425.234375000000000, 
            "Z": -190.109634000000000
        }, 
        "Rotation": {
            "X": 354.270400000000000, 
            "Y": 348.540800000000000, 
            "Z": 155.662000000000000
        }
    }
}
