{
    "Cell": "TureynulalVSEyeSofSDuggan [CELL:014803CB]", 
    "Record Header": {
        "Signature": "REFR", 
        "Data Size": 74, 
        "Record Flags": {
            "Quest item / Persistent reference / Show in Menu": true
        }, 
        "FormID": "0185DBB3", 
        "Version Control Info": "00 00 00 00"
    }, 
    "NAME - Base": "0doorUdwrvUloaddown00 [DOOR:0120004C]", 
    "XTEL - Teleport Destination": {
        "Door": "[REFR:0183957C]", 
        "Position/Rotation": {
            "Position": {
                "X": -573.872009000000000, 
                "Y": -263.976013000000000, 
                "Z": 20.000000000000000
            }, 
            "Rotation": {
                "X": 0.000000000000000, 
                "Y": 0.000000000000000, 
                "Z": 91.700000000000000
            }
        }
    }, 
    "DATA - Position/Rotation": {
        "Position": {
            "X": 215.371994000000000, 
            "Y": 214.832001000000000, 
            "Z": 21.927999000000000
        }, 
        "Rotation": {
            "X": 0.000000000000000, 
            "Y": 0.000000000000000, 
            "Z": 45.000000000000000
        }
    }
}
