{
    "Cell": "DrenSPlantationVSVerethiSandSDralor [CELL:01480193]", 
    "Record Header": {
        "Signature": "REFR", 
        "Data Size": 74, 
        "Record Flags": {
            "Quest item / Persistent reference / Show in Menu": true
        }, 
        "FormID": "0182BC00", 
        "Version Control Info": "00 00 00 00"
    }, 
    "NAME - Base": "0ExUDeUShackUDoor [DOOR:0120002C]", 
    "XTEL - Teleport Destination": {
        "Door": "[REFR:0182BAD3]", 
        "Position/Rotation": {
            "Position": {
                "X": 20814.146484000000000, 
                "Y": -54730.851562000000000, 
                "Z": 672.124084000000000
            }, 
            "Rotation": {
                "X": 0.000000000000000, 
                "Y": 0.000000000000000, 
                "Z": 90.000000000000000
            }
        }
    }, 
    "DATA - Position/Rotation": {
        "Position": {
            "X": 3749.037109000000000, 
            "Y": 3836.684082000000000, 
            "Z": 14655.107422000000000
        }, 
        "Rotation": {
            "X": 11.500000000000000, 
            "Y": 0.000000000000000, 
            "Z": 180.000000000000000
        }
    }
}
