{
    "Cell": "RavenSRockVSMine [CELL:0148053E]", 
    "Record Header": {
        "Signature": "REFR", 
        "Data Size": 74, 
        "Record Flags": {
            "Quest item / Persistent reference / Show in Menu": true
        }, 
        "FormID": "01F07C9C", 
        "Version Control Info": "00 00 00 00"
    }, 
    "NAME - Base": "0ExUcolonyUdoor06 [DOOR:012000EB]", 
    "XTEL - Teleport Destination": {
        "Door": "[REFR:01F07DEA]", 
        "Position/Rotation": {
            "Position": {
                "X": 110.516731000000000, 
                "Y": 117.446037000000000, 
                "Z": 109.800980000000000
            }, 
            "Rotation": {
                "X": 0.000000000000000, 
                "Y": 0.000000000000000, 
                "Z": 180.000000000000000
            }
        }
    }, 
    "DATA - Position/Rotation": {
        "Position": {
            "X": 512.000000000000000, 
            "Y": 2240.000000000000000, 
            "Z": 13056.000000000000000
        }, 
        "Rotation": {
            "X": 0.000000000000000, 
            "Y": 0.000000000000000, 
            "Z": 0.000000000000000
        }
    }
}
