{
    "Cell": "Mat [CELL:01480288]", 
    "Record Header": {
        "Signature": "REFR", 
        "Data Size": 74, 
        "Record Flags": {
            "Quest item / Persistent reference / Show in Menu": true
        }, 
        "FormID": "01849839", 
        "Version Control Info": "00 00 00 00"
    }, 
    "NAME - Base": "0exUcaveUdoorU01 [DOOR:0120002F]", 
    "XTEL - Teleport Destination": {
        "Door": "[REFR:018497E8]", 
        "Position/Rotation": {
            "Position": {
                "X": -80375.218750000000000, 
                "Y": 99322.953125000000000, 
                "Z": 1350.337036000000000
            }, 
            "Rotation": {
                "X": 0.000000000000000, 
                "Y": 0.000000000000000, 
                "Z": 0.000000000000000
            }
        }
    }, 
    "DATA - Position/Rotation": {
        "Position": {
            "X": 5687.471191000000000, 
            "Y": 6206.384277000000000, 
            "Z": 8916.858398000000000
        }, 
        "Rotation": {
            "X": 0.000000000000000, 
            "Y": 0.000000000000000, 
            "Z": 182.400000000000000
        }
    }
}
