{
    "Cell": " [CELL:014C0568]", 
    "Record Header": {
        "Signature": "REFR", 
        "Data Size": 68, 
        "Record Flags": {
            "Visible when distant": true
        }, 
        "FormID": "0185767F", 
        "Version Control Info": "00 00 00 00"
    }, 
    "NAME - Base": "OblivionLargeShelf [STAT:00018338]", 
    "XLOD - Distant LOD Data": {
        "Unknown #0": 0.804748000000000, 
        "Unknown #1": 0.047338000000000, 
        "Unknown #2": 0.591726000000000
    }, 
    "XSCL - Scale": 0.760000000000000, 
    "DATA - Position/Rotation": {
        "Position": {
            "X": 101329.507812000000000, 
            "Y": -5762.114258000000000, 
            "Z": 1034.887085000000000
        }, 
        "Rotation": {
            "X": 0.000000000000000, 
            "Y": 0.000000000000000, 
            "Z": 113.628600000000000
        }
    }
}
