{
    "Cell": "TelSVosVSSouthernSTower [CELL:014803BB]", 
    "Record Header": {
        "Signature": "REFR", 
        "Data Size": 84, 
        "Record Flags": {
            "Quest item / Persistent reference / Show in Menu": true
        }, 
        "FormID": "0184C447", 
        "Version Control Info": "00 00 00 00"
    }, 
    "NAME - Base": "0inUimpsmallUdoorU01 [DOOR:01200002]", 
    "XTEL - Teleport Destination": {
        "Door": "[REFR:0182B596]", 
        "Position/Rotation": {
            "Position": {
                "X": 85440.000000000000000, 
                "Y": 117504.000000000000000, 
                "Z": 4197.516602000000000
            }, 
            "Rotation": {
                "X": 0.000000000000000, 
                "Y": 0.000000000000000, 
                "Z": 135.000000000000000
            }
        }
    }, 
    "XSCL - Scale": 1.020000000000000, 
    "DATA - Position/Rotation": {
        "Position": {
            "X": 4865.020020000000000, 
            "Y": 5819.065918000000000, 
            "Z": 14624.560547000000000
        }, 
        "Rotation": {
            "X": 0.000000000000000, 
            "Y": 0.000000000000000, 
            "Z": 0.000000000000000
        }
    }
}
