{
    "Cell": " [CELL:014C109F]", 
    "Record Header": {
        "Signature": "REFR", 
        "Data Size": 68, 
        "Record Flags": {
            "Visible when distant": true
        }, 
        "FormID": "01844580", 
        "Version Control Info": "00 00 00 00"
    }, 
    "NAME - Base": "0terrainUrockUrmU17 [STAT:010C04EC]", 
    "XLOD - Distant LOD Data": {
        "Unknown #0": 0.000000000000000, 
        "Unknown #1": 0.000000000000000, 
        "Unknown #2": 1.000000000000000
    }, 
    "XSCL - Scale": 1.760000000000000, 
    "DATA - Position/Rotation": {
        "Position": {
            "X": -24920.927734000000000, 
            "Y": -57987.843750000000000, 
            "Z": 2724.361328000000000
        }, 
        "Rotation": {
            "X": 0.000000000000000, 
            "Y": 0.000000000000000, 
            "Z": 245.408400000000000
        }
    }
}
