{
    "Cell": " [CELL:014C109F]", 
    "Record Header": {
        "Signature": "REFR", 
        "Data Size": 58, 
        "Record Flags": {
            "Visible when distant": true
        }, 
        "FormID": "018414DA", 
        "Version Control Info": "00 00 00 00"
    }, 
    "NAME - Base": "0terrainUrockUbcU18 [STAT:010C08FA]", 
    "XLOD - Distant LOD Data": {
        "Unknown #0": 0.000000000000000, 
        "Unknown #1": 0.000000000000000, 
        "Unknown #2": 1.000000000000000
    }, 
    "DATA - Position/Rotation": {
        "Position": {
            "X": -26078.140625000000000, 
            "Y": -60348.796875000000000, 
            "Z": 246.052475000000000
        }, 
        "Rotation": {
            "X": 337.081700000000000, 
            "Y": 22.918300000000000, 
            "Z": 85.911300000000000
        }
    }
}
