{
    "Cell": " [CELL:014C08E7]", 
    "Record Header": {
        "Signature": "REFR", 
        "Data Size": 68, 
        "Record Flags": {
            "Visible when distant": true
        }, 
        "FormID": "018576D6", 
        "Version Control Info": "00 00 00 00"
    }, 
    "NAME - Base": "0terrainUrockUmaU57 [STAT:010C0870]", 
    "XLOD - Distant LOD Data": {
        "Unknown #0": 0.000000000000000, 
        "Unknown #1": 0.000000000000000, 
        "Unknown #2": 1.000000000000000
    }, 
    "XSCL - Scale": 1.440000000000000, 
    "DATA - Position/Rotation": {
        "Position": {
            "X": 63603.824219000000000, 
            "Y": -9324.154297000000000, 
            "Z": 1255.275635000000000
        }, 
        "Rotation": {
            "X": 0.000000000000000, 
            "Y": 0.000000000000000, 
            "Z": 204.338000000000000
        }
    }
}
