{
    "Cell": "TelSMoraVSTheSCovenant [CELL:014803AA]", 
    "Record Header": {
        "Signature": "REFR", 
        "Data Size": 84, 
        "Record Flags": {
            "Quest item / Persistent reference / Show in Menu": true
        }, 
        "FormID": "01858678", 
        "Version Control Info": "00 00 00 00"
    }, 
    "NAME - Base": "0inUtUlUdoorU01 [DOOR:0120002B]", 
    "XTEL - Teleport Destination": {
        "Door": "[REFR:01827C76]", 
        "Position/Rotation": {
            "Position": {
                "X": 108527.968750000000000, 
                "Y": 116036.757812000000000, 
                "Z": 638.632996000000000
            }, 
            "Rotation": {
                "X": 0.000000000000000, 
                "Y": 0.000000000000000, 
                "Z": 194.800000000000000
            }
        }
    }, 
    "XSCL - Scale": 0.820000000000000, 
    "DATA - Position/Rotation": {
        "Position": {
            "X": -392.000000000000000, 
            "Y": 77.610001000000000, 
            "Z": 80.233002000000000
        }, 
        "Rotation": {
            "X": 0.000000000000000, 
            "Y": 0.000000000000000, 
            "Z": 91.700000000000000
        }
    }
}
