{
    "Cell": " [CELL:014C10A3]", 
    "Record Header": {
        "Signature": "REFR", 
        "Data Size": 68, 
        "Record Flags": {
            "Visible when distant": true
        }, 
        "FormID": "0183CDAC", 
        "Version Control Info": "00 00 00 00"
    }, 
    "NAME - Base": "0terrainUrockUbcU18 [STAT:010C08FA]", 
    "XLOD - Distant LOD Data": {
        "Unknown #0": 0.000000000000000, 
        "Unknown #1": 0.000000000000000, 
        "Unknown #2": 1.000000000000000
    }, 
    "XSCL - Scale": 0.920000000000000, 
    "DATA - Position/Rotation": {
        "Position": {
            "X": -26905.330078000000000, 
            "Y": -68401.640625000000000, 
            "Z": 39.145195000000000
        }, 
        "Rotation": {
            "X": 0.000000000000000, 
            "Y": 5.729600000000000, 
            "Z": 75.447800000000000
        }
    }
}
