{
    "Cell": "SadrithSMoraVSWolverineSHallXSFighterAsSGuild [CELL:0148032A]", 
    "Record Header": {
        "Signature": "REFR", 
        "Data Size": 74, 
        "Record Flags": {
            "Quest item / Persistent reference / Show in Menu": true
        }, 
        "FormID": "018750FA", 
        "Version Control Info": "00 00 00 00"
    }, 
    "NAME - Base": "0inUimpsmallUloaddoorU01 [DOOR:01200022]", 
    "XTEL - Teleport Destination": {
        "Door": "[REFR:01858304]", 
        "Position/Rotation": {
            "Position": {
                "X": 2560.000000000000000, 
                "Y": 4064.000000000000000, 
                "Z": 13924.000000000000000
            }, 
            "Rotation": {
                "X": 0.000000000000000, 
                "Y": 0.000000000000000, 
                "Z": 180.000000000000000
            }
        }
    }, 
    "DATA - Position/Rotation": {
        "Position": {
            "X": 288.000000000000000, 
            "Y": -544.000000000000000, 
            "Z": 128.000000000000000
        }, 
        "Rotation": {
            "X": 0.000000000000000, 
            "Y": 0.000000000000000, 
            "Z": 270.000000000000000
        }
    }
}
