{
    "Cell": "SetusSEggSMine [CELL:0148034A]", 
    "Record Header": {
        "Signature": "REFR", 
        "Data Size": 84, 
        "Record Flags": {
            "Quest item / Persistent reference / Show in Menu": true
        }, 
        "FormID": "0180A66A", 
        "Version Control Info": "00 00 00 00"
    }, 
    "NAME - Base": "0doorUcavernUdoors10 [DOOR:01200013]", 
    "XTEL - Teleport Destination": {
        "Door": "[REFR:0181143C]", 
        "Position/Rotation": {
            "Position": {
                "X": 83285.671875000000000, 
                "Y": 157994.828125000000000, 
                "Z": 240.053986000000000
            }, 
            "Rotation": {
                "X": 0.000000000000000, 
                "Y": 0.000000000000000, 
                "Z": 136.500000000000000
            }
        }
    }, 
    "XSCL - Scale": 1.040000000000000, 
    "DATA - Position/Rotation": {
        "Position": {
            "X": 5312.002930000000000, 
            "Y": 2112.000977000000000, 
            "Z": 96.480522000000000
        }, 
        "Rotation": {
            "X": 0.000000000000000, 
            "Y": 0.000000000000000, 
            "Z": 90.000000000000000
        }
    }
}
