{
    "Cell": " [CELL:014C0B49]", 
    "Record Header": {
        "Signature": "REFR", 
        "Data Size": 68, 
        "Record Flags": {
            "Visible when distant": true
        }, 
        "FormID": "0184DC1B", 
        "Version Control Info": "00 00 00 00"
    }, 
    "NAME - Base": "0ExUTUmenhirULU01 [STAT:010C0429]", 
    "XLOD - Distant LOD Data": {
        "Unknown #0": 0.000000000000000, 
        "Unknown #1": 0.000000000000000, 
        "Unknown #2": 1.000000000000000
    }, 
    "XSCL - Scale": 1.620000000000000, 
    "DATA - Position/Rotation": {
        "Position": {
            "X": 31053.154297000000000, 
            "Y": 198067.390625000000000, 
            "Z": 310.758575000000000
        }, 
        "Rotation": {
            "X": 5.700000000000000, 
            "Y": 0.000000000000000, 
            "Z": 142.273200000000000
        }
    }
}
