{
    "Cell": " [CELL:014C0DAF]", 
    "Record Header": {
        "Signature": "REFR", 
        "Data Size": 58, 
        "Record Flags": {
            "Visible when distant": true
        }, 
        "FormID": "0183C9D9", 
        "Version Control Info": "00 00 00 00"
    }, 
    "NAME - Base": "0exUggUfenceU04 [STAT:0100166A]", 
    "XLOD - Distant LOD Data": {
        "Unknown #0": 0.000000000000000, 
        "Unknown #1": 0.000000000000000, 
        "Unknown #2": 1.000000000000000
    }, 
    "DATA - Position/Rotation": {
        "Position": {
            "X": 6599.830078000000000, 
            "Y": 47068.519531000000000, 
            "Z": 5888.000000000000000
        }, 
        "Rotation": {
            "X": 0.000000000000000, 
            "Y": 0.000000000000000, 
            "Z": 103.100000000000000
        }
    }
}
