{
    "Cell": "DesolateSShipwreckVSUpperSLevel [CELL:01480184]", 
    "Record Header": {
        "Signature": "REFR", 
        "Data Size": 74, 
        "Record Flags": {
            "Quest item / Persistent reference / Show in Menu": true
        }, 
        "FormID": "0184DA1D", 
        "Version Control Info": "00 00 00 00"
    }, 
    "NAME - Base": "0inUdeUshipdoorUtoplevel [DOOR:0120006F]", 
    "XTEL - Teleport Destination": {
        "Door": "[REFR:0184DA03]", 
        "Position/Rotation": {
            "Position": {
                "X": 1859.541992000000000, 
                "Y": 3629.099854000000000, 
                "Z": -849.087463000000000
            }, 
            "Rotation": {
                "X": 0.000000000000000, 
                "Y": 90.000000000000000, 
                "Z": 0.000000000000000
            }
        }
    }, 
    "DATA - Position/Rotation": {
        "Position": {
            "X": 3955.437988000000000, 
            "Y": 3104.259033000000000, 
            "Z": -435.938995000000000
        }, 
        "Rotation": {
            "X": 354.000000000000000, 
            "Y": 280.000000000000000, 
            "Z": 188.000000000000000
        }
    }
}
