{
    "Cell": "SolstheimVSFrossel [CELL:01480567]", 
    "Record Header": {
        "Signature": "REFR", 
        "Data Size": 74, 
        "Record Flags": {
            "Quest item / Persistent reference / Show in Menu": true
        }, 
        "FormID": "01F08E6F", 
        "Version Control Info": "00 00 00 00"
    }, 
    "NAME - Base": "0BMUKAUdoorUdarkU02 [DOOR:01200106]", 
    "XTEL - Teleport Destination": {
        "Door": "[REFR:01F033E3]", 
        "Position/Rotation": {
            "Position": {
                "X": -146021.437500000000000, 
                "Y": 207444.718750000000000, 
                "Z": 590.392517000000000
            }, 
            "Rotation": {
                "X": 0.000000000000000, 
                "Y": 0.000000000000000, 
                "Z": 97.402800000000000
            }
        }
    }, 
    "DATA - Position/Rotation": {
        "Position": {
            "X": 7752.777344000000000, 
            "Y": 4461.043457000000000, 
            "Z": 13017.498047000000000
        }, 
        "Rotation": {
            "X": 0.000000000000000, 
            "Y": 0.000000000000000, 
            "Z": 51.566200000000000
        }
    }
}
