{
    "Cell": " [CELL:01380031]", 
    "Record Header": {
        "Signature": "REFR", 
        "Data Size": 84, 
        "Record Flags": {
            "Quest item / Persistent reference / Show in Menu": true
        }, 
        "FormID": "01F04260", 
        "Version Control Info": "00 00 00 00"
    }, 
    "NAME - Base": "0EXUMHUdoorU02 [DOOR:012000A5]", 
    "XTEL - Teleport Destination": {
        "Door": "[REFR:01F03DFC]", 
        "Position/Rotation": {
            "Position": {
                "X": -2.596434000000000, 
                "Y": 11.138306000000000, 
                "Z": -356.351135000000000
            }, 
            "Rotation": {
                "X": 0.000000000000000, 
                "Y": 0.000000000000000, 
                "Z": 0.000000000000000
            }
        }
    }, 
    "XSCL - Scale": 1.020000000000000, 
    "DATA - Position/Rotation": {
        "Position": {
            "X": 2057.007324000000000, 
            "Y": 1546.512451000000000, 
            "Z": 197.416000000000000
        }, 
        "Rotation": {
            "X": 0.000000000000000, 
            "Y": 0.000000000000000, 
            "Z": 342.811300000000000
        }
    }
}
