{
    "Cell": " [CELL:01380031]", 
    "Record Header": {
        "Signature": "REFR", 
        "Data Size": 84, 
        "Record Flags": {
            "Quest item / Persistent reference / Show in Menu": true
        }, 
        "FormID": "01F0425F", 
        "Version Control Info": "00 00 00 00"
    }, 
    "NAME - Base": "0EXUMHUdoorU02 [DOOR:012000A5]", 
    "XTEL - Teleport Destination": {
        "Door": "[REFR:01F045B5]", 
        "Position/Rotation": {
            "Position": {
                "X": -16.601027000000000, 
                "Y": 11.382107000000000, 
                "Z": -98.372742000000000
            }, 
            "Rotation": {
                "X": 0.000000000000000, 
                "Y": 0.000000000000000, 
                "Z": 0.000000000000000
            }
        }
    }, 
    "XSCL - Scale": 1.020000000000000, 
    "DATA - Position/Rotation": {
        "Position": {
            "X": 1138.337036000000000, 
            "Y": 1294.003052000000000, 
            "Z": 194.856537000000000
        }, 
        "Rotation": {
            "X": 0.000000000000000, 
            "Y": 0.000000000000000, 
            "Z": 342.811300000000000
        }
    }
}
