{
    "Cell": " [CELL:01380031]", 
    "Record Header": {
        "Signature": "REFR", 
        "Data Size": 74, 
        "Record Flags": {
            "Quest item / Persistent reference / Show in Menu": true
        }, 
        "FormID": "01F04265", 
        "Version Control Info": "00 00 00 00"
    }, 
    "NAME - Base": "0ExUMHUPavUGateUDoor [DOOR:012000B1]", 
    "XTEL - Teleport Destination": {
        "Door": "[REFR:01F0475E]", 
        "Position/Rotation": {
            "Position": {
                "X": 3064.000000000000000, 
                "Y": 1600.000000000000000, 
                "Z": 204.000000000000000
            }, 
            "Rotation": {
                "X": 0.000000000000000, 
                "Y": 0.000000000000000, 
                "Z": 225.000000000000000
            }
        }
    }, 
    "DATA - Position/Rotation": {
        "Position": {
            "X": -538.860474000000000, 
            "Y": -2662.325439000000000, 
            "Z": 436.051514000000000
        }, 
        "Rotation": {
            "X": 0.000000000000000, 
            "Y": 0.000000000000000, 
            "Z": 195.000000000000000
        }
    }
}
