{
    "Cell": " [CELL:014C1245]", 
    "Record Header": {
        "Signature": "REFR", 
        "Data Size": 58, 
        "Record Flags": {
            "Visible when distant": true
        }, 
        "FormID": "0180ABED", 
        "Version Control Info": "00 00 00 00"
    }, 
    "NAME - Base": "0terrainUrockUwgU12 [STAT:010C0491]", 
    "XLOD - Distant LOD Data": {
        "Unknown #0": 0.000000000000000, 
        "Unknown #1": 0.000000000000000, 
        "Unknown #2": 1.000000000000000
    }, 
    "DATA - Position/Rotation": {
        "Position": {
            "X": -53236.089844000000000, 
            "Y": 60533.726562000000000, 
            "Z": 1542.796265000000000
        }, 
        "Rotation": {
            "X": 11.459200000000000, 
            "Y": 34.377500000000000, 
            "Z": 126.050700000000000
        }
    }
}
