{
    "Cell": "CalderaVSShenkAsSShovel [CELL:01480158]", 
    "Record Header": {
        "Signature": "REFR", 
        "Data Size": 84, 
        "Record Flags": {
            "Quest item / Persistent reference / Show in Menu": true
        }, 
        "FormID": "018283E6", 
        "Version Control Info": "00 00 00 00"
    }, 
    "NAME - Base": "0exUcommonUdoorU01 [DOOR:01200009]", 
    "XTEL - Teleport Destination": {
        "Door": "[REFR:0182067E]", 
        "Position/Rotation": {
            "Position": {
                "X": -10579.063477000000000, 
                "Y": 17992.144531000000000, 
                "Z": 1308.121948000000000
            }, 
            "Rotation": {
                "X": 0.000000000000000, 
                "Y": 0.000000000000000, 
                "Z": 90.000000000000000
            }
        }
    }, 
    "XSCL - Scale": 1.030000000000000, 
    "DATA - Position/Rotation": {
        "Position": {
            "X": -112.000000000000000, 
            "Y": 0.000000000000000, 
            "Z": 225.735001000000000
        }, 
        "Rotation": {
            "X": 0.000000000000000, 
            "Y": 0.000000000000000, 
            "Z": 270.000000000000000
        }
    }
}
