{
    "Cell": " [CELL:014C109B]", 
    "Record Header": {
        "Signature": "REFR", 
        "Data Size": 68, 
        "Record Flags": {
            "Visible when distant": true
        }, 
        "FormID": "0184453F", 
        "Version Control Info": "00 00 00 00"
    }, 
    "NAME - Base": "0terrainUrockUrmU15 [STAT:010C04EB]", 
    "XLOD - Distant LOD Data": {
        "Unknown #0": 0.000000000000000, 
        "Unknown #1": 0.000000000000000, 
        "Unknown #2": 1.000000000000000
    }, 
    "XSCL - Scale": 1.680000000000000, 
    "DATA - Position/Rotation": {
        "Position": {
            "X": -27826.382812000000000, 
            "Y": -50947.566406000000000, 
            "Z": 1644.198242000000000
        }, 
        "Rotation": {
            "X": 0.000000000000000, 
            "Y": 0.000000000000000, 
            "Z": 126.050600000000000
        }
    }
}
