{
    "Cell": "AndavelSAncestralSTomb [CELL:014800CE]", 
    "Record Header": {
        "Signature": "REFR", 
        "Data Size": 84, 
        "Record Flags": {
            "Quest item / Persistent reference / Show in Menu": true
        }, 
        "FormID": "0182A2ED", 
        "Version Control Info": "00 00 00 00"
    }, 
    "NAME - Base": "0inUvelothismallUndoorU01 [DOOR:01200043]", 
    "XTEL - Teleport Destination": {
        "Door": "[REFR:0182DC3F]", 
        "Position/Rotation": {
            "Position": {
                "X": -14257.003906000000000, 
                "Y": 174980.578125000000000, 
                "Z": 101.878006000000000
            }, 
            "Rotation": {
                "X": 0.000000000000000, 
                "Y": 0.000000000000000, 
                "Z": 56.300000000000000
            }
        }
    }, 
    "XSCL - Scale": 1.020000000000000, 
    "DATA - Position/Rotation": {
        "Position": {
            "X": -5272.000000000000000, 
            "Y": -516.000000000000000, 
            "Z": 2048.000000000000000
        }, 
        "Rotation": {
            "X": 0.000000000000000, 
            "Y": 0.000000000000000, 
            "Z": 270.000000000000000
        }
    }
}
