{
    "Cell": " [CELL:014C1247]", 
    "Record Header": {
        "Signature": "REFR", 
        "Data Size": 58, 
        "Record Flags": {
            "Visible when distant": true
        }, 
        "FormID": "0180AC15", 
        "Version Control Info": "00 00 00 00"
    }, 
    "NAME - Base": "0terrainUrockUwgU11 [STAT:010C0490]", 
    "XLOD - Distant LOD Data": {
        "Unknown #0": 0.000000000000000, 
        "Unknown #1": 0.000000000000000, 
        "Unknown #2": 1.000000000000000
    }, 
    "DATA - Position/Rotation": {
        "Position": {
            "X": -50135.335938000000000, 
            "Y": 61815.507812000000000, 
            "Z": 1173.570679000000000
        }, 
        "Rotation": {
            "X": 348.540900000000000, 
            "Y": 354.270400000000000, 
            "Z": 57.295800000000000
        }
    }
}
