{
    "Cell": " [CELL:014C1247]", 
    "Record Header": {
        "Signature": "REFR", 
        "Data Size": 58, 
        "Record Flags": {
            "Visible when distant": true
        }, 
        "FormID": "0180AC09", 
        "Version Control Info": "00 00 00 00"
    }, 
    "NAME - Base": "0terrainUrockUwgU13 [STAT:010C0492]", 
    "XLOD - Distant LOD Data": {
        "Unknown #0": 0.000000000000000, 
        "Unknown #1": 0.000000000000000, 
        "Unknown #2": 1.000000000000000
    }, 
    "DATA - Position/Rotation": {
        "Position": {
            "X": -52312.824219000000000, 
            "Y": 64581.890625000000000, 
            "Z": 1110.146973000000000
        }, 
        "Rotation": {
            "X": 11.459200000000000, 
            "Y": 11.459200000000000, 
            "Z": 314.163400000000000
        }
    }
}
