{
    "Cell": "BamzTAmschendVSPassageSofStheSWalker [CELL:014804C4]", 
    "Record Header": {
        "Signature": "REFR", 
        "Data Size": 74, 
        "Record Flags": {
            "Quest item / Persistent reference / Show in Menu": true
        }, 
        "FormID": "01F037D8", 
        "Version Control Info": "00 00 00 00"
    }, 
    "NAME - Base": "0doorUloadUdarkness00 [DOOR:012000B0]", 
    "XTEL - Teleport Destination": {
        "Door": "[REFR:01F038DD]", 
        "Position/Rotation": {
            "Position": {
                "X": -2558.721191000000000, 
                "Y": 9868.208984000000000, 
                "Z": 13324.374023000000000
            }, 
            "Rotation": {
                "X": 0.000000000000000, 
                "Y": 0.000000000000000, 
                "Z": 90.000000000000000
            }
        }
    }, 
    "DATA - Position/Rotation": {
        "Position": {
            "X": 6418.005371000000000, 
            "Y": 6738.017578000000000, 
            "Z": 12723.141602000000000
        }, 
        "Rotation": {
            "X": 270.000000000000000, 
            "Y": 90.000000000000000, 
            "Z": 0.000000000000000
        }
    }
}
