{
    "Cell": "BamzTAmschendVSPassageSofStheSWalker [CELL:014804C4]", 
    "Record Header": {
        "Signature": "REFR", 
        "Data Size": 74, 
        "Record Flags": {
            "Quest item / Persistent reference / Show in Menu": true
        }, 
        "FormID": "01F037D9", 
        "Version Control Info": "00 00 00 00"
    }, 
    "NAME - Base": "0doorUloadUdarkness00 [DOOR:012000B0]", 
    "XTEL - Teleport Destination": {
        "Door": "[REFR:01F05348]", 
        "Position/Rotation": {
            "Position": {
                "X": 4145.184570000000000, 
                "Y": -3769.061768000000000, 
                "Z": -159.428314000000000
            }, 
            "Rotation": {
                "X": 0.000000000000000, 
                "Y": 0.000000000000000, 
                "Z": 0.000000000000000
            }
        }
    }, 
    "DATA - Position/Rotation": {
        "Position": {
            "X": 3755.105713000000000, 
            "Y": 6241.947266000000000, 
            "Z": 12342.609375000000000
        }, 
        "Rotation": {
            "X": 270.000000000000000, 
            "Y": 0.000000000000000, 
            "Z": 0.000000000000000
        }
    }
}
