{
    "Cell": " [CELL:014C0A4D]", 
    "Record Header": {
        "Signature": "REFR", 
        "Data Size": 68, 
        "Record Flags": {
            "Visible when distant": true
        }, 
        "FormID": "01827D25", 
        "Version Control Info": "00 00 00 00"
    }, 
    "NAME - Base": "0terrainUrockUmaU57 [STAT:010C0870]", 
    "XLOD - Distant LOD Data": {
        "Unknown #0": 0.000000000000000, 
        "Unknown #1": 0.000000000000000, 
        "Unknown #2": 1.000000000000000
    }, 
    "XSCL - Scale": 1.710000000000000, 
    "DATA - Position/Rotation": {
        "Position": {
            "X": 45195.593750000000000, 
            "Y": -7234.031250000000000, 
            "Z": 1855.707397000000000
        }, 
        "Rotation": {
            "X": 0.000000000000000, 
            "Y": 28.600000000000000, 
            "Z": 285.493000000000000
        }
    }
}
