{
    "Cell": "KoalSCaveSEntrance01 [CELL:014C1461]", 
    "Record Header": {
        "Signature": "REFR", 
        "Data Size": 68, 
        "Record Flags": {
            "Visible when distant": true
        }, 
        "FormID": "01809C27", 
        "Version Control Info": "00 00 00 00"
    }, 
    "NAME - Base": "0terrainUrockUwgU08 [STAT:010C048D]", 
    "XLOD - Distant LOD Data": {
        "Unknown #0": 0.000000000000000, 
        "Unknown #1": 0.000000000000000, 
        "Unknown #2": 1.000000000000000
    }, 
    "XSCL - Scale": 1.390000000000000, 
    "DATA - Position/Rotation": {
        "Position": {
            "X": -82532.273438000000000, 
            "Y": 73884.734375000000000, 
            "Z": 565.994629000000000
        }, 
        "Rotation": {
            "X": 342.811300000000000, 
            "Y": 348.540900000000000, 
            "Z": 5.729600000000000
        }
    }
}
