{
    "Cell": "LonelySShipwreckVSUpperSLevel [CELL:01480255]", 
    "Record Header": {
        "Signature": "REFR", 
        "Data Size": 84, 
        "Record Flags": {
            "Quest item / Persistent reference / Show in Menu": true
        }, 
        "FormID": "0184DA35", 
        "Version Control Info": "00 00 00 00"
    }, 
    "NAME - Base": "0exUdeUshipUtrapdoor [DOOR:01200049]", 
    "XTEL - Teleport Destination": {
        "Door": "[REFR:0183704D]", 
        "Position/Rotation": {
            "Position": {
                "X": 154895.062500000000000, 
                "Y": -7126.799805000000000, 
                "Z": -2.761002000000000
            }, 
            "Rotation": {
                "X": 0.000000000000000, 
                "Y": 0.000000000000000, 
                "Z": 143.200000000000000
            }
        }
    }, 
    "XSCL - Scale": 0.990000000000000, 
    "DATA - Position/Rotation": {
        "Position": {
            "X": 3520.193359000000000, 
            "Y": 4307.562988000000000, 
            "Z": 40.518761000000000
        }, 
        "Rotation": {
            "X": 135.000000000000000, 
            "Y": 0.000000000000000, 
            "Z": 42.470400000000000
        }
    }
}
