{
    "Cell": "FiremothVSKeep [CELL:0148058F]", 
    "Record Header": {
        "Signature": "REFR", 
        "Data Size": 74, 
        "Record Flags": {
            "Quest item / Persistent reference / Show in Menu": true
        }, 
        "FormID": "01F0A515", 
        "Version Control Info": "00 00 00 00"
    }, 
    "NAME - Base": "0inUimpsmallUdoorU01 [DOOR:01200002]", 
    "XTEL - Teleport Destination": {
        "Door": "fbmwFiremothDoor3REF [REFR:01005355]", 
        "Position/Rotation": {
            "Position": {
                "X": -63187.531250000000000, 
                "Y": -86488.195312000000000, 
                "Z": 1092.184692000000000
            }, 
            "Rotation": {
                "X": 0.000000000000000, 
                "Y": 0.000000000000000, 
                "Z": 90.000000000000000
            }
        }
    }, 
    "DATA - Position/Rotation": {
        "Position": {
            "X": 452.486145000000000, 
            "Y": -1025.025513000000000, 
            "Z": -159.952927000000000
        }, 
        "Rotation": {
            "X": 0.000000000000000, 
            "Y": 0.000000000000000, 
            "Z": 270.000000000000000
        }
    }
}
