{
    "Cell": "FiremothVSKeep [CELL:0148058F]", 
    "Record Header": {
        "Signature": "REFR", 
        "Data Size": 74, 
        "Record Flags": {
            "Quest item / Persistent reference / Show in Menu": true
        }, 
        "FormID": "01F0A516", 
        "Version Control Info": "00 00 00 00"
    }, 
    "NAME - Base": "0inUimpsmallUdoorU01 [DOOR:01200002]", 
    "XTEL - Teleport Destination": {
        "Door": "fbmwFiremothDoor2REF [REFR:01005354]", 
        "Position/Rotation": {
            "Position": {
                "X": -63197.222656000000000, 
                "Y": -86716.054688000000000, 
                "Z": 1101.439819000000000
            }, 
            "Rotation": {
                "X": 0.000000000000000, 
                "Y": 0.000000000000000, 
                "Z": 90.000100000000000
            }
        }
    }, 
    "DATA - Position/Rotation": {
        "Position": {
            "X": 196.716339000000000, 
            "Y": -1025.259644000000000, 
            "Z": -159.905121000000000
        }, 
        "Rotation": {
            "X": 0.000000000000000, 
            "Y": 0.000000000000000, 
            "Z": 270.000000000000000
        }
    }
}
