{
    "Cell": " [CELL:014C0DD2]", 
    "Record Header": {
        "Signature": "REFR", 
        "Data Size": 68, 
        "Record Flags": {
            "Visible when distant": true
        }, 
        "FormID": "01857CB3", 
        "Version Control Info": "00 00 00 00"
    }, 
    "NAME - Base": "0terrainUrockUrmU23 [STAT:010C04F2]", 
    "XLOD - Distant LOD Data": {
        "Unknown #0": 0.000000000000000, 
        "Unknown #1": 0.000000000000000, 
        "Unknown #2": 1.000000000000000
    }, 
    "XSCL - Scale": 1.410000000000000, 
    "DATA - Position/Rotation": {
        "Position": {
            "X": 1325.091064000000000, 
            "Y": -25489.669922000000000, 
            "Z": 1623.658936000000000
        }, 
        "Rotation": {
            "X": 0.000000000000000, 
            "Y": 0.000000000000000, 
            "Z": 11.459200000000000
        }
    }
}
