{
    "Cell": " [CELL:014C0EA2]", 
    "Record Header": {
        "Signature": "REFR", 
        "Data Size": 68, 
        "Record Flags": {
            "Visible when distant": true
        }, 
        "FormID": "0183D7F4", 
        "Version Control Info": "00 00 00 00"
    }, 
    "NAME - Base": "0terrainUrockUbcU18 [STAT:010C08FA]", 
    "XLOD - Distant LOD Data": {
        "Unknown #0": 0.000000000000000, 
        "Unknown #1": 0.000000000000000, 
        "Unknown #2": 1.000000000000000
    }, 
    "XSCL - Scale": 2.000000000000000, 
    "DATA - Position/Rotation": {
        "Position": {
            "X": -7036.968262000000000, 
            "Y": -82286.500000000000000, 
            "Z": 222.711899000000000
        }, 
        "Rotation": {
            "X": 342.811300000000000, 
            "Y": 5.729500000000000, 
            "Z": 6.692900000000000
        }
    }
}
