{
    "Cell": " [CELL:014C0EA2]", 
    "Record Header": {
        "Signature": "REFR", 
        "Data Size": 68, 
        "Record Flags": {
            "Visible when distant": true
        }, 
        "FormID": "0183D79E", 
        "Version Control Info": "00 00 00 00"
    }, 
    "NAME - Base": "0terrainUrockUbcU18 [STAT:010C08FA]", 
    "XLOD - Distant LOD Data": {
        "Unknown #0": 0.000000000000000, 
        "Unknown #1": 0.000000000000000, 
        "Unknown #2": 1.000000000000000
    }, 
    "XSCL - Scale": 1.620000000000000, 
    "DATA - Position/Rotation": {
        "Position": {
            "X": -4529.788086000000000, 
            "Y": -85974.015625000000000, 
            "Z": 526.273743000000000
        }, 
        "Rotation": {
            "X": 5.729600000000000, 
            "Y": 0.000000000000000, 
            "Z": 185.273200000000000
        }
    }
}
