{
    "Cell": " [CELL:014C0EA2]", 
    "Record Header": {
        "Signature": "REFR", 
        "Data Size": 68, 
        "Record Flags": {
            "Visible when distant": true
        }, 
        "FormID": "0183D79C", 
        "Version Control Info": "00 00 00 00"
    }, 
    "NAME - Base": "0terrainUrockUbcU18 [STAT:010C08FA]", 
    "XLOD - Distant LOD Data": {
        "Unknown #0": 0.000000000000000, 
        "Unknown #1": 0.000000000000000, 
        "Unknown #2": 1.000000000000000
    }, 
    "XSCL - Scale": 2.000000000000000, 
    "DATA - Position/Rotation": {
        "Position": {
            "X": -5210.547852000000000, 
            "Y": -83770.382812000000000, 
            "Z": -157.419418000000000
        }, 
        "Rotation": {
            "X": 342.811300000000000, 
            "Y": 5.729500000000000, 
            "Z": 0.963300000000000
        }
    }
}
