{
    "Cell": " [CELL:014C0EA2]", 
    "Record Header": {
        "Signature": "REFR", 
        "Data Size": 68, 
        "Record Flags": {
            "Visible when distant": true
        }, 
        "FormID": "0183D7F5", 
        "Version Control Info": "00 00 00 00"
    }, 
    "NAME - Base": "0terrainUrockUbcU18 [STAT:010C08FA]", 
    "XLOD - Distant LOD Data": {
        "Unknown #0": 0.000000000000000, 
        "Unknown #1": 0.000000000000000, 
        "Unknown #2": 1.000000000000000
    }, 
    "XSCL - Scale": 2.000000000000000, 
    "DATA - Position/Rotation": {
        "Position": {
            "X": -7725.231445000000000, 
            "Y": -82523.273438000000000, 
            "Z": -24.409836000000000
        }, 
        "Rotation": {
            "X": 342.811300000000000, 
            "Y": 5.729500000000000, 
            "Z": 229.183100000000000
        }
    }
}
