{
    "Cell": "PreludeSShipwreckVSLowerSLevel [CELL:014802E9]", 
    "Record Header": {
        "Signature": "REFR", 
        "Data Size": 84, 
        "Record Flags": {
            "Quest item / Persistent reference / Show in Menu": true
        }, 
        "FormID": "0186459F", 
        "Version Control Info": "00 00 00 00"
    }, 
    "NAME - Base": "0InUDEULLshipdoorULarge [DOOR:0120007C]", 
    "XTEL - Teleport Destination": {
        "Door": "[REFR:018645AE]", 
        "Position/Rotation": {
            "Position": {
                "X": 4282.485352000000000, 
                "Y": 3669.213623000000000, 
                "Z": -25.476643000000000
            }, 
            "Rotation": {
                "X": 0.000000000000000, 
                "Y": 0.000000000000000, 
                "Z": 348.500000000000000
            }
        }
    }, 
    "XSCL - Scale": 1.030000000000000, 
    "DATA - Position/Rotation": {
        "Position": {
            "X": 3972.315918000000000, 
            "Y": 1827.284912000000000, 
            "Z": -6.447515000000000
        }, 
        "Rotation": {
            "X": 163.000000000000000, 
            "Y": 349.000000000000000, 
            "Z": 16.400000000000000
        }
    }
}
