{
    "Cell": "RavenSRockVSFactorAsSEstate [CELL:0148053A]", 
    "Record Header": {
        "Signature": "REFR", 
        "Data Size": 74, 
        "Record Flags": {
            "Quest item / Persistent reference / Show in Menu": true
        }, 
        "FormID": "01F07AE9", 
        "Version Control Info": "00 00 00 00"
    }, 
    "NAME - Base": "0ExUcolonyUdoor05UintUc [DOOR:0120010A]", 
    "XTEL - Teleport Destination": {
        "Door": "[REFR:01F00DEC]", 
        "Position/Rotation": {
            "Position": {
                "X": -193645.390625000000000, 
                "Y": 158856.953125000000000, 
                "Z": 901.747070000000000
            }, 
            "Rotation": {
                "X": 0.000000000000000, 
                "Y": 0.000000000000000, 
                "Z": 91.673200000000000
            }
        }
    }, 
    "DATA - Position/Rotation": {
        "Position": {
            "X": 511.179993000000000, 
            "Y": -22.653999000000000, 
            "Z": 0.174000000000000
        }, 
        "Rotation": {
            "X": 0.000000000000000, 
            "Y": 0.000000000000000, 
            "Z": 180.000000000000000
        }
    }
}
