{
    "Cell": " [CELL:014C016E]", 
    "Record Header": {
        "Signature": "REFR", 
        "Data Size": 68, 
        "Record Flags": {
            "Visible when distant": true
        }, 
        "FormID": "0186CBEE", 
        "Version Control Info": "00 00 00 00"
    }, 
    "NAME - Base": "0ExUTUmenhirULU01 [STAT:010C0429]", 
    "XLOD - Distant LOD Data": {
        "Unknown #0": 0.000000000000000, 
        "Unknown #1": 0.000000000000000, 
        "Unknown #2": 1.000000000000000
    }, 
    "XSCL - Scale": 2.000000000000000, 
    "DATA - Position/Rotation": {
        "Position": {
            "X": 156767.359375000000000, 
            "Y": 63564.031250000000000, 
            "Z": -1643.750854000000000
        }, 
        "Rotation": {
            "X": 0.000000000000000, 
            "Y": 0.000000000000000, 
            "Z": 146.078800000000000
        }
    }
}
