{
    "Cell": " [CELL:014C0A1D]", 
    "Record Header": {
        "Signature": "REFR", 
        "Data Size": 58, 
        "Record Flags": {
            "Visible when distant": true
        }, 
        "FormID": "0183C940", 
        "Version Control Info": "00 00 00 00"
    }, 
    "NAME - Base": "0exUggUpylonU01 [STAT:010C094F]", 
    "XLOD - Distant LOD Data": {
        "Unknown #0": 0.000000000000000, 
        "Unknown #1": 0.000000000000000, 
        "Unknown #2": 1.000000000000000
    }, 
    "DATA - Position/Rotation": {
        "Position": {
            "X": 45432.023438000000000, 
            "Y": 91645.468750000000000, 
            "Z": 11264.000000000000000
        }, 
        "Rotation": {
            "X": 0.000000000000000, 
            "Y": 0.000000000000000, 
            "Z": 249.236700000000000
        }
    }
}
