{
    "Cell": " [CELL:014C0A1D]", 
    "Record Header": {
        "Signature": "REFR", 
        "Data Size": 58, 
        "Record Flags": {
            "Visible when distant": true
        }, 
        "FormID": "0183C945", 
        "Version Control Info": "00 00 00 00"
    }, 
    "NAME - Base": "mwGGFence02 [ACTI:01F8EC4E]", 
    "XLOD - Distant LOD Data": {
        "Unknown #0": 0.000000000000000, 
        "Unknown #1": 0.000000000000000, 
        "Unknown #2": 1.000000000000000
    }, 
    "DATA - Position/Rotation": {
        "Position": {
            "X": 46090.234375000000000, 
            "Y": 90234.601562000000000, 
            "Z": 11008.000000000000000
        }, 
        "Rotation": {
            "X": 0.000000000000000, 
            "Y": 0.000000000000000, 
            "Z": 64.500000000000000
        }
    }
}
