{
    "Cell": " [CELL:014C0F47]", 
    "Record Header": {
        "Signature": "REFR", 
        "Data Size": 58, 
        "Record Flags": {
            "Visible when distant": true
        }, 
        "FormID": "01841003", 
        "Version Control Info": "00 00 00 00"
    }, 
    "NAME - Base": "0terrainUrockUbcU18 [STAT:010C08FA]", 
    "XLOD - Distant LOD Data": {
        "Unknown #0": 0.000000000000000, 
        "Unknown #1": 0.000000000000000, 
        "Unknown #2": 1.000000000000000
    }, 
    "DATA - Position/Rotation": {
        "Position": {
            "X": -12266.917969000000000, 
            "Y": -52263.722656000000000, 
            "Z": 985.325928000000000
        }, 
        "Rotation": {
            "X": 0.000000000000000, 
            "Y": 11.459200000000000, 
            "Z": 201.498600000000000
        }
    }
}
