{
    "Cell": "SeydaSNeenVSCensusSandSExciseSOffice [CELL:0148034C]", 
    "Record Header": {
        "Signature": "REFR", 
        "Data Size": 84, 
        "Record Flags": {
            "Quest item / Persistent reference / Show in Menu": true
        }, 
        "FormID": "0181D371", 
        "Version Control Info": "00 00 00 00"
    }, 
    "NAME - Base": "0chargenSdoorSexit [DOOR:0120006C]", 
    "XTEL - Teleport Destination": {
        "Door": "[REFR:0181BCC8]", 
        "Position/Rotation": {
            "Position": {
                "X": -10988.632812000000000, 
                "Y": -72356.257812000000000, 
                "Z": 181.460602000000000
            }, 
            "Rotation": {
                "X": 0.000000000000000, 
                "Y": 0.000000000000000, 
                "Z": 315.000000000000000
            }
        }
    }, 
    "XSCL - Scale": 1.200000000000000, 
    "DATA - Position/Rotation": {
        "Position": {
            "X": 800.078796000000000, 
            "Y": 908.517212000000000, 
            "Z": 302.657654000000000
        }, 
        "Rotation": {
            "X": 0.000000000000000, 
            "Y": 0.000000000000000, 
            "Z": 90.000000000000000
        }
    }
}
