{
    "Cell": " [CELL:014C11E2]", 
    "Record Header": {
        "Signature": "REFR", 
        "Data Size": 58, 
        "Record Flags": {
            "Visible when distant": true
        }, 
        "FormID": "0184167D", 
        "Version Control Info": "00 00 00 00"
    }, 
    "NAME - Base": "0terrainUrockUbcU18 [STAT:010C08FA]", 
    "XLOD - Distant LOD Data": {
        "Unknown #0": 0.000000000000000, 
        "Unknown #1": 0.000000000000000, 
        "Unknown #2": 1.000000000000000
    }, 
    "DATA - Position/Rotation": {
        "Position": {
            "X": -45719.109375000000000, 
            "Y": -51620.117187000000000, 
            "Z": -33.944740000000000
        }, 
        "Rotation": {
            "X": 5.729600000000000, 
            "Y": 11.459200000000000, 
            "Z": 86.907000000000000
        }
    }
}
