{
    "Cell": "AssalkushalitVSShrine [CELL:014800F8]", 
    "Record Header": {
        "Signature": "REFR", 
        "Data Size": 74, 
        "Record Flags": {
            "Quest item / Persistent reference / Show in Menu": true
        }, 
        "FormID": "01824B93", 
        "Version Control Info": "00 00 00 00"
    }, 
    "NAME - Base": "0exUdaeUdoorUloadUoval [DOOR:01200037]", 
    "XTEL - Teleport Destination": {
        "Door": "[REFR:01824716]", 
        "Position/Rotation": {
            "Position": {
                "X": 20509.572266000000000, 
                "Y": 93298.695312000000000, 
                "Z": 9292.210938000000000
            }, 
            "Rotation": {
                "X": 0.000000000000000, 
                "Y": 0.000000000000000, 
                "Z": 11.500000000000000
            }
        }
    }, 
    "DATA - Position/Rotation": {
        "Position": {
            "X": 256.000000000000000, 
            "Y": 4512.000000000000000, 
            "Z": -776.000000000000000
        }, 
        "Rotation": {
            "X": 0.000000000000000, 
            "Y": 0.000000000000000, 
            "Z": 0.000000000000000
        }
    }
}
