{
    "Cell": "AldTruhnVSGuardSTowerS2 [CELL:0148009E]", 
    "Record Header": {
        "Signature": "REFR", 
        "Data Size": 74, 
        "Record Flags": {
            "Quest item / Persistent reference / Show in Menu": true
        }, 
        "FormID": "01F8B58B", 
        "Version Control Info": "00 00 00 00"
    }, 
    "NAME - Base": "0inUcomUtraptopU01 [DOOR:0120001A]", 
    "XTEL - Teleport Destination": {
        "Door": "[REFR:01F8B58C]", 
        "Position/Rotation": {
            "Position": {
                "X": 516.818237000000000, 
                "Y": -17.903778000000000, 
                "Z": -962.054810000000000
            }, 
            "Rotation": {
                "X": 0.000000000000000, 
                "Y": 0.000000000000000, 
                "Z": 0.000000000000000
            }
        }
    }, 
    "DATA - Position/Rotation": {
        "Position": {
            "X": 273.768646000000000, 
            "Y": -172.985687000000000, 
            "Z": -634.896118000000000
        }, 
        "Rotation": {
            "X": 0.000000000000000, 
            "Y": 0.000000000000000, 
            "Z": 0.000000000000000
        }
    }
}
