{
    "Cell": "AldTruhnVSGuardSTowerS2 [CELL:0148009E]", 
    "Record Header": {
        "Signature": "REFR", 
        "Data Size": 74, 
        "Record Flags": {
            "Quest item / Persistent reference / Show in Menu": true
        }, 
        "FormID": "01F8B58E", 
        "Version Control Info": "00 00 00 00"
    }, 
    "NAME - Base": "0inUcomUtraptopU01 [DOOR:0120001A]", 
    "XTEL - Teleport Destination": {
        "Door": "[REFR:01F8B58D]", 
        "Position/Rotation": {
            "Position": {
                "X": 358.233124000000000, 
                "Y": 142.205215000000000, 
                "Z": -1677.253174000000000
            }, 
            "Rotation": {
                "X": 0.000000000000000, 
                "Y": 0.000000000000000, 
                "Z": 85.943700000000000
            }
        }
    }, 
    "DATA - Position/Rotation": {
        "Position": {
            "X": 356.433441000000000, 
            "Y": 138.392990000000000, 
            "Z": -1107.473755000000000
        }, 
        "Rotation": {
            "X": 0.000000000000000, 
            "Y": 0.000000000000000, 
            "Z": 0.000000000000000
        }
    }
}
